Player,Team,Comp,Season,position_group,Age,Annual_Wages_EUR,predicted_wage_EUR,annual_salary_discount_EUR,contract_value_saving_4yr_EUR,efficiency_score,efficiency_pct,scouting_value_score
Pablo Torre,Barcelona,La Liga,2024-2025,Midfielders,21,210000,4479210.219308452,4269210.219308452,17076840.877233807,-3.06009448881766,-95.31167349335924,2.0094
Ibrahim Mbaye,Paris Saint-Germain,Ligue 1,2024-2025,Forwards,16,120000,763675.1286828337,643675.1286828337,2574700.514731335,-1.850650731713884,-84.28651196131362,1.7885
Niccolò Pisilli,Roma,Serie A,2024-2025,Midfielders,19,170000,1053585.1780265335,883585.1780265335,3534340.712106134,-1.82415564534756,-83.8646173517336,1.5453
Toby Collyer,Manchester Utd,Premier League,2024-2025,Midfielders,20,308034,2160395.741902485,1852361.741902485,7409446.96760994,-1.947836531248868,-85.74177897014647,1.5186
Seydouba Cissé,Leganés,La Liga,2024-2025,Midfielders,23,30000,305619.78351742635,275619.78351742635,1102479.1340697054,-2.321144410175677,-90.18388153583342,1.5076
Marc Casado,Barcelona,La Liga,2024-2025,Midfielders,20,520000,3598280.7021896555,3078280.7021896555,12313122.808758622,-1.9343826160646795,-85.54865384227624,1.491
Marc Bernal,Barcelona,La Liga,2024-2025,Midfielders,17,320000,1328572.3485008203,1008572.3485008203,4034289.3940032814,-1.4235392267119948,-75.91399517225447,1.4803
Julien Duranville,Dortmund,Bundesliga,2024-2025,Midfielders,18,240000,1042433.0026386913,802433.0026386913,3209732.0105547654,-1.468673762211802,-76.9769376648195,1.4357
Pau Victor,Barcelona,La Liga,2024-2025,Forwards,22,380000,2833588.880479603,2453588.880479603,9814355.521918412,-2.009128090133162,-86.58944483380094,1.3922
Almugera Kabar,Dortmund,Bundesliga,2024-2025,Defenders,18,180000,702630.258289462,522630.25828946196,2090521.0331578478,-1.361873954181947,-74.38197432057565,1.3882
Marco Carnesecchi,Atalanta,Serie A,2024-2025,Goalkeepers,24,190000,1643385.6272518828,1453385.6272518828,5813542.509007531,-2.157489727558966,-88.43850178258384,1.335
Tom Bischof,Hoffenheim,Bundesliga,2024-2025,Midfielders,19,140000,565554.3315129932,425554.3315129932,1702217.3260519728,-1.3961639452778307,-75.2455259912047,1.3343
César Tárrega,Valencia,La Liga,2024-2025,Defenders,22,200000,1281845.0721444166,1081845.0721444166,4327380.2885776665,-1.8577384150685088,-84.3974904342054,1.3342
Mahamadou Nagida,Rennes,Ligue 1,2024-2025,Midfielders,19,120000,479099.14003552886,359099.14003552886,1436396.5601421155,-1.384415806147226,-74.95299198593825,1.3304
Manu Bueno,Sevilla,La Liga,2024-2025,Midfielders,20,180000,843245.5247492854,663245.5247492854,2652982.0989971417,-1.5443013158916443,-78.65390390853035,1.3294
Pablo Durán,Celta Vigo,La Liga,2024-2025,Forwards,23,140000,1001017.4828804121,861017.4828804121,3444069.9315216485,-1.9671298219683937,-86.0142302812582,1.3198
Nicolò Savona,Juventus,Serie A,2024-2025,Defenders,21,370000,2024619.8410018843,1654619.8410018843,6618479.364007537,-1.69963422343978,-81.72496423738964,1.3134
Þórir Jóhann Helgason,Lecce,Serie A,2024-2025,Midfielders,23,60000,414292.44229116646,354292.44229116646,1417169.7691646658,-1.9322275445784456,-85.51747657568137,1.3102
Yoram Zague,Paris Saint-Germain,Ligue 1,2024-2025,Defenders,18,450000,1539798.2341520379,1089798.2341520379,4359192.9366081515,-1.230159087275469,-70.77539186503783,1.2958
Andy Irving,West Ham United,Premier League,2024-2025,Midfielders,24,308034,2450088.464368561,2142054.464368561,8568217.857474243,-2.073669244300953,-87.427637635142,1.2815
Sergi Altimira,Real Betis,La Liga,2024-2025,Midfielders,22,200000,1138570.511557539,938570.511557539,3754282.046230156,-1.7392114507731549,-82.43411383222946,1.2749
Juanlu Sánchez,Sevilla,La Liga,2024-2025,Defenders,20,250000,1063909.8380418695,813909.8380418695,3255639.352167478,-1.448245009766362,-76.50176818929255,1.2745
Christos Mandas,Lazio,Serie A,2024-2025,Goalkeepers,22,130000,665848.9427787232,535848.9427787232,2143395.771114893,-1.6335283817143669,-80.47605220224818,1.229
Christantus Uche,Getafe,La Liga,2024-2025,Forwards,21,180000,797414.8324850061,617414.8324850061,2469659.3299400243,-1.4884181849437486,-77.4270564495194,1.2265
Rodrigo Muniz,Fulham,Premier League,2024-2025,Forwards,23,462051,2899341.410320524,2437290.410320524,9749161.641282097,-1.836563615694363,-84.06358773908866,1.2228
Bilal Nadir,Marseille,Ligue 1,2024-2025,Midfielders,20,270000,1040031.6450254683,770031.6450254683,3080126.5801018733,-1.3485844605832291,-74.03925146975811,1.2227
David Odogu,Wolfsburg,Bundesliga,2024-2025,Defenders,18,120000,331389.8727146043,211389.8727146043,845559.4908584172,-1.015803802644518,-63.78887531564828,1.2211
Lewis Miley,Newcastle United,Premier League,2024-2025,Midfielders,18,308034,872837.1347209808,564803.1347209808,2259212.538883923,-1.0415388137778674,-64.70888007091162,1.2155
Badredine Bouanani,Nice,Ligue 1,2024-2025,Midfielders,19,120000,380531.292872709,260531.292872709,1042125.171490836,-1.1540766725906373,-68.4651427497341,1.2152
Mohamed Amoura,Wolfsburg,Bundesliga,2024-2025,Forwards,24,470000,3311249.398321463,2841249.398321463,11364997.593285851,-1.9523481641747864,-85.80596193574993,1.2049
Lamare Bogarde,Aston Villa,Premier League,2024-2025,Midfielders,20,492855,1835767.9671415226,1342912.9671415226,5371651.86856609,-1.3150031705067668,-73.15265279590726,1.184
Juanlu Sánchez,Sevilla,La Liga,2024-2025,Midfielders,20,250000,886861.5732632172,636861.5732632172,2547446.293052869,-1.2662279905584215,-71.81070783345336,1.1835
Mikel Jauregizar,Athletic Club,La Liga,2024-2025,Midfielders,20,210000,731435.5363652282,521435.53636522824,2085742.145460913,-1.247901560589769,-71.28933589369102,1.1783
Giuliano Simeone,Atlético Madrid,La Liga,2024-2025,Midfielders,21,500000,2130573.2113084984,1630573.2113084984,6522292.845233994,-1.4495382373671664,-76.53213711004449,1.1756
Jonas Rouhi,Juventus,Serie A,2024-2025,Defenders,20,370000,1319789.018239979,949789.0182399789,3799156.0729599157,-1.2717241625005435,-71.96521603934714,1.1744
Tyler Dibling,Southampton,Premier League,2024-2025,Midfielders,18,308034,791803.030899123,483769.03089912306,1935076.1235964922,-0.944102496032686,-61.09714310512098,1.1667
Anrie Chase,Stuttgart,Bundesliga,2024-2025,Defenders,20,120000,400284.8822046334,280284.8822046334,1121139.5288185335,-1.2046847563395318,-70.02135095907687,1.1655
David Preu,Union Berlin,Bundesliga,2024-2025,Midfielders,19,100000,282986.3911537275,182986.39115372748,731945.5646149099,-1.0402286227028767,-64.66261165694128,1.1603
Lucas Da Cunha,Como,Serie A,2024-2025,Midfielders,23,190000,995545.2499307697,805545.2499307697,3222180.9997230787,-1.6562665047866538,-80.91498101033454,1.1594
Senny Mayulu,Paris Saint-Germain,Ligue 1,2024-2025,Midfielders,18,720000,1945232.5789934646,1225232.5789934646,4900930.315973858,-0.9938856147822506,-62.986431145803934,1.1511
Mario Martín,Valladolid,La Liga,2024-2025,Midfielders,20,100000,320070.97613204794,220070.97613204794,880283.9045281918,-1.1633725856242556,-68.75692972587925,1.1468
Mert Kömür,Augsburg,Bundesliga,2024-2025,Midfielders,19,120000,328764.0982480396,208764.0982480396,835056.3929921584,-1.007848724195103,-63.49966415448911,1.1421
Tom Louchet,Nice,Ligue 1,2024-2025,Defenders,21,120000,436312.8597421603,316312.8597421603,1265251.4389686412,-1.290867811453973,-72.49679964259724,1.1336
James Mcatee,Manchester City,Premier League,2024-2025,Midfielders,21,924103,3888754.7246946217,2964651.7246946217,11858606.898778487,-1.437020725885347,-76.23653160401967,1.1276
Patrizio Masini,Genoa,Serie A,2024-2025,Midfielders,23,170000,819960.0392450207,649960.0392450207,2599840.156980083,-1.573457169392542,-79.2672823231084,1.12
James Hill,Bournemouth,Premier League,2024-2025,Defenders,22,308034,1308792.9804851708,1000758.9804851708,4003035.9219406834,-1.446650436021386,-76.46426863583788,1.118
Tom Louchet,Nice,Ligue 1,2024-2025,Midfielders,21,120000,421671.1268735296,301671.1268735296,1206684.5074941183,-1.2567339472212051,-71.5418029947326,1.1166
Yarek Gasiorowski,Valencia,La Liga,2024-2025,Defenders,19,200000,518728.7534305339,318728.7534305339,1274915.0137221357,-0.953063746915758,-61.44420399344936,1.1068
Jacopo Fazzini,Empoli,Serie A,2024-2025,Midfielders,21,150000,508684.48273432686,358684.48273432686,1434737.9309373074,-1.221192653501392,-70.5121730480736,1.0958
Lewis Hall,Newcastle United,Premier League,2024-2025,Defenders,19,431248,1118602.9674271008,687354.9674271008,2749419.869708403,-0.9531525045348008,-61.447625962238064,1.0841
Conor Bradley,Liverpool,Premier League,2024-2025,Defenders,21,616068,2216694.1575521333,1600626.1575521333,6402504.630208533,-1.2804148997566802,-72.20780332274994,1.0796
Curtis Jones,Liverpool,Premier League,2024-2025,Midfielders,23,924103,4766335.891058751,3842232.8910587514,15368931.564235006,-1.6405095943972403,-80.61187836691197,1.0793
Antoine Mendy,Nice,Ligue 1,2024-2025,Defenders,20,120000,335061.9521369576,215061.9521369576,860247.8085478304,-1.0268237036973655,-64.18572767374391,1.0766
Alex Padilla,Athletic Club,La Liga,2024-2025,Goalkeepers,20,170000,477343.0356490753,307343.0356490753,1229372.1425963012,-1.0324369476761142,-64.38619874932515,1.0745
Damián Rodríguez,Celta Vigo,La Liga,2024-2025,Midfielders,21,160000,514628.14856150415,354628.14856150415,1418512.5942460166,-1.1682707830041608,-68.90959026488656,1.0684
Jon Aramburu,Real Sociedad,La Liga,2024-2025,Defenders,22,250000,940290.179092796,690290.179092796,2761160.716371184,-1.324727610925951,-73.41246292275396,1.0628
Moritz Broschinski,Bochum,Bundesliga,2024-2025,Forwards,23,120000,509062.20792350493,389062.20792350493,1556248.8316940197,-1.4450784822604508,-76.42724246031011,1.0607
Carlos Dominguez,Celta Vigo,La Liga,2024-2025,Defenders,23,150000,634600.3706980736,484600.37069807365,1938401.4827922946,-1.4423601691971246,-76.36307715436766,1.0564
Arthur Chaves,Hoffenheim,Bundesliga,2024-2025,Defenders,23,300000,1292115.7957992887,992115.7957992887,3968463.1831971547,-1.460253830901891,-76.78226665324344,1.0506
Antoine Mendy,Nice,Ligue 1,2024-2025,Midfielders,20,120000,316939.3962755438,196939.39627554378,787757.5851021751,-0.9712188338767104,-62.1378719685346,1.0488
Rayan Aït-Nouri,Wolves,Premier League,2024-2025,Midfielders,23,616068,2767887.5794857205,2151819.5794857205,8607278.317942882,-1.502482354513706,-77.74230411068693,1.0406
Lamare Bogarde,Aston Villa,Premier League,2024-2025,Defenders,20,492855,1371202.944531526,878347.944531526,3513391.778126104,-1.0232286821187966,-64.05674287926908,1.0381
Williot Swedberg,Celta Vigo,La Liga,2024-2025,Forwards,20,250000,655918.5619169796,405918.5619169796,1623674.2476679184,-0.9645757199561728,-61.88551223960596,1.0327
Igor Matanovic,Eintracht Frankfurt,Bundesliga,2024-2025,Forwards,21,280000,844201.7202054276,564201.7202054276,2256806.8808217105,-1.1036018678522996,-66.8325717303839,1.0242
Adama Boiro,Athletic Club,La Liga,2024-2025,Defenders,22,210000,719834.2207758044,509834.22077580437,2039336.8831032175,-1.2319134058587853,-70.8266161931463,1.0203
Samuel Mbangula,Juventus,Serie A,2024-2025,Midfielders,20,560000,1522570.5910334499,962570.5910334499,3850282.3641337994,-1.0002185799908272,-63.22009611259476,1.02
Fabio Chiarodia,Gladbach,Bundesliga,2024-2025,Defenders,19,280000,617453.4799652381,337453.47996523813,1349813.9198609525,-0.7908141264062909,-54.65245413860742,1.0178
Max Moerstedt,Hoffenheim,Bundesliga,2024-2025,Forwards,18,280000,522708.6288108672,242708.6288108672,970834.5152434688,-0.6242345905650151,-46.43287205015439,1.0096
Unai Gómez,Athletic Club,La Liga,2024-2025,Midfielders,21,300000,879491.1598443976,579491.1598443976,2317964.6393775903,-1.075561038128539,-65.88936720488728,1.0083
Germán Valera,Valencia,La Liga,2024-2025,Midfielders,22,320000,1091203.3793362214,771203.3793362214,3084813.5173448855,-1.2267153881896604,-70.6745776213912,1.0069
Sidiki Cherif,Angers,Ligue 1,2024-2025,Forwards,17,100000,152789.26684041639,52789.266840416385,211157.06736166554,-0.4238894450861679,-34.55037643158083,1.0021
Olasagasti,Real Sociedad,La Liga,2024-2025,Midfielders,23,300000,1168561.3041078548,868561.3041078548,3474245.2164314194,-1.3597461418813594,-74.32740593536616,1.0003
Aljoscha Kemlein,Union Berlin,Bundesliga,2024-2025,Midfielders,19,150000,310391.7682125847,160391.76821258472,641567.0728503389,-0.7271999739274637,-51.67397612901047,0.9988
Yasin Ayari,Brighton,Premier League,2024-2025,Midfielders,20,492855,1259061.9690472053,766206.9690472053,3064827.876188821,-0.937907240546151,-60.85538185440017,0.9954
Nathaniel Brown,Eintracht Frankfurt,Bundesliga,2024-2025,Midfielders,21,280000,793765.3153776134,513765.3153776134,2055061.2615104537,-1.0419982418154294,-64.72509007693326,0.9934
Curtis Jones,Liverpool,Premier League,2024-2025,Defenders,23,924103,3972823.435785476,3048720.435785476,12194881.743141904,-1.4584087765058502,-76.73938912874709,0.9882
Himad Abdelli,Angers,Ligue 1,2024-2025,Midfielders,24,120000,501794.50860639877,381794.50860639877,1527178.034425595,-1.4306989476994012,-76.08582837359694,0.9785
Rodrigo Riquelme,Atlético Madrid,La Liga,2024-2025,Midfielders,24,620000,2794704.016005227,2174704.016005227,8698816.064020908,-1.505762004269959,-77.81518198530974,0.9669
Leonidas Stergiou,Stuttgart,Bundesliga,2024-2025,Defenders,22,190000,573223.0219236686,383223.02192366857,1532892.0876946743,-1.1042507868454443,-66.85408772271876,0.9584
Héctor Fort,Barcelona,La Liga,2024-2025,Defenders,17,840000,1339603.8082799686,499603.80827996857,1998415.2331198743,-0.4667272919272367,-37.29489310137539,0.9507
Taylor Harwood-Bellis,Southampton,Premier League,2024-2025,Defenders,22,462051,1437253.911148978,975202.9111489779,3900811.6445959117,-1.1348142911726065,-67.85181821974483,0.9469
Nhoa Sangui,Reims,Ligue 1,2024-2025,Defenders,18,100000,158431.66933135022,58431.66933135022,233726.67732540087,-0.4601532060557805,-36.88130635620842,0.9452
Tom Pouilly,Lens,Ligue 1,2024-2025,Defenders,21,90000,222484.96858277326,132484.96858277326,529939.874331093,-0.9050498720626016,-59.54782897321156,0.9437
Luca Marianucci,Empoli,Serie A,2024-2025,Defenders,20,130000,277501.1382157466,147501.1382157466,590004.5528629865,-0.7582905844008607,-53.15334530306324,0.9414
Lamine Yamal,Barcelona,La Liga,2024-2025,Midfielders,17,1670000,3005604.560038919,1335604.560038919,5342418.240155676,-0.5876551060287092,-44.437135137352335,0.9295
Luck Zogbé,Brest,Ligue 1,2024-2025,Defenders,19,90000,160196.6988950218,70196.69889502181,280786.79558008723,-0.5765927579432546,-43.819067046457775,0.9294
Saba Goglichidze,Empoli,Serie A,2024-2025,Defenders,20,150000,312849.7276551901,162849.7276551901,651398.9106207604,-0.7350876778193367,-52.05365811750876,0.9278
Lukas Ullrich,Gladbach,Bundesliga,2024-2025,Defenders,20,400000,861870.2316563408,461870.23165634077,1847480.926625363,-0.7676401689008188,-53.58930088218965,0.9195
Yellu Santiago,Getafe,La Liga,2024-2025,Midfielders,20,140000,285044.4083515873,145044.4083515873,580177.6334063492,-0.7110025642983597,-50.884846045701934,0.9167
Nhoa Sangui,Reims,Ligue 1,2024-2025,Midfielders,18,100000,148524.73510184968,48524.735101849685,194098.94040739874,-0.3955813247264519,-32.67114738065293,0.9129
Joris Chotard,Montpellier,Ligue 1,2024-2025,Midfielders,22,120000,323452.59341461863,203452.59341461863,813810.3736584745,-0.991560817652676,-62.90028200634104,0.909
Nicolás Serrano,Athletic Club,La Liga,2024-2025,Midfielders,21,310000,741630.0756992023,431630.07569920225,1726520.302796809,-0.8722782711000647,-58.20018494965502,0.9056
Marvin Senaya,Strasbourg,Ligue 1,2024-2025,Defenders,23,140000,436822.1571405892,296822.1571405892,1187288.6285623568,-1.1378837265893296,-67.95034370132882,0.9052
Amadou Koné,Reims,Ligue 1,2024-2025,Midfielders,19,120000,203117.8020370499,83117.8020370499,332471.2081481996,-0.5262943735487902,-40.920983391642295,0.9013
Drissa Camara,Parma,Serie A,2024-2025,Forwards,22,170000,451154.81292630226,281154.81292630226,1124619.251705209,-0.9760121094621308,-62.31892132606593,0.8963
Mamadou Diakhon,Reims,Ligue 1,2024-2025,Midfielders,18,120000,173075.69776230748,53075.69776230748,212302.7910492299,-0.3662373153342653,-30.666175811232964,0.8963
Neil El Aynaoui,Lens,Ligue 1,2024-2025,Midfielders,23,150000,456935.5112572564,306935.5112572564,1227742.0450290255,-1.1139069736179046,-67.17261050968088,0.8922
Enzo Tchato,Montpellier,Ligue 1,2024-2025,Midfielders,21,120000,269167.60002427705,149167.60002427705,596670.4000971082,-0.8078424912230968,-55.41811124772191,0.8921
Kassoum Ouattara,Monaco,Ligue 1,2024-2025,Defenders,19,400000,700830.4936227262,300830.4936227262,1203321.9744909047,-0.5608015041570624,-42.92485791645234,0.891
Jérémy Sebas,Strasbourg,Ligue 1,2024-2025,Midfielders,21,180000,396086.50795506465,216086.50795506465,864346.0318202586,-0.7886757909385569,-54.55538212363935,0.8766
Henri Koudossou,Augsburg,Bundesliga,2024-2025,Midfielders,24,190000,651115.2182871022,461115.2182871022,1844460.8731484087,-1.231662541003935,-70.81929669838848,0.8721
Bence Dárdai,Wolfsburg,Bundesliga,2024-2025,Midfielders,18,410000,596039.3014683289,186039.30146832892,744157.2058733157,-0.3741494472538704,-31.21258967487985,0.8717
Nuno Mendes,Paris Saint-Germain,Ligue 1,2024-2025,Defenders,22,1440000,4668273.332526383,3228273.332526383,12913093.330105532,-1.1761461536479416,-69.1534771546743,0.8713
Paul Nebel,Mainz 05,Bundesliga,2024-2025,Midfielders,21,270000,587480.1335901974,317480.1335901974,1269920.5343607897,-0.7774204712825732,-54.04099908026151,0.8621
Kevin Schade,Brentford,Premier League,2024-2025,Midfielders,22,616068,1635997.2360329472,1019929.2360329472,4079716.944131789,-0.9766504806434247,-62.34296816455047,0.8527
Abdoul Koné,Reims,Ligue 1,2024-2025,Defenders,19,100000,151965.26042520397,51965.260425203975,207861.0417008159,-0.4184817589025069,-34.19548670518735,0.8494
Rodrigo Riquelme,Atlético Madrid,La Liga,2024-2025,Defenders,24,620000,2198911.236427056,1578911.2364270561,6315644.945708225,-1.2659981462743843,-71.80422794112324,0.847
Nathaniel Brown,Eintracht Frankfurt,Bundesliga,2024-2025,Defenders,21,280000,590356.5289020215,310356.52890202147,1241426.1156080859,-0.7459370374976952,-52.571033554797694,0.8454
Antoine Hainaut,Parma,Serie A,2024-2025,Midfielders,22,260000,624487.2520675033,364487.2520675033,1457949.0082700131,-0.8762492853193429,-58.36584347571346,0.8375
Antoine Hainaut,Parma,Serie A,2024-2025,Defenders,22,260000,616744.479549147,356744.47954914696,1426977.9181965878,-0.8637731734809897,-57.84315731693845,0.8313
Nelson Weiper,Mainz 05,Bundesliga,2024-2025,Forwards,19,360000,555360.5912373419,195360.59123734187,781442.3649493675,-0.4335135852647092,-35.17725137861854,0.8313
Jack Hinshelwood,Brighton,Premier League,2024-2025,Midfielders,19,616068,992327.7075453161,376259.7075453161,1505038.8301812643,-0.476696056027885,-37.91688014799611,0.8277
Marcin Bułka,Nice,Ligue 1,2024-2025,Goalkeepers,24,360000,1164583.899692931,804583.899692931,3218335.598771724,-1.1740151031045372,-69.08767156278546,0.8266
Kobbie Mainoo,Manchester Utd,Premier League,2024-2025,Midfielders,19,1232137,2230383.0883042407,998246.0883042407,3992984.353216963,-0.5934232989676929,-44.756709891627125,0.8254
Roberto Piccoli,Cagliari,Serie A,2024-2025,Forwards,23,560000,1612059.112699426,1052059.112699426,4208236.450797704,-1.0573308090741058,-65.26181976898661,0.8235
Lucas Bergvall,Tottenham Hotspur,Premier League,2024-2025,Midfielders,18,924103,1348706.5050699657,424603.50506996573,1698414.020279863,-0.3780777304354732,-31.482276052931123,0.8231
Tommy Doyle,Wolves,Premier League,2024-2025,Midfielders,22,616068,1537822.1593536902,921754.1593536902,3687016.637414761,-0.914765165218938,-59.938930763039686,0.8217
Jack Hinshelwood,Brighton,Premier League,2024-2025,Defenders,19,616068,972667.4238252072,356599.42382520717,1426397.6953008287,-0.4566848717986769,-36.66200955130255,0.8177
Aleksandar Pavlovic,Bayern Munich,Bundesliga,2024-2025,Midfielders,20,1800000,4151400.2914936016,2351400.2914936016,9405601.165974407,-0.8356590320642976,-56.64113615619587,0.8157
Carlos Baleba,Brighton,Premier League,2024-2025,Midfielders,20,770086,1449655.307071065,679569.3070710651,2718277.2282842603,-0.6325788909708407,-46.8779925652872,0.8155
Samuele Vignato,Monza,Serie A,2024-2025,Midfielders,20,170000,282864.76964520686,112864.76964520686,451459.07858082745,-0.5091705006116456,-39.90061038239986,0.8129
Amad Diallo,Manchester Utd,Premier League,2024-2025,Midfielders,22,1777121,5446817.627699431,3669696.627699431,14678786.510797724,-1.1200368774588298,-67.37322375247949,0.8101
Nick Woltemade,Stuttgart,Bundesliga,2024-2025,Forwards,22,470000,1111033.4235179406,641033.4235179406,2564133.6940717623,-0.860313178657572,-57.69704222652401,0.8089
Christopher Wooh,Rennes,Ligue 1,2024-2025,Defenders,22,240000,538908.6258881541,298908.62588815414,1195634.5035526166,-0.8089071079420886,-55.4655486160636,0.8058
Rico Lewis,Manchester City,Premier League,2024-2025,Defenders,19,1540171,2790388.8575889985,1250217.8575889985,5000871.430355994,-0.5942875123791342,-44.80443126013747,0.7956
Enzo Tchato,Montpellier,Ligue 1,2024-2025,Defenders,21,120000,220091.76109807304,100091.76109807304,400367.04439229215,-0.6065528125103334,-45.4772866547568,0.7915
Kingstone Mutandwa,Cagliari,Serie A,2024-2025,Forwards,21,240000,450381.1498214451,210381.1498214451,841524.5992857805,-0.6294553005238424,-46.7118017494408,0.7911
Lorenzo Lucca,Udinese,Serie A,2024-2025,Forwards,23,460000,1208440.9343951014,748440.9343951014,2993763.7375804055,-0.9658598343274516,-61.93442419010262,0.7877
Finn Ole Becker,Hoffenheim,Bundesliga,2024-2025,Midfielders,24,360000,1077538.251780138,717538.2517801379,2870153.0071205515,-1.096330290389627,-66.59051319939083,0.7877
Hamzat Ojediran,Lens,Ligue 1,2024-2025,Midfielders,20,120000,187696.30706613124,67696.30706613124,270785.22826452495,-0.4473335259558748,-36.066936065119215,0.7869
Thierno Barry,Villarreal,La Liga,2024-2025,Forwards,21,920000,1936147.7974148465,1016147.7974148465,4064591.189659386,-0.7440819365194624,-52.48296637124565,0.7815
Omar El Hilali,Espanyol,La Liga,2024-2025,Defenders,20,210000,329295.6089451624,119295.60894516238,477182.43578064954,-0.4498483240638347,-36.22751281965275,0.7793
Rico Lewis,Manchester City,Premier League,2024-2025,Midfielders,19,1540171,2682205.610210016,1142034.610210016,4568138.440840064,-0.5547459957152316,-42.57819034688376,0.7758
Miguel Gutiérrez,Girona,La Liga,2024-2025,Midfielders,23,330000,825217.9313500617,495217.93135006167,1980871.7254002467,-0.916554856202449,-60.01056357802137,0.7758
William Osula,Newcastle United,Premier League,2024-2025,Forwards,20,1232137,2345360.480620197,1113223.480620197,4452893.922480788,-0.6436890529354145,-47.46492020390072,0.7756
Ali Dembélé,Torino,Serie A,2024-2025,Defenders,20,280000,441406.6749339341,161406.67493393412,645626.6997357365,-0.455177012727388,-36.56643274778111,0.775
Simon Adingra,Brighton,Premier League,2024-2025,Midfielders,22,770086,1764949.2173288995,994863.2173288995,3979452.869315598,-0.829374999979116,-56.36780976817795,0.7639
Noah Atubolu,Freiburg,Bundesliga,2024-2025,Goalkeepers,22,170000,343646.588365867,173646.58836586698,694586.3534634679,-0.7038153328261902,-50.530572467372295,0.7602
Adrià Altimira,Leganés,La Liga,2024-2025,Defenders,23,150000,350319.329428112,200319.32942811202,801277.3177124481,-0.8482098142254717,-57.18192306291758,0.7593
Liberato Cacace,Empoli,Serie A,2024-2025,Midfielders,23,320000,770368.459585398,450368.45958539797,1801473.8383415919,-0.8785479235423566,-58.46143543153117,0.7578
Renato Veiga,Chelsea,Premier League,2024-2025,Midfielders,21,1540171,3482472.324307659,1942301.3243076592,7769205.297230637,-0.8158490303419885,-55.773632736444,0.7563
Copete,Mallorca,La Liga,2024-2025,Defenders,24,210000,560890.8147092384,350890.81470923836,1403563.2588369534,-0.9824187296763522,-62.55955802933544,0.7455
Romano Schmid,Werder Bremen,Bundesliga,2024-2025,Midfielders,24,360000,969523.7324912166,609523.7324912166,2438094.9299648665,-0.990700922036826,-62.86836640141122,0.7349
Hans Nicolussi Caviglia,Venezia,Serie A,2024-2025,Midfielders,24,370000,986843.460785662,616843.460785662,2467373.843142648,-0.981008420189042,-62.50671816729383,0.7291
Jonathan Rowe,Marseille,Ligue 1,2024-2025,Midfielders,21,900000,1693020.936340554,793020.9363405539,3172083.7453622157,-0.631874985147336,-46.84058651127252,0.7274
Noni Madueke,Chelsea,Premier League,2024-2025,Midfielders,22,3080342,8389250.811881008,5308908.811881008,21235635.24752403,-1.0019105913440995,-63.28227550858807,0.726
Andu Kelati,Holstein Kiel,Bundesliga,2024-2025,Midfielders,21,140000,225496.6385548281,85496.6385548281,341986.5542193124,-0.4766628295918504,-37.91481731291538,0.7246
Joan García,Espanyol,La Liga,2024-2025,Goalkeepers,23,240000,530710.2988708284,290710.29887082835,1162841.1954833134,-0.7935773725044797,-54.77758760087399,0.7232
Domingos André Ribeiro Almeida,Valencia,La Liga,2024-2025,Midfielders,24,600000,1642750.0410597909,1042750.0410597909,4171000.1642391635,-1.0071973155563754,-63.475879774568654,0.7195
Alejandro Balde,Barcelona,La Liga,2024-2025,Defenders,20,1670000,3079784.316992192,1409784.316992192,5639137.267968768,-0.6120359411542307,-45.77542359748842,0.7166
Malick Thiaw,Milan,Serie A,2024-2025,Defenders,22,1030000,2260325.94731121,1230325.94731121,4921303.78924484,-0.7859502251172863,-54.431350875512166,0.7166
Ansgar Knauff,Eintracht Frankfurt,Bundesliga,2024-2025,Midfielders,22,540000,1069163.8922330234,529163.8922330234,2116655.5689320937,-0.6830630733103682,-49.493243840084055,0.7134
Lilian Raolisoa,Angers,Ligue 1,2024-2025,Midfielders,24,150000,367140.9617001226,217140.96170012263,868563.8468004905,-0.8951105720398793,-59.14375794370813,0.7078
Rayan Aït-Nouri,Wolves,Premier League,2024-2025,Defenders,23,616068,1421719.7730076793,805651.7730076793,3222607.092030717,-0.8362651784963813,-56.66741001310725,0.7075
Samuel Lino,Atlético Madrid,La Liga,2024-2025,Midfielders,24,1250000,3708964.052312064,2458964.052312064,9835856.209248256,-1.087609055130116,-66.29786694155783,0.6958
Lilian Raolisoa,Angers,Ligue 1,2024-2025,Defenders,24,150000,356195.16028507025,206195.16028507025,824780.641140281,-0.8648434895953248,-57.88825432665834,0.6927
Arthur Atta,Udinese,Serie A,2024-2025,Midfielders,21,280000,430095.2966223339,150095.29662233387,600381.1864893355,-0.4292172010162005,-34.898148805875465,0.687
Nikola Krstović,Lecce,Serie A,2024-2025,Forwards,24,450000,1118847.1164294109,668847.1164294109,2675388.4657176435,-0.9108064910387004,-59.78002772746196,0.6861
Pablo Barrios,Atlético Madrid,La Liga,2024-2025,Midfielders,21,1150000,2087191.946517989,937191.946517989,3748767.786071956,-0.596057653947808,-44.902048806842274,0.6848
Jorge Herrando,Osasuna,La Liga,2024-2025,Defenders,23,200000,406015.549607982,206015.549607982,824062.198431928,-0.7080740918473385,-50.74080286011099,0.6844
Kasey McAteer,Leicester City,Premier League,2024-2025,Midfielders,22,924103,1851126.564775306,927023.564775306,3708094.259101224,-0.6947261493771286,-50.07888614508803,0.6814
Ramon Hendriks,Stuttgart,Bundesliga,2024-2025,Defenders,23,340000,704334.7698132686,364334.76981326856,1457339.0792530742,-0.7283081508244464,-51.72750024961283,0.6807
Unai Marrero,Real Sociedad,La Liga,2024-2025,Goalkeepers,22,180000,308491.4270553056,128491.42705530563,513965.7082212225,-0.5387372029453008,-41.65153900120215,0.6767
Yan Couto,Dortmund,Bundesliga,2024-2025,Midfielders,22,1140000,2359214.4497472094,1219214.4497472094,4876857.798988838,-0.7273004409442283,-51.67883105657676,0.6764
Thomas Kristensen,Udinese,Serie A,2024-2025,Defenders,22,320000,563024.2418020993,243024.24180209928,972096.9672083971,-0.5650016896819903,-43.16408135895522,0.676
Issa Soumaré,Le Havre,Ligue 1,2024-2025,Midfielders,23,250000,493553.8447780456,243553.8447780456,974215.3791121824,-0.6801710430190138,-49.34696535239698,0.6655
Emmanuel Ekong,Empoli,Serie A,2024-2025,Forwards,22,190000,314920.8421557894,124920.84215578937,499683.3686231575,-0.5052972403418075,-39.667378411871525,0.6589
Mads Hermansen,Leicester City,Premier League,2024-2025,Goalkeepers,24,616068,1481609.8143062138,865541.8143062138,3462167.257224855,-0.8775271409453147,-58.4190119388158,0.6531
Esteban Lepaul,Angers,Ligue 1,2024-2025,Forwards,24,270000,604008.728282888,334008.72828288795,1336034.9131315518,-0.8051666896315144,-55.29865921514555,0.651
Arthur,Leverkusen,Bundesliga,2024-2025,Defenders,21,720000,1121199.9975523648,401199.99755236483,1604799.9902094593,-0.4429036050974808,-35.78308940672521,0.6506
Miguel Gutiérrez,Girona,La Liga,2024-2025,Defenders,23,330000,641279.7059913761,311279.7059913761,1245118.8239655043,-0.6643730660842273,-48.54039556891296,0.6497
Benedict Hollerbach,Union Berlin,Bundesliga,2024-2025,Forwards,23,500000,1000436.6256966919,500436.6256966919,2001746.5027867677,-0.6935837109633738,-50.02182175689472,0.6476
Adrià Altimira,Leganés,La Liga,2024-2025,Midfielders,23,150000,279863.181156964,129863.18115696398,519452.72462785593,-0.6236655509250575,-46.40238155662526,0.6471
Rocco Reitz,Gladbach,Bundesliga,2024-2025,Midfielders,22,720000,1282355.605699101,562355.605699101,2249422.422796404,-0.577202770547455,-43.85332767290577,0.6427
Diego López,Valencia,La Liga,2024-2025,Midfielders,22,800000,1435084.6350539606,635084.6350539606,2540338.5402158424,-0.5843673779182748,-44.25415892144103,0.6384
Abde Ezzalzouli,Real Betis,La Liga,2024-2025,Midfielders,22,800000,1424870.3882338246,624870.3882338246,2499481.5529352985,-0.5772244052727249,-43.85454237759645,0.6349
Yerson Mosquera,Wolves,Premier League,2024-2025,Defenders,23,492855,957193.1707901547,464338.1707901547,1857352.6831606189,-0.663790208304798,-48.51039319543492,0.6334
Pablo Marín,Real Sociedad,La Liga,2024-2025,Midfielders,21,630000,928091.5684500273,298091.56845002726,1192366.273800109,-0.3874105814315083,-32.1187670035468,0.6317
Sávio,Manchester City,Premier League,2024-2025,Midfielders,20,2464274,4049111.2645726763,1584837.2645726763,6339349.058290705,-0.4966001754039624,-39.140373307077695,0.6233
Liberato Cacace,Empoli,Serie A,2024-2025,Defenders,23,320000,588457.3467863089,268457.3467863089,1073829.3871452357,-0.6091834504316704,-45.62052768181278,0.6231
Arthur,Leverkusen,Bundesliga,2024-2025,Midfielders,21,720000,1059547.4505075172,339547.4505075172,1358189.8020300688,-0.3863459504504885,-32.04646005659064,0.6223
Yahia Fofana,Angers,Ligue 1,2024-2025,Goalkeepers,23,240000,433187.93961580965,193187.93961580965,772751.7584632386,-0.5905327511752514,-44.59679551262348,0.6216
Tim Siersleben,Heidenheim,Bundesliga,2024-2025,Defenders,24,150000,307935.6765542551,157935.67655425507,631742.7062170203,-0.7192556247104029,-51.2885282801678,0.6199
Luke Thomas,Leicester City,Premier League,2024-2025,Defenders,23,924103,1892691.3597311124,968588.3597311124,3874353.4389244495,-0.7169315576944832,-51.17518790114393,0.6175
Malo Gusto,Chelsea,Premier League,2024-2025,Defenders,21,2772308,5204520.946989114,2432212.9469891144,9728851.787956458,-0.6298474744830536,-46.73269589579011,0.6149
Johnny Cardoso,Real Betis,La Liga,2024-2025,Midfielders,22,700000,1160047.0349527742,460047.0349527742,1840188.1398110967,-0.505135495608064,-39.65761913882248,0.6087
Yassin Belkhdim,Angers,Ligue 1,2024-2025,Midfielders,22,180000,268630.41565947095,88630.41565947095,354521.6626378838,-0.4003796645373505,-32.99344024089337,0.6075
Zinédine Ould Khaled,Angers,Ligue 1,2024-2025,Midfielders,24,150000,295852.811842943,145852.81184294302,583411.2473717721,-0.6792267792670437,-49.2991129387577,0.5998
Philipp Treu,St Pauli,Bundesliga,2024-2025,Midfielders,23,180000,302343.96905304986,122343.96905304986,489375.87621219945,-0.5186084887243307,-40.465159413046926,0.5916
Scott Banks,St Pauli,Bundesliga,2024-2025,Midfielders,22,120000,171239.2500646494,51239.250064649386,204957.00025859755,-0.355569959044848,-29.922608306976795,0.591
Kaishu Sano,Mainz 05,Bundesliga,2024-2025,Midfielders,23,470000,833275.759141841,363275.759141841,1453103.036567364,-0.5726319360675323,-43.59610310948752,0.5901
Jamal Musiala,Bayern Munich,Bundesliga,2024-2025,Midfielders,21,5000000,8874794.601618268,3874794.6016182676,15499178.40647307,-0.573777279179934,-43.66066794280204,0.5869
Anthony Elanga,Nottingham Forest,Premier League,2024-2025,Midfielders,22,1540171,2864741.796572284,1324570.7965722838,5298283.186289135,-0.6205847735226833,-46.23700461092722,0.5837
Yan Couto,Dortmund,Bundesliga,2024-2025,Defenders,22,1140000,1942029.827754922,802029.827754922,3208119.311019688,-0.5327054666418523,-41.29853292120163,0.5791
Nicolai Remberg,Holstein Kiel,Bundesliga,2024-2025,Midfielders,24,240000,449705.9808822862,209705.9808822862,838823.9235291448,-0.6279550700622316,-46.6317971735355,0.5654
Tomáš Čvančara,Gladbach,Bundesliga,2024-2025,Midfielders,23,800000,1432865.051934842,632865.051934842,2531460.207739368,-0.5828195240125122,-44.16780568974488,0.5627
Simon Sohm,Parma,Serie A,2024-2025,Midfielders,23,640000,1110718.526066143,470718.52606614307,1882874.1042645723,-0.5512942293112459,-42.37964119796379,0.5627
Dwight McNeil,Everton,Premier League,2024-2025,Midfielders,24,1540171,3696682.6111407257,2156511.6111407257,8626046.444562903,-0.875542376665738,-58.33640152502211,0.5612
Jay Idzes,Venezia,Serie A,2024-2025,Defenders,24,450000,864862.3627996024,414862.36279960244,1659449.4511984098,-0.6533227933561285,-47.96859947248393,0.5574
Theo Bair,Auxerre,Ligue 1,2024-2025,Forwards,24,330000,614704.0141657384,284704.01416573836,1138816.0566629535,-0.6220482197153796,-46.31562631848617,0.5535
Jean-Clair Todibo,West Ham United,Premier League,2024-2025,Defenders,24,1232137,2705992.3128392277,1473855.3128392277,5895421.251356911,-0.78671862873321,-54.46635254084686,0.5471
Théo De Percin,Auxerre,Ligue 1,2024-2025,Goalkeepers,23,120000,178321.80602882,58321.80602881999,233287.22411527997,-0.396098074265927,-32.70593054637092,0.5362
Luis Henrique,Marseille,Ligue 1,2024-2025,Midfielders,22,1280000,2047791.2245479347,767791.2245479347,3071164.898191739,-0.4699016829106792,-37.49362802926497,0.534
Valentin Mihaila,Parma,Serie A,2024-2025,Midfielders,24,580000,1071253.044617876,491253.04461787594,1965012.1784715038,-0.613556208484523,-45.857796818968176,0.5247
Julen Agirrezabala,Athletic Club,La Liga,2024-2025,Goalkeepers,23,730000,1193888.6962752703,463888.6962752703,1855554.7851010812,-0.4919265362649927,-38.85527166163196,0.5241
Luca Philipp,Hoffenheim,Bundesliga,2024-2025,Goalkeepers,23,380000,579245.1594569152,199245.15945691522,796980.6378276609,-0.4215545539872902,-34.397380142757264,0.5234
Abel Bretones,Osasuna,La Liga,2024-2025,Midfielders,23,320000,478908.3433368081,158908.3433368081,635633.3733472324,-0.4031882332798506,-33.18136874158626,0.5201
Jakub Stolarczyk,Leicester City,Premier League,2024-2025,Goalkeepers,23,616068,958370.7530865514,342302.75308655144,1369211.0123462058,-0.4418773634486239,-35.71715351121922,0.5103
Jeremy Doku,Manchester City,Premier League,2024-2025,Midfielders,22,3080342,5388663.278499722,2308321.2784997215,9233285.113998886,-0.5592567241032533,-42.83662123981124,0.5046
Shavy Babicka,Toulouse,Ligue 1,2024-2025,Midfielders,24,240000,398019.0322979256,158019.03229792562,632076.1291917025,-0.5058609006431478,-39.70137593310989,0.5043
Mattia Felici,Cagliari,Serie A,2024-2025,Midfielders,23,460000,684619.4006689314,224619.40066893143,898477.6026757257,-0.3976365749039789,-32.80938291398981,0.5035
Jørgen Strand Larsen,Wolves,Premier League,2024-2025,Forwards,24,924103,1735195.9877931406,811092.9877931406,3244371.9511725623,-0.6300521099747449,-46.743595161530216,0.4991
Mile Svilar,Roma,Serie A,2024-2025,Goalkeepers,24,1280000,2565618.767045626,1285618.767045626,5142475.068182504,-0.6953396063144375,-50.10950120722928,0.4967
Zakaria Aboukhlal,Toulouse,Ligue 1,2024-2025,Midfielders,24,300000,495706.856000119,195706.856000119,782827.424000476,-0.5022022612210559,-39.48036094947043,0.4966
Bjarki Bjarkason,Venezia,Serie A,2024-2025,Midfielders,24,380000,629270.9152714552,249270.9152714552,997083.6610858208,-0.5043906191557301,-39.61265477587265,0.4898
Quentin Merlin,Marseille,Ligue 1,2024-2025,Midfielders,22,1200000,1719628.8377910275,519628.8377910275,2078515.35116411,-0.3597869187630085,-30.217499635475185,0.4868
Nicolas Jackson,Chelsea,Premier League,2024-2025,Forwards,23,6160685,12022074.261740895,5861389.261740895,23445557.04696358,-0.6685565090897931,-48.75522421612549,0.4843
Hicham Boudaoui,Nice,Ligue 1,2024-2025,Midfielders,24,600000,1016224.9153187876,416224.91531878756,1664899.6612751503,-0.5269203217680811,-40.95795222539086,0.4794
Sergio Carreira,Celta Vigo,La Liga,2024-2025,Midfielders,23,600000,863554.6330871673,263554.6330871673,1054218.5323486691,-0.3641275097231524,-30.51974049921682,0.473
Gabriele Zappa,Cagliari,Serie A,2024-2025,Defenders,24,560000,915573.7341456962,355573.73414569616,1422294.9365827846,-0.4916141168972103,-38.83616587990855,0.4657
Maximilian Bauer,Augsburg,Bundesliga,2024-2025,Defenders,24,300000,462787.06239017035,162787.06239017035,651148.2495606814,-0.4334845651951475,-35.1753701906484,0.4622
Yacine Adli,Fiorentina,Serie A,2024-2025,Midfielders,24,1030000,1784753.6814199628,754753.6814199628,3019014.725679851,-0.5497216098658022,-42.288955012518834,0.4485
Mario Gila,Lazio,Serie A,2024-2025,Defenders,23,1280000,1994342.0101103697,714342.0101103697,2857368.0404414786,-0.4434540985143389,-35.81843066480032,0.4457
Sacha Boey,Bayern Munich,Bundesliga,2024-2025,Defenders,23,3000000,5389582.424381134,2389582.424381134,9558329.697524536,-0.5858556209661607,-44.33706057766664,0.4429
Nathan N'Goumou,Gladbach,Bundesliga,2024-2025,Midfielders,24,1040000,1771124.1275409027,731124.1275409027,2924496.510163611,-0.5323937321472005,-41.280230796472914,0.4388
Moise Kean,Fiorentina,Serie A,2024-2025,Forwards,24,2820000,5829911.631854662,3009911.6318546617,12039646.527418647,-0.7262649578111677,-51.62876938663177,0.4381
Jordan Zemura,Udinese,Serie A,2024-2025,Defenders,24,510000,778220.392646504,268220.392646504,1072881.570586016,-0.4225990393801613,-34.46586534880739,0.4361
Nicolas Seiwald,RB Leipzig,Bundesliga,2024-2025,Defenders,23,2200000,3785572.5257236515,1585572.5257236515,6342290.102894606,-0.5427397768362123,-41.88461626212157,0.4214
Brahim Díaz,Real Madrid,La Liga,2024-2025,Midfielders,24,7290000,14384137.464816004,7094137.464816004,28376549.859264016,-0.6796224884494606,-49.31917177632968,0.4148
Jota Silva,Nottingham Forest,Premier League,2024-2025,Midfielders,24,1540171,2709389.8089554333,1169218.8089554333,4676875.235821733,-0.564829997569392,-43.15432224225456,0.4058
Yann Aurel Bisseck,Inter,Serie A,2024-2025,Defenders,23,1920000,3033678.1421476942,1113678.1421476942,4454712.568590777,-0.4574506055901981,-36.71049102655533,0.3897
James Garner,Everton,Premier League,2024-2025,Defenders,23,1848205,2741616.7140316973,893411.7140316973,3573646.856126789,-0.3943328902082115,-32.5870392261319,0.3653
Victor Boniface,Leverkusen,Bundesliga,2024-2025,Forwards,23,2000000,2944814.185080524,944814.1850805241,3779256.7403220963,-0.386898539503969,-32.08400006585428,0.3466
Gustav Isaksen,Lazio,Serie A,2024-2025,Midfielders,23,1920000,2779952.2842754493,859952.2842754493,3439809.1371017974,-0.3701085775858601,-30.934066355731872,0.3461
Fran Garcia,Real Madrid,La Liga,2024-2025,Defenders,24,5210000,8900740.500410764,3690740.5004107635,14762962.001643054,-0.535554619805044,-41.46554435825243,0.3428
Ramón Sosa,Nottingham Forest,Premier League,2024-2025,Midfielders,24,1848205,2916722.961778843,1068517.9617788428,4274071.847115371,-0.4562458148934034,-36.63419446347355,0.3212
Isaac Romero,Sevilla,La Liga,2024-2025,Forwards,24,2080000,3164424.3119354183,1084424.3119354183,4337697.247741673,-0.4196032533750315,-34.269244735772084,0.2848
Jan Paul van Hecke,Brighton,Premier League,2024-2025,Defenders,24,1848205,2705348.35213517,857143.3521351698,3428573.408540679,-0.3810157870301527,-31.68328956449096,0.2836
Tyrick Mitchell,Crystal Palace,Premier League,2024-2025,Midfielders,24,2464274,3640608.4488483733,1176334.4488483733,4705337.795393493,-0.3902535831690539,-32.31147939626642,0.2701
Christoph Baumgartner,RB Leipzig,Bundesliga,2024-2025,Midfielders,24,2500000,3640288.1404457204,1140288.1404457204,4561152.561782882,-0.3757721061046588,-31.32411766465556,0.2629
Timothy Weah,Juventus,Serie A,2024-2025,Defenders,24,2560000,3687875.135251012,1127875.1352510122,4511500.541004049,-0.3650431895936563,-30.58333305458428,0.2575
