Player,Season,Age,Nation,Team,Comp,Pos,MP,Min,90s,Starts,Subs,unSub,Gls,Ast,G+A,G-PK,PK,PKatt,PKm,Sh,Sh_Standard,G_Sh_raw,G/SoT,SoT,SoT%,TklW,Int,Tkl+Int,Mn/MP,Mn/MP_Detail,Min_pct,Mn/Start,Compl,Mn/Sub,PPM,PPM_Team,onG,onGA,PlusMinus,On_Off,CrdY,CrdY_Detail,CrdR,2CrdY,Fls,Fld,Off,OG,L_Detail,OG_Detail,Weekly Wages,Annual Wages,Weekly_Wages_EUR,Annual_Wages_EUR,Club_Annual_EUR,Club_Wage_Rank,Club_Wage_Rank_Pct,Player_Wage_Share,log_wage,Age2,NPGls_p90,Ast_p90,NPSh_p90,SoT_p90,TklW_p90,Int_p90,Fls_p90,Fld_p90,CrdY_p90,Off_p90,G_Sh_zero,G_Sh,SoT_pct,SoTPct_zero,team_press_intensity,tkl_above_system,int_above_system,fitted_log_wage,efficiency_score,efficiency_pct,efficiency_label
Alejandro Balde,2022-2023,18,ESP,Barcelona,La Liga,DF,33,2471,27.5,30,3,4,1,6,7,1,0,0,0,19,19,0.05,0.25,4,21.1,32,12,0,75,75,72.3,81.0,21,9.0,2.45,2.45,48,15,33,-0.41,4,4,0,0,26,29,5,0,0,0,"€ 3,077 (£ 2,647, $3,365)","€ 160,000 (£ 137,650, $174,954)",3077,160000,268510000,2,0.9473684210526315,0.000595880972775688,11.982929094215963,324,0.03636363636363636,0.21818181818181817,0.6909090909090909,0.14545454545454545,1.1636363636363636,0.43636363636363634,0.9454545454545454,1.0545454545454545,0.14545454545454545,0.18181818181818182,0,0.05,21.1,0,0.8647566412861571,0.29887972235020643,-0.4017217056422728,14.374220918719269,-2.3912918245033055,-90.8488609169979,Underpaid
Antonios Papadopoulos,2023-2024,23,GER,Dortmund,Bundesliga,DF,2,117,1.3,1,1,3,0,0,0,0,0,0,0,0,0,,,0,,3,2,0,59,59,3.8,90.0,1,27.0,2.0,2.0,5,2,3,1.63,0,0,0,0,1,1,0,0,0,0,"€ 3,462 (£ 2,924, $3,720)","€ 180,000 (£ 152,069, $193,436)",3462,180000,126600000,2,0.9411764705882353,0.0014218009478672985,12.100712129872347,529,0.0,0.0,0.0,0.0,2.3076923076923075,1.5384615384615383,0.7692307692307692,0.7692307692307692,0.0,0.0,1,0.0,0.0,1,1.3832196300906017,0.9244726776017058,0.4178231574472637,14.419923845173132,-2.319211715300785,-90.16489162904973,Underpaid
Ismaël Boura,2022-2023,21,COM,Lens,Ligue 1,DF,9,93,1.0,0,9,21,0,0,0,0,0,0,0,2,2,0.0,0.0,1,50.0,3,2,0,10,10,2.7,,0,10.0,1.78,1.78,5,2,3,1.93,0,0,0,0,0,3,0,0,0,0,"€ 385 (£ 331, $421)","€ 20,000 (£ 17,206, $21,869)",385,20000,11200000,15,0.2631578947368421,0.0017857142857142857,9.903487552536127,441,0.0,0.0,1.9835983263598247,0.7537831021437504,2.695421245421244,2.0,0.0,2.476592356687887,0.0,0.0,0,0.0,50.0,0,1.312130918167518,1.3832903272537258,0.6021486288488764,12.002430544195164,-2.0989429916590367,-87.74140658486004,Underpaid
Warren Zaïre-Emery,2023-2024,17,FRA,Paris Saint-Germain,Ligue 1,"MF,DF",26,1962,21.8,21,5,2,2,3,5,2,0,0,0,14,14,0.14,0.5,4,28.6,28,14,0,75,75,64.1,88.0,16,25.0,2.27,2.27,54,20,34,0.41,4,4,0,0,21,30,1,0,0,0,"€ 4,808 (£ 4,062, $5,167)","€ 250,000 (£ 211,207, $268,661)",4808,250000,293190000,1,1.0,0.0008526893823118114,12.429216196844385,289,0.09174311926605504,0.13761467889908258,0.6422018348623852,0.18348623853211007,1.2844036697247705,0.6422018348623852,0.963302752293578,1.3761467889908257,0.18348623853211007,0.04587155963302752,0,0.14,28.6,0,1.04446895209001,0.2399347176347606,-0.3025135631490695,14.130809706277557,-1.701593509433172,-81.76073520476724,Underpaid
Timothee Pembele,2022-2023,19,FRA,Paris Saint-Germain,Ligue 1,"MF,DF",5,263,2.9,4,1,8,0,1,1,0,0,0,0,3,3,0.0,0.0,1,33.3,5,4,0,53,53,7.7,65.0,0,5.0,1.8,1.8,5,8,-3,-2.51,0,0,0,0,0,1,0,0,0,0,"€ 6,154 (£ 5,294, $6,729)","€ 320,000 (£ 275,299, $349,907)",6154,320000,361590000,1,1.0,0.0008849802262230703,12.676076274775909,361,0.0,0.3448275862068966,1.0344827586206897,0.3448275862068966,1.7241379310344829,1.3793103448275863,0.0,0.3448275862068966,0.0,0.0,0,0.0,33.3,0,1.2698462990191541,0.45429163201532874,0.3656462251369468,14.357107627061371,-1.681031352285462,-81.3818142098959,Underpaid
Valentin Gendrey,2022-2023,22,FRA,Lecce,Serie A,DF,37,3101,34.5,35,2,1,0,2,2,0,0,0,0,10,10,0.0,,0,0.0,57,37,0,84,84,90.7,88.0,29,11.0,0.97,0.97,30,42,-12,-0.07,4,4,0,0,23,27,1,0,0,0,"€ 2,308 (£ 1,985, $2,523)","€ 120,000 (£ 103,237, $131,215)",2308,120000,16526000,20,0.0,0.007261285247488806,11.695247021764182,484,0.0,0.057971014492753624,0.2898550724637681,0.0,1.6521739130434783,1.0724637681159421,0.6666666666666666,0.782608695652174,0.11594202898550725,0.028985507246376812,0,0.0,0.0,0,1.3590317341308102,0.293142178912668,-0.050539544115923984,13.276491991953254,-1.581244970189072,-79.4281175092664,Underpaid
Jordan Beyer,2023-2024,23,GER,Burnley,Premier League,DF,15,1234,13.7,15,0,0,0,1,1,0,0,0,0,5,5,0.0,,0,0.0,19,17,0,82,82,36.1,82.0,10,,0.73,0.73,14,23,-9,0.5,6,6,0,0,11,6,0,0,0,0,"£ 3,000 (€ 3,551, $3,816)","£ 156,000 (€ 184,655, $198,438)",3551,184655,45579026,18,0.10526315789473684,0.004051315181680276,12.126244498170259,529,0.0,0.07299270072992702,0.36496350364963503,0.0,1.3868613138686132,1.2408759124087592,0.8029197080291971,0.43795620437956206,0.43795620437956206,0.0,0,0.0,0.0,0,0.7938510141560486,0.5930102997125646,0.25583920231751967,13.643548725073083,-1.5173042269028247,-78.06977200016033,Underpaid
Arthur Chaves,2024-2025,23,BRA,Hoffenheim,Bundesliga,DF,26,2185,24.3,24,2,2,1,0,1,1,0,0,0,11,11,0.09,0.5,2,18.2,35,38,0,84,84,71.4,88.0,20,42.0,1.12,1.12,34,46,-12,0.53,8,8,0,0,38,19,1,0,0,0,"€ 5,769 (£ 4,870, $5,947)","€ 300,000 (£ 253,223, $309,249)",5769,300000,53070000,6,0.7058823529411765,0.005652911249293386,12.61153775363834,529,0.0411522633744856,0.0,0.45267489711934156,0.0823045267489712,1.4403292181069958,1.5637860082304527,1.5637860082304527,0.7818930041152263,0.3292181069958848,0.0411522633744856,0,0.09,18.2,0,1.1329347305032889,0.3073944876037069,0.31502831920648156,14.06920924274882,-1.4576714891104796,-76.7222330498399,Underpaid
Paul Joly,2022-2023,22,FRA,Auxerre,Ligue 1,DF,10,867,9.6,10,0,6,0,0,0,0,0,0,0,7,7,0.0,,0,0.0,23,21,0,87,87,25.4,87.0,9,,0.9,0.9,9,20,-11,-0.54,2,2,0,0,7,9,0,0,0,0,"€ 962 (£ 827, $1,051)","€ 50,000 (£ 43,016, $54,673)",962,50000,10580000,16,0.21052631578947367,0.004725897920604915,10.819778284410283,484,0.0,0.0,0.7291666666666667,0.0,2.3958333333333335,2.1875,0.7291666666666667,0.9375,0.20833333333333334,0.0,0,0.0,0.0,0,1.295473835868978,1.1003594974643556,0.7646750361274237,12.274609653742534,-1.4548313693322505,-76.65602743209229,Underpaid
James Hill,2024-2025,22,ENG,Bournemouth,Premier League,DF,10,448,5.0,6,4,21,0,1,1,0,0,0,0,6,6,0.0,,0,0.0,8,7,0,45,45,13.1,68.0,1,11.0,1.3,1.3,7,9,-2,-0.83,1,1,0,0,7,5,0,0,0,0,"£ 5,000 (€ 5,924, $6,106)","£ 260,000 (€ 308,034, $317,526)",5924,308034,64821482,17,0.15789473684210525,0.004752035752592019,12.637965445473617,484,0.0,0.2,1.2,0.0,1.6,1.4,1.4,1.0,0.2,0.0,0,0.0,0.0,0,1.1036187953011853,0.49638120469881475,0.1915487013969266,14.07813969765111,-1.4401742521774938,-76.31135228989302,Underpaid
Jeanuël Belocian,2022-2023,17,FRA,Rennes,Ligue 1,DF,8,506,5.6,6,2,20,0,0,0,0,0,0,0,1,1,0.0,,0,0.0,7,5,0,63,63,14.8,81.0,2,12.0,2.63,2.63,16,3,13,1.79,1,1,0,0,6,1,0,0,0,0,"€ 577 (£ 496, $631)","€ 30,000 (£ 25,809, $32,804)",577,30000,31080000,6,0.7368421052631579,0.0009652509652509653,10.308952660644293,289,0.0,0.0,0.17857142857142858,0.0,1.25,0.8928571428571429,1.0714285714285714,0.17857142857142858,0.17857142857142858,0.0,0,0.0,0.0,0,1.0489455885231413,0.20105441147685865,-0.06526479397065477,11.741225888642907,-1.4322732279986141,-76.1234463644602,Underpaid
Juanlu Sánchez,2024-2025,20,ESP,Sevilla,La Liga,"MF,DF",32,1722,19.1,18,14,4,4,4,8,4,0,0,0,13,13,0.31,0.67,6,46.2,34,16,0,54,54,50.4,81.0,7,18.0,1.0,1.0,24,33,-9,-0.26,6,6,1,1,18,12,1,0,0,0,"€ 4,808 (£ 4,058, $4,956)","€ 250,000 (£ 211,019, $257,708)",4808,250000,58730000,5,0.7894736842105263,0.004256768261535842,12.429216196844385,400,0.20942408376963348,0.20942408376963348,0.6806282722513088,0.31413612565445026,1.7801047120418847,0.8376963350785339,0.9424083769633507,0.6282722513089005,0.31413612565445026,0.05235602094240837,0,0.31,46.2,0,1.168518688860095,0.6115860231817898,-0.2569737482840998,13.859640599459205,-1.43042440261482,-76.07926195397722,Underpaid
Sael Kumbedi,2022-2023,17,FRA,Lyon,Ligue 1,"DF,MF",20,1320,14.7,14,6,5,0,2,2,0,0,0,0,9,9,0.0,0.0,2,22.2,28,11,0,66,66,38.6,85.0,11,21.0,1.8,1.8,29,17,12,0.56,8,8,0,0,37,21,4,0,0,0,"€ 1,154 (£ 993, $1,262)","€ 60,000 (£ 51,619, $65,608)",1154,60000,51910000,4,0.8421052631578947,0.0011558466576767482,11.002099841204236,289,0.0,0.1360544217687075,0.6122448979591837,0.1360544217687075,1.9047619047619049,0.7482993197278912,2.508225806451609,1.4285714285714286,0.54421768707483,0.272108843537415,0,0.0,22.2,0,1.2590842598652525,0.6456776448966524,-0.7412447916835369,12.407620305361352,-1.4055204641571155,-75.47606150781844,Underpaid
Rico Lewis,2022-2023,17,ENG,Manchester City,Premier League,"DF,MF",14,903,10.0,10,4,23,0,0,0,0,0,0,0,5,5,0.0,0.0,2,40.0,10,4,0,65,65,26.4,82.0,6,21.0,2.29,2.29,18,8,10,-0.83,1,1,0,0,10,17,0,0,0,0,"£ 5,000 (€ 5,812, $6,355)","£ 260,000 (€ 302,217, $330,462)",5812,302217,226360165,2,0.9473684210526315,0.001335115655177226,12.618900581374906,289,0.0,0.0,0.5,0.2,1.0,0.4,1.0,1.7,0.1,0.0,0,0.0,40.0,0,0.8083480073400026,0.19165199265999744,-0.3134697636301298,14.003667156683187,-1.3847665753082818,-74.96177616322699,Underpaid
Santiago Bueno,2022-2023,23,URU,Girona,La Liga,DF,34,3010,33.4,34,0,0,0,1,1,0,0,0,0,13,13,0.0,0.0,3,23.1,37,35,0,89,89,88.0,89.0,32,,1.44,1.44,55,48,7,1.09,7,7,1,1,36,36,2,0,0,0,"€ 2,885 (£ 2,482, $3,154)","€ 150,000 (£ 129,047, $164,019)",2885,150000,17315000,17,0.15789473684210525,0.008663008951775917,11.918390573078394,529,0.0,0.029940119760479042,0.38922155688622756,0.08982035928143713,1.1077844311377245,1.0479041916167666,1.0778443113772456,1.0778443113772456,0.2095808383233533,0.059880239520958084,0,0.0,23.1,0,0.9467911098634801,0.16099332127424437,0.24770093762678125,13.292277121152889,-1.3738865480744948,-74.68787226701443,Underpaid
Almugera Kabar,2024-2025,18,GER,Dortmund,Bundesliga,DF,5,137,1.5,1,4,12,0,0,0,0,0,0,0,0,0,,,0,,3,1,0,27,27,4.5,77.0,0,15.0,1.2,1.2,1,4,-3,-2.68,2,2,1,1,2,2,0,0,0,0,"€ 3,462 (£ 2,922, $3,568)","€ 180,000 (£ 151,934, $185,549)",3462,180000,111450000,2,0.9411764705882353,0.0016150740242261105,12.100712129872347,324,0.0,0.0,0.0,0.0,2.0,0.6666666666666666,1.3333333333333333,1.3333333333333333,0.9090909090909091,0.0,1,0.0,0.0,1,1.2594425928658888,0.7405574071341112,-0.1564640396024537,13.453706824705785,-1.3529946948334377,-74.1534923523936,Underpaid
Jon Aramburu,2024-2025,22,VEN,Real Sociedad,La Liga,DF,35,2460,27.3,28,7,2,1,1,2,1,0,0,0,11,11,0.09,0.33,3,27.3,68,28,0,70,70,71.9,83.0,19,20.0,1.31,1.31,26,35,-9,-0.14,8,8,0,0,50,42,3,0,0,0,"€ 4,808 (£ 4,058, $4,956)","€ 250,000 (£ 211,019, $257,708)",4808,250000,40880000,8,0.631578947368421,0.00611545988258317,12.429216196844385,484,0.03663003663003663,0.03663003663003663,0.40293040293040294,0.10989010989010989,2.490842490842491,1.0256410256410255,1.8315018315018314,1.5384615384615383,0.29304029304029305,0.10989010989010989,0,0.09,27.3,0,1.200956142281551,1.28988634856094,0.10162459292792425,13.746104936681407,-1.3168887398370224,-73.20322763422764,Underpaid
Jan Paul van Hecke,2022-2023,22,NED,Brighton,Premier League,DF,8,295,3.3,3,5,24,0,0,0,0,0,0,0,2,2,0.0,,0,0.0,6,6,0,37,37,8.6,86.0,2,8.0,1.5,1.5,3,7,-4,-1.88,2,2,0,0,7,4,0,0,0,0,"£ 5,000 (€ 5,812, $6,355)","£ 260,000 (€ 302,217, $330,462)",5812,302217,44607160,19,0.05263157894736842,0.006775078260978731,12.618900581374906,484,0.0,0.0,0.6060606060606061,0.0,1.8181818181818183,1.8181818181818183,2.121212121212121,1.2121212121212122,0.6060606060606061,0.0,0,0.0,0.0,0,0.9614003159754793,0.8567815022063391,0.8179882451124283,13.90732066847865,-1.288420087103745,-72.42939693139728,Underpaid
Tom Louchet,2024-2025,21,FRA,Nice,Ligue 1,"DF,MF",22,775,8.6,7,15,8,1,0,1,1,0,0,0,12,12,0.08,0.25,4,33.3,17,15,0,35,35,25.3,80.0,3,14.0,1.86,1.86,20,11,9,0.41,1,1,0,0,8,9,0,0,0,0,"€ 2,308 (£ 1,948, $2,379)","€ 120,000 (£ 101,289, $123,700)",2308,120000,31330000,6,0.7058823529411765,0.003830194701563996,11.695247021764182,441,0.11627906976744186,0.0,1.3953488372093024,0.46511627906976744,1.9767441860465118,1.744186046511628,0.9302325581395349,1.0465116279069768,0.11627906976744186,0.0,0,0.08,33.3,0,1.348360224317595,0.6283839617289169,0.4156081237914244,12.97938996662612,-1.284142944861939,-72.31122099288984,Underpaid
Alessandro Vogliacco,2023-2024,24,ITA,Genoa,Serie A,DF,20,1169,13.0,14,6,12,0,1,1,0,0,0,0,5,5,0.0,,0,0.0,15,30,0,58,58,34.2,80.0,5,9.0,1.5,1.5,16,17,-1,-0.12,4,4,0,0,14,4,1,0,0,0,"€ 3,654 (£ 3,087, $3,927)","€ 190,000 (£ 160,518, $204,182)",3654,190000,30970000,12,0.42105263157894735,0.006134969325153374,12.154779351142622,576,0.0,0.07692307692307693,0.38461538461538464,0.0,1.1538461538461537,2.3076923076923075,1.0769230769230769,0.3076923076923077,0.3076923076923077,0.07692307692307693,0,0.0,0.0,0,0.8343918660511681,0.31945428779498564,1.1705621903220116,13.399976186379613,-1.2451968352369907,-71.21157632084798,Underpaid
Yoram Zague,2024-2025,18,FRA,Paris Saint-Germain,Ligue 1,DF,4,183,2.0,2,2,18,0,0,0,0,0,0,0,1,1,0.0,0.0,1,100.0,6,2,0,46,46,6.0,58.0,0,34.0,3.0,3.0,2,3,-1,-2.31,0,0,0,0,2,0,0,0,0,0,"€ 8,654 (£ 7,305, $8,921)","€ 450,000 (£ 379,834, $463,874)",8654,450000,183180000,1,1.0,0.002456600065509335,13.017002861746503,324,0.0,0.0,0.5,0.5,2.695421245421244,1.0,1.0,0.0,0.0,0.0,0,0.0,100.0,0,1.4539039043081925,1.2415173411130513,-0.027581459504124606,14.258312431795266,-1.241309570048763,-71.09945029304686,Underpaid
Lewis Hall,2022-2023,17,ENG,Chelsea,Premier League,"MF,DF",9,654,7.3,8,1,5,0,0,0,0,0,0,0,11,11,0.0,0.0,5,45.5,13,8,0,73,73,19.1,79.0,3,23.0,0.67,0.67,6,11,-5,-0.56,1,1,0,0,4,11,1,0,0,0,"£ 7,000 (€ 8,137, $8,897)","£ 364,000 (€ 423,103, $462,647)",8137,423103,220920267,3,0.8947368421052632,0.0019151841781904057,12.955370927205356,289,0.0,0.0,1.5068493150684932,0.684931506849315,1.7808219178082192,1.095890410958904,0.547945205479452,1.5068493150684932,0.136986301369863,0.136986301369863,0,0.0,45.5,0,1.4069448774339508,0.3738770403742684,-0.0547164810194225,14.179581063794862,-1.2242101365895053,-70.60101795579044,Underpaid
Iglesias,2022-2023,24,ESP,Getafe,La Liga,DF,32,2146,23.8,21,11,3,1,0,1,1,0,0,0,21,21,0.05,0.13,8,38.1,36,24,0,67,67,62.7,86.0,16,31.0,1.06,1.06,18,32,-14,-0.8,7,7,0,0,44,21,2,0,0,0,"€ 3,462 (£ 2,978, $3,785)","€ 180,000 (£ 154,856, $196,823)",3462,180000,34115000,10,0.5263157894736842,0.005276271434852704,12.100712129872347,576,0.04201680672268907,0.0,0.8823529411764706,0.3361344537815126,1.5126050420168067,1.0084033613445378,1.8487394957983192,0.8823529411764706,0.29411764705882354,0.08403361344537814,0,0.05,38.1,0,1.0687964217532546,0.44380862026355206,-0.06614332925592992,13.233220843688208,-1.1325087138158612,-67.77761258923218,Underpaid
Marvin Senaya,2023-2024,22,TOG,Strasbourg,Ligue 1,"DF,MF",32,2138,23.8,23,9,1,1,1,2,1,0,0,0,16,16,0.06,0.33,3,18.8,51,39,0,67,67,69.9,83.0,16,25.0,1.09,1.09,25,36,-11,-0.37,5,5,1,1,36,51,0,0,0,0,"€ 2,692 (£ 2,275, $2,893)","€ 140,000 (£ 118,276, $150,450)",2692,140000,17430000,11,0.4117647058823529,0.008032128514056224,11.849397701591442,484,0.04201680672268907,0.04201680672268907,0.6722689075630252,0.12605042016806722,2.142857142857143,1.638655462184874,1.5126050420168067,2.142857142857143,0.21008403361344538,0.0,0,0.06,18.8,0,1.296853470342736,0.8460036725144069,0.3392068275066211,12.972098764049614,-1.1227010624581713,-67.46003183259644,Underpaid
Melvin Bard,2023-2024,22,FRA,Nice,Ligue 1,DF,32,2654,29.5,31,1,0,1,2,3,1,0,0,0,15,15,0.07,0.2,5,33.3,40,42,0,83,83,86.7,85.0,22,31.0,1.59,1.59,33,22,11,0.37,7,7,1,0,40,24,1,0,0,0,"€ 3,846 (£ 3,249, $4,133)","€ 200,000 (£ 168,966, $214,929)",3846,200000,23110000,9,0.5294117647058824,0.00865426222414539,12.206072645530172,484,0.03389830508474576,0.06779661016949153,0.5084745762711864,0.1694915254237288,1.3559322033898304,1.423728813559322,1.3559322033898304,0.8135593220338984,0.23728813559322035,0.03389830508474576,0,0.07,33.3,0,1.1285857951999005,0.2273464081899299,0.28661552736042806,13.327956116803389,-1.1218834712732164,-67.43341656274164,Underpaid
Frederik Winther,2022-2023,21,DEN,Augsburg,Bundesliga,DF,1,90,1.0,1,0,7,0,1,1,0,0,0,0,0,0,,,0,,2,0,0,90,90,2.9,90.0,1,,0.0,0.0,2,3,-1,-0.39,0,0,0,0,0,0,0,0,0,0,"€ 1,538 (£ 1,324, $1,682)","€ 80,000 (£ 68,825, $87,477)",1538,80000,26070000,11,0.4117647058823529,0.0030686612965093976,11.289781913656018,441,0.0,0.348177247014456,0.0,0.0,2.0,0.0,0.0,0.0,0.0,0.0,1,0.0,0.0,1,1.2962888099924545,0.7037111900075455,-1.0691926435843417,12.40195052002137,-1.1121686063653513,-67.1154948211661,Underpaid
Leonidas Stergiou,2024-2025,22,SUI,Stuttgart,Bundesliga,DF,12,852,9.5,11,1,4,1,2,3,1,0,0,0,3,3,0.33,1.0,1,33.3,11,14,0,71,71,27.8,77.0,5,2.0,1.58,1.58,17,15,2,-0.16,0,0,1,0,6,0,1,0,0,0,"€ 3,654 (£ 3,084, $3,767)","€ 190,000 (£ 160,375, $195,858)",3654,190000,38450000,9,0.5294117647058824,0.00494148244473342,12.154779351142622,484,0.10526315789473684,0.21052631578947367,0.3157894736842105,0.10526315789473684,1.1578947368421053,1.4736842105263157,0.631578947368421,0.0,0.0,0.10526315789473684,0,0.33,33.3,0,1.0173304373125438,0.1405642995295615,0.21948270402854475,13.252328572627965,-1.0975492214853428,-66.63121225203439,Underpaid
Alex Sola,2022-2023,23,ESP,Real Sociedad,La Liga,DF,10,349,3.9,3,7,16,0,0,0,0,0,0,0,4,4,0.0,0.0,1,25.0,9,7,0,35,35,10.2,77.0,1,17.0,1.5,1.5,7,5,2,0.11,1,1,0,0,3,8,0,0,0,0,"€ 4,615 (£ 3,971, $5,047)","€ 240,000 (£ 206,474, $262,431)",4615,240000,43080000,9,0.5789473684210527,0.005571030640668524,12.388394202324127,529,0.0,0.0,1.0256410256410258,0.25641025641025644,2.307692307692308,1.794871794871795,0.7692307692307693,2.0512820512820515,0.25641025641025644,0.0,0,0.0,25.0,0,1.2061610857017633,1.1015312219905447,0.8412881309696509,13.47898087416597,-1.0905866718418427,-66.39806971940571,Underpaid
Marvin Senaya,2024-2025,23,TOG,Strasbourg,Ligue 1,DF,10,227,2.5,1,9,7,0,0,0,0,0,0,0,1,1,0.0,,0,0.0,3,7,0,23,23,7.4,45.0,0,20.0,1.5,1.5,2,6,-4,-2.09,3,3,0,0,4,4,0,0,0,0,"€ 2,692 (£ 2,273, $2,775)","€ 140,000 (£ 118,171, $144,316)",2692,140000,20920000,11,0.4117647058823529,0.006692160611854685,11.849397701591442,529,0.0,0.0,0.4,0.0,1.2,2.3681036313442276,1.6,1.6,0.9090909090909091,0.0,0,0.0,0.0,0,0.8188139862182144,0.3811860137817855,1.0500441432979082,12.936669996466728,-1.0872722948752855,-66.28651549138938,Underpaid
Lamare Bogarde,2024-2025,20,NED,Aston Villa,Premier League,"DF,MF",8,476,5.3,5,3,14,0,0,0,0,0,0,0,1,1,0.0,0.0,1,100.0,6,1,0,60,60,13.9,77.0,2,30.0,1.5,1.5,10,11,-1,-0.43,2,2,0,0,8,11,0,0,0,0,"£ 8,000 (€ 9,478, $9,770)","£ 416,000 (€ 492,855, $508,041)",9478,492855,127424741,6,0.7368421052631579,0.0038678124525283516,13.10797029211669,400,0.0,0.0,0.18867924528301888,0.18867924528301888,1.1320754716981132,0.18867924528301888,1.509433962264151,2.0754716981132075,0.37735849056603776,0.0,0,0.0,100.0,0,0.9398726073936127,0.1922028643045005,-0.5318480272717627,14.137030344858614,-1.029060052741924,-64.26573139597514,Underpaid
Antoine Mendy,2024-2025,20,SEN,Nice,Ligue 1,"DF,MF",18,825,9.2,8,10,10,0,0,0,0,0,0,0,9,9,0.0,0.0,1,11.1,20,7,0,46,46,27.0,76.0,4,22.0,1.89,1.89,19,10,9,0.34,2,2,0,0,13,9,0,0,0,0,"€ 2,308 (£ 1,948, $2,379)","€ 120,000 (£ 101,289, $123,700)",2308,120000,31330000,6,0.7058823529411765,0.003830194701563996,11.695247021764182,400,0.0,0.0,0.9782608695652175,0.10869565217391305,2.173913043478261,0.7608695652173914,1.4130434782608696,0.9782608695652175,0.2173913043478261,0.0,0,0.0,11.1,0,1.348360224317595,0.8255528191606663,-0.5677083575028121,12.715817089447293,-1.0205700676831118,-63.961056476757996,Underpaid
Yannik Keitel,2023-2024,23,GER,Freiburg,Bundesliga,"DF,MF",15,920,10.2,11,4,10,1,0,1,1,0,0,0,6,6,0.17,0.5,2,33.3,17,11,0,61,61,30.1,80.0,7,9.0,1.53,1.53,13,13,0,0.55,0,0,0,0,12,6,0,0,0,0,"€ 2,308 (£ 1,950, $2,480)","€ 120,000 (£ 101,379, $128,957)",2308,120000,21620000,15,0.17647058823529413,0.005550416281221091,11.695247021764182,529,0.09803921568627452,0.0,0.5882352941176471,0.19607843137254904,1.6666666666666667,1.0784313725490198,1.1764705882352942,0.5882352941176471,0.0,0.0,0,0.17,33.3,0,1.0846089400185142,0.5820577266481526,0.07319547620133249,12.707949531028333,-1.0127025092641517,-63.67639967453786,Underpaid
Sergi Cardona,2023-2024,24,ESP,Las Palmas,La Liga,DF,35,2814,31.3,30,5,0,1,2,3,1,0,0,0,26,26,0.04,0.2,5,19.2,58,45,0,80,80,82.3,87.0,25,40.0,1.09,1.09,30,38,-8,0.64,11,11,0,0,52,59,5,0,0,0,"€ 3,269 (£ 2,762, $3,513)","€ 170,000 (£ 143,621, $182,690)",3269,170000,16290000,19,0.05263157894736842,0.010435850214855739,12.043553716032399,576,0.03194888178913738,0.06389776357827476,0.8306709265175719,0.1597444089456869,1.853035143769968,1.4376996805111821,1.6613418530351438,1.8849840255591055,0.3514376996805112,0.1597444089456869,0,0.04,19.2,0,1.3625247018669466,0.4905104419030213,0.4116627573976339,13.041865546409461,-0.9983118303770624,-63.149899142308044,Underpaid
David Odogu,2024-2025,18,GER,Wolfsburg,Bundesliga,DF,3,195,2.2,2,1,14,0,0,0,0,0,0,0,2,2,0.0,,0,0.0,4,2,0,65,65,6.4,90.0,2,15.0,0.0,0.0,2,4,-2,-1.05,0,0,0,0,2,0,1,0,0,0,"€ 2,308 (£ 1,948, $2,379)","€ 120,000 (£ 101,289, $123,700)",2308,120000,53270000,5,0.7647058823529411,0.0022526750516238033,11.695247021764182,324,0.0,0.0,0.9090909090909091,0.0,1.8181818181818181,0.9090909090909091,0.9090909090909091,0.0,0.0,0.45454545454545453,0,0.0,0.0,0,0.9627314401549427,0.8554503780268754,-0.14017285655731426,12.689399412544953,-0.994152390780771,-62.99630416059357,Underpaid
Juanlu Sánchez,2023-2024,19,ESP,Sevilla,La Liga,"DF,MF",26,1181,13.1,11,15,11,0,2,2,0,0,0,0,11,11,0.0,0.0,2,18.2,36,10,0,45,45,34.5,84.0,7,17.0,1.12,1.12,12,20,-8,-0.69,2,2,0,0,11,23,1,0,0,0,"€ 4,808 (£ 4,062, $5,167)","€ 250,000 (£ 211,207, $268,661)",4808,250000,77810000,4,0.8421052631578947,0.003212954633080581,12.429216196844385,361,0.0,0.15267175572519084,0.8396946564885497,0.15267175572519084,2.695421245421244,0.7633587786259542,0.8396946564885497,1.7557251908396947,0.15267175572519084,0.07633587786259542,0,0.0,18.2,0,1.5621581422440747,1.1332631031771692,-0.262524724940122,13.416800862019308,-0.9875846651749232,-62.752474212287446,Underpaid
Yarek Gasiorowski,2024-2025,19,ESP,Valencia,La Liga,DF,15,947,10.5,9,6,23,0,0,0,0,0,0,0,3,3,0.0,,0,0.0,16,26,0,63,63,27.7,88.0,5,26.0,0.93,0.93,11,22,-11,-1.08,1,1,0,0,5,2,0,0,0,0,"€ 3,846 (£ 3,246, $3,965)","€ 200,000 (£ 168,815, $206,166)",3846,200000,37530000,9,0.5789473684210527,0.005329070077271516,12.206072645530172,361,0.0,0.0,0.2857142857142857,0.0,1.5238095238095237,2.3681036313442276,0.47619047619047616,0.19047619047619047,0.09523809523809523,0.0,0,0.0,0.0,0,1.3365496798266399,0.18725984398288387,1.326920130499142,13.15593672220298,-0.9498640766728084,-61.320640584611816,Underpaid
Lewis Hall,2024-2025,19,ENG,Newcastle United,Premier League,DF,27,2189,24.3,24,3,0,0,4,4,0,0,0,0,11,11,0.0,0.0,1,9.1,40,17,0,81,81,64.0,87.0,18,30.0,1.63,1.63,44,31,13,-0.05,3,3,0,0,9,21,1,0,0,0,"£ 7,000 (€ 8,293, $8,549)","£ 364,000 (€ 431,248, $444,536)",8293,431248,122372117,8,0.631578947368421,0.00352407076523813,12.974438609635794,361,0.0,0.1646090534979424,0.45267489711934156,0.0411522633744856,1.646090534979424,0.6995884773662551,0.37037037037037035,0.8641975308641975,0.12345679012345678,0.0411522633744856,0,0.0,9.1,0,1.0758203170126914,0.5702702179667325,-0.18700756802451235,13.919743513884773,-0.9453049042489798,-61.14389210856335,Underpaid
Edoardo Bove,2022-2023,20,ITA,Roma,Serie A,"MF,DF",22,992,11.0,10,12,16,1,0,1,1,0,0,0,7,7,0.14,0.5,2,28.6,19,8,0,45,45,29.0,75.0,4,20.0,1.77,1.77,12,13,-1,-0.57,2,2,0,0,24,23,1,0,0,0,"€ 7,115 (£ 6,121, $7,780)","€ 370,000 (£ 318,315, $404,580)",7115,370000,93570000,3,0.8947368421052632,0.003954258843646468,12.821258284620406,400,0.09090909090909091,0.0,0.6363636363636364,0.18181818181818182,1.7272727272727273,0.7272727272727273,2.1818181818181817,2.090909090909091,0.18181818181818182,0.09090909090909091,0,0.14,28.6,0,1.0308627965209571,0.6964099307517702,-0.5781470893957301,13.765521585851777,-0.9442633012313717,-61.10339838379926,Underpaid
Jordan Zemura,2022-2023,22,ZIM,Bournemouth,Premier League,"DF,MF",19,1454,16.2,17,2,5,0,1,1,0,0,0,0,4,4,0.0,0.0,1,25.0,23,15,0,77,77,42.5,83.0,12,23.0,0.95,0.95,14,31,-17,-0.27,1,1,0,0,17,14,0,0,0,0,"£ 8,000 (€ 9,299, $10,168)","£ 416,000 (€ 483,546, $528,739)",9299,483546,44667602,18,0.10526315789473684,0.010825430028681637,13.088901728957033,484,0.0,0.0617283950617284,0.2469135802469136,0.0617283950617284,1.4197530864197532,0.9259259259259259,1.0493827160493827,0.8641975308641976,0.0617283950617284,0.0,0,0.0,25.0,0,1.0811671594776513,0.3385859269421019,-0.0635376627577472,14.027241536727484,-0.9383398077704506,-60.872310871484736,Underpaid
Ismail Jakobs,2023-2024,23,SEN,Monaco,Ligue 1,"MF,DF",22,1466,16.3,16,6,2,1,2,3,1,0,0,0,21,21,0.05,0.14,7,33.3,42,12,0,67,67,47.9,86.0,10,16.0,1.95,1.95,31,24,7,-0.64,0,0,0,0,25,18,3,0,0,0,"€ 12,500 (£ 10,560, $13,433)","€ 650,000 (£ 549,139, $698,519)",12500,650000,58770000,3,0.8823529411764706,0.011060064658839543,13.38472764187182,529,0.06134969325153374,0.12269938650306748,1.2883435582822085,0.42944785276073616,2.576687116564417,0.7361963190184049,1.5337423312883436,1.1042944785276072,0.0,0.18404907975460122,0,0.05,33.3,0,1.4514357832069669,1.12525133335745,-0.7350715395193255,14.313465593344933,-0.9287379514731136,-60.494802935125676,Underpaid
Tom Pouilly,2024-2025,21,FRA,Lens,Ligue 1,DF,10,273,3.0,2,8,11,0,0,0,0,0,0,0,5,5,0.0,0.0,2,40.0,6,4,0,27,27,8.9,75.0,0,16.0,1.3,1.3,2,6,-4,-1.54,1,1,0,0,3,2,0,0,0,0,"€ 1,731 (£ 1,461, $1,784)","€ 90,000 (£ 75,967, $92,775)",1731,90000,26990000,8,0.5882352941176471,0.0033345683586513525,11.407564949312404,441,0.0,0.0,1.6666666666666667,0.6666666666666666,2.0,1.3333333333333333,1.0,0.6666666666666666,0.3333333333333333,0.0,0,0.0,40.0,0,1.2860545155843919,0.7139454844156081,0.18784543329747527,12.31312204575398,-0.9055570964415764,-59.56834209772058,Underpaid
Lilian Raolisoa,2024-2025,24,FRA,Angers,Ligue 1,"DF,MF",29,1318,14.6,14,15,1,0,3,3,0,0,0,0,14,14,0.0,0.0,1,7.1,25,16,0,45,45,43.1,72.0,4,21.0,1.0,1.0,15,24,-9,0.01,1,1,2,0,16,9,3,0,0,0,"€ 2,885 (£ 2,435, $2,974)","€ 150,000 (£ 126,611, $154,625)",2885,150000,14880000,14,0.23529411764705882,0.010080645161290322,11.918390573078394,576,0.0,0.20547945205479454,0.9589041095890412,0.0684931506849315,1.7123287671232876,1.095890410958904,1.095890410958904,0.6164383561643836,0.0684931506849315,0.20547945205479454,0,0.0,7.1,0,1.4107448634917557,0.301583903631532,0.13681637450571127,12.810169833154937,-0.8917792600765431,-59.00742609989802,Underpaid
João Ferreira,2023-2024,22,POR,Udinese,Serie A,"DF,MF",35,1822,20.2,18,17,2,0,1,1,0,0,0,0,3,3,0.0,,0,0.0,43,30,0,52,52,53.3,80.0,11,22.0,1.0,1.0,25,31,-6,0.27,9,9,0,0,35,11,2,0,0,0,"€ 4,423 (£ 3,737, $4,753)","€ 230,000 (£ 194,311, $247,168)",4423,230000,26760000,16,0.21052631578947367,0.0085949177877429,12.345834587905332,484,0.0,0.04950495049504951,0.1485148514851485,0.0,2.128712871287129,1.4851485148514851,1.7326732673267327,0.5445544554455446,0.44554455445544555,0.09900990099009901,0,0.0,0.0,0,1.261768999528338,0.8669438717587907,0.24091591118561317,13.227098565053165,-0.8812639771478334,-58.5741033243134,Underpaid
Antoine Hainaut,2024-2025,22,FRA,Parma,Serie A,"DF,MF",25,1206,13.4,10,15,12,2,0,2,2,0,0,0,6,6,0.33,0.67,3,50.0,13,15,0,48,48,35.3,81.0,5,26.0,0.96,0.96,19,20,-1,0.45,4,4,0,0,13,16,1,0,0,0,"€ 5,000 (£ 4,220, $5,154)","€ 260,000 (£ 219,460, $268,016)",5000,260000,23700000,16,0.21052631578947367,0.010970464135021098,12.468436909997665,484,0.14925373134328357,0.0,0.44776119402985076,0.22388059701492538,0.9701492537313433,1.1194029850746268,0.9701492537313433,1.1940298507462686,0.29850746268656714,0.07462686567164178,0,0.33,50.0,0,0.8118842526249257,0.1582650011064176,0.06907883625928513,13.328592425757469,-0.8601555157598035,-57.69037209381486,Underpaid
Nuno Mendes,2023-2024,21,POR,Paris Saint-Germain,Ligue 1,DF,6,267,3.0,2,4,0,1,1,2,1,0,0,0,4,4,0.25,1.0,1,25.0,5,4,0,45,45,8.7,75.0,0,30.0,2.0,2.0,10,1,9,1.78,3,3,0,0,6,1,0,0,0,0,"€ 27,692 (£ 23,395, $29,759)","€ 1,440,000 (£ 1,216,554, $1,547,488)",27692,1440000,293190000,1,1.0,0.004911490842116034,14.180153671552183,441,0.2644955411785271,0.3333333333333333,1.3333333333333333,0.3333333333333333,1.6666666666666667,1.3333333333333333,2.0,0.3333333333333333,0.9090909090909091,0.0,0,0.25,25.0,0,1.04446895209001,0.6221977145766568,0.3886179353218785,15.026371666922564,-0.846217995370381,-57.09655221652943,Underpaid
Rayan Aït-Nouri,2024-2025,23,ALG,Wolves,Premier League,"MF,DF",37,3109,34.5,37,0,0,4,7,11,4,0,0,0,36,36,0.11,0.31,13,36.1,55,24,0,84,84,90.9,84.0,18,,1.05,1.05,46,66,-20,-2.03,7,7,1,1,30,46,6,0,0,0,"£ 10,000 (€ 11,847, $12,213)","£ 520,000 (€ 616,068, $635,051)",11847,616068,64297734,18,0.10526315789473684,0.009581488517153652,13.331112626033562,529,0.11594202898550725,0.2028985507246377,1.0434782608695652,0.37681159420289856,1.5942028985507246,0.6956521739130435,0.8695652173913043,1.3333333333333333,0.2028985507246377,0.17391304347826086,0,0.11,36.1,0,1.2492036942718077,0.34499920427891695,-0.38201551054572147,14.168949682196367,-0.8378370561628046,-56.73547003850541,Underpaid
Josip Stanišić,2022-2023,22,CRO,Bayern Munich,Bundesliga,DF,14,579,6.4,4,10,16,0,0,0,0,0,0,0,0,0,,,0,,11,7,0,41,41,18.9,87.0,2,23.0,1.93,1.93,13,10,3,-1.38,1,1,0,0,5,3,0,0,0,0,"€ 36,346 (£ 31,269, $39,743)","€ 1,890,000 (£ 1,625,987, $2,066,641)",36346,1890000,262470000,1,1.0,0.007200822951194422,14.452087387035826,484,0.0,0.0,0.0,0.0,1.71875,1.09375,0.78125,0.46875,0.15625,0.0,1,0.0,0.0,1,1.318925197554609,0.399824802445391,0.061413395201500354,15.270212059740203,-0.8181246727043767,-55.8741617039521,Underpaid
Melvin Bard,2022-2023,21,FRA,Nice,Ligue 1,"DF,MF",33,2456,27.3,28,5,2,0,0,0,0,0,0,0,7,7,0.0,0.0,2,28.6,61,59,0,74,74,71.8,83.0,19,28.0,1.42,1.42,31,32,-1,-1.16,6,6,0,0,30,20,2,0,0,0,"€ 3,846 (£ 3,309, $4,206)","€ 200,000 (£ 172,062, $218,692)",3846,200000,43100000,5,0.7894736842105263,0.004640371229698376,12.206072645530172,441,0.0,0.0,0.2564102564102564,0.07326007326007326,2.2344322344322345,2.161172161172161,1.0989010989010988,0.7326007326007326,0.21978021978021978,0.07326007326007326,0,0.0,28.6,0,1.5539969594355247,0.6804352749967097,0.8257296355528976,13.021486136371728,-0.8154134908415553,-55.75436621117822,Underpaid
Jean-Clair Todibo,2024-2025,24,FRA,West Ham United,Premier League,DF,27,1825,20.3,20,7,5,0,0,0,0,0,0,0,5,5,0.0,,0,0.0,26,23,0,68,68,53.4,80.0,9,31.0,1.37,1.37,30,32,-2,0.69,3,3,0,0,16,6,0,0,0,0,"£ 20,000 (€ 23,695, $24,425)","£ 1,040,000 (€ 1,232,137, $1,270,102)",23695,1232137,106906152,9,0.5789473684210527,0.011525407817503337,14.024260618191896,576,0.0,0.0,0.24630541871921183,0.0,1.2807881773399015,1.1330049261083743,0.7881773399014778,0.29556650246305416,0.14778325123152708,0.0,0,0.0,0.0,0,1.1323115337487288,0.14847664359117263,-0.015519361917123664,14.831730670744822,-0.8074700525529259,-55.40150413598796,Underpaid
Copete,2023-2024,23,ESP,Mallorca,La Liga,DF,19,1333,14.8,17,2,16,1,1,2,1,0,0,0,7,7,0.14,1.0,1,14.3,26,33,0,70,70,39.0,77.0,8,14.0,1.05,1.05,10,20,-10,-0.63,7,7,0,0,36,13,0,0,0,0,"€ 4,038 (£ 3,412, $4,340)","€ 210,000 (£ 177,414, $225,675)",4038,210000,20610000,14,0.3157894736842105,0.010189228529839884,12.254862809699606,529,0.06756756756756756,0.06756756756756756,0.47297297297297297,0.06756756756756756,1.7567567567567566,2.22972972972973,2.4324324324324325,0.8783783783783783,0.47297297297297297,0.0,0,0.14,14.3,0,1.184315558343532,0.5724411984132245,0.9381358285913886,13.007488479729505,-0.7526256700298983,-52.88720991025121,Underpaid
Soungoutou Magassa,2023-2024,19,FRA,Monaco,Ligue 1,DF,21,1346,15.0,15,6,10,0,0,0,0,0,0,0,8,8,0.0,0.0,3,37.5,29,20,0,64,64,44.0,87.0,12,8.0,2.1,2.1,35,22,13,0.19,7,7,0,0,31,13,1,0,0,0,"€ 6,923 (£ 5,849, $7,440)","€ 360,000 (£ 304,138, $386,872)",6923,360000,58770000,3,0.8823529411764706,0.006125574272588055,12.793859310432293,361,0.0,0.0,0.5333333333333333,0.2,1.9333333333333333,1.3333333333333333,2.066666666666667,0.8666666666666667,0.4666666666666667,0.06666666666666667,0,0.0,37.5,0,1.4514357832069669,0.4818975501263665,-0.13793452520439708,13.545300722399926,-0.7514414119676331,-52.83138315863587,Underpaid
Paul Jaeckel,2022-2023,24,GER,Union Berlin,Bundesliga,DF,16,1196,13.3,13,3,11,1,0,1,1,0,0,0,2,2,0.5,0.5,2,100.0,17,19,0,75,75,39.1,86.0,10,27.0,1.5,1.5,19,14,5,-0.01,4,4,1,1,16,3,0,0,0,0,"€ 5,769 (£ 4,963, $6,308)","€ 300,000 (£ 258,093, $328,038)",5769,300000,20430000,15,0.17647058823529413,0.014684287812041116,12.61153775363834,576,0.07518796992481203,0.0,0.15037593984962405,0.15037593984962405,1.2781954887218046,1.4285714285714286,1.2030075187969924,0.22556390977443608,0.3007518796992481,0.0,0,0.5,100.0,0,1.0309248673479363,0.24727062137386824,0.39260316434607656,13.36221341615548,-0.7506756625171409,-52.79524998349523,Underpaid
Nathaniel Brown,2024-2025,21,GER,Eintracht Frankfurt,Bundesliga,"MF,DF",26,1947,21.6,22,4,2,3,6,9,3,0,0,0,13,13,0.23,0.6,5,38.5,42,16,0,75,75,63.6,84.0,12,26.0,1.77,1.77,45,27,18,0.51,2,2,0,0,15,22,0,0,0,0,"€ 5,385 (£ 4,545, $5,551)","€ 280,000 (£ 236,341, $288,632)",5385,280000,41010000,8,0.5882352941176471,0.006827603023652768,12.542544882151388,441,0.13888888888888887,0.27777777777777773,0.6018518518518519,0.23148148148148145,1.9444444444444444,0.7407407407407407,0.6944444444444444,1.0185185185185184,0.09259259259259259,0.0,0,0.23,38.5,0,1.1348693952390974,0.8095750492053471,-0.539345991956911,13.283177385895998,-0.7406325037446102,-52.31877653999246,Underpaid
Saba Goglichidze,2024-2025,20,GEO,Empoli,Serie A,DF,33,2539,28.2,29,4,4,0,1,1,0,0,0,0,6,6,0.0,,0,0.0,41,33,0,77,77,74.2,82.0,17,41.0,0.64,0.64,25,49,-24,-0.65,3,3,1,0,27,34,1,0,0,0,"€ 2,885 (£ 2,435, $2,974)","€ 150,000 (£ 126,611, $154,625)",2885,150000,20900000,18,0.10526315789473684,0.007177033492822967,11.918390573078394,400,0.0,0.03546099290780142,0.2127659574468085,0.0,1.4539007092198581,1.1702127659574468,0.9574468085106383,1.2056737588652482,0.10638297872340426,0.03546099290780142,0,0.0,0.0,0,1.216940858877352,0.2369598503425061,-0.24171292758034246,12.658001196844856,-0.7396106237664615,-52.27002714863372,Underpaid
Guela Doué,2023-2024,20,CIV,Rennes,Ligue 1,DF,24,1234,13.7,13,11,7,0,2,2,0,0,0,0,15,15,0.0,0.0,3,20.0,21,15,0,51,51,40.3,81.0,11,16.0,1.63,1.63,29,18,11,1.0,1,1,1,0,29,11,0,0,0,0,"€ 2,885 (£ 2,437, $3,100)","€ 150,000 (£ 126,724, $161,197)",2885,150000,32330000,5,0.7647058823529411,0.0046396535725332505,11.918390573078394,400,0.0,0.14598540145985403,1.094890510948905,0.21897810218978103,1.5328467153284673,1.094890510948905,2.1167883211678835,0.8029197080291971,0.07299270072992702,0.0,0,0.0,20.0,0,1.018901562529169,0.5139451527992982,-0.006262793818565093,12.654932986349115,-0.7365424132707208,-52.12335665205319,Underpaid
Paul Akouokou,2022-2023,24,CIV,Real Betis,La Liga,"MF,DF",12,447,5.0,3,9,19,0,0,0,0,0,0,0,3,3,0.0,0.0,1,33.3,8,12,0,37,37,13.1,89.0,2,20.0,1.67,1.67,2,6,-4,-1.08,3,3,0,0,7,4,0,0,0,0,"€ 8,654 (£ 7,445, $9,463)","€ 450,000 (£ 387,140, $492,057)",8654,450000,43240000,8,0.631578947368421,0.010407030527289547,13.017002861746503,576,0.0,0.0,0.6,0.2,1.6,2.3681036313442276,1.4,0.8,0.6,0.0,0,0.0,33.3,0,1.1765307281405635,0.4234692718594366,0.9754392776541245,13.721793555405878,-0.7047906936593744,-50.578799486231695,Underpaid
Luke Thomas,2024-2025,23,ENG,Leicester City,Premier League,DF,14,1110,12.3,13,1,11,0,0,0,0,0,0,0,5,5,0.0,,0,0.0,25,20,0,79,79,32.5,85.0,9,4.0,0.57,0.57,8,23,-15,0.03,3,3,0,0,16,10,0,0,0,0,"£ 15,000 (€ 17,771, $18,319)","£ 780,000 (€ 924,103, $952,577)",17771,924103,77514660,13,0.3684210526315789,0.011921654561859653,13.736578816272766,529,0.0,0.0,0.4065040650406504,0.0,2.0325203252032518,1.6260162601626016,1.3008130081300813,0.8130081300813008,0.24390243902439024,0.0,0,0.0,0.0,0,1.1380972855807172,0.8944230396225346,0.566520575609248,14.439504613866209,-0.7029257975934424,-50.486548090924124,Underpaid
Adrien Truffert,2022-2023,20,FRA,Rennes,Ligue 1,DF,28,1954,21.7,24,4,0,0,6,6,0,0,0,0,10,10,0.0,0.0,3,30.0,38,19,0,70,70,57.1,79.0,13,13.0,1.79,1.79,35,25,10,-0.77,1,1,0,0,20,25,3,0,0,0,"€ 2,885 (£ 2,482, $3,154)","€ 150,000 (£ 129,047, $164,019)",2885,150000,31080000,6,0.7368421052631579,0.004826254826254826,11.918390573078394,400,0.0,0.2764976958525346,0.4608294930875576,0.1382488479262673,1.7511520737327189,0.8755760368663594,0.9216589861751152,1.1520737327188941,0.04608294930875576,0.1382488479262673,0,0.0,30.0,0,1.0489455885231413,0.7022064852095775,-0.08254589996143824,12.578817388301923,-0.6604268152235289,-48.336921845513714,Underpaid
Luke Thomas,2022-2023,21,ENG,Leicester City,Premier League,DF,17,1073,11.9,11,6,19,0,0,0,0,0,0,0,3,3,0.0,,0,0.0,18,27,0,63,63,31.4,86.0,8,21.0,0.88,0.88,14,20,-6,-0.08,3,3,0,0,11,7,0,1,0,1,"£ 10,000 (€ 11,624, $12,710)","£ 520,000 (€ 604,433, $660,924)",11624,604433,91571604,11,0.47368421052631576,0.006600659741637812,13.312046107493128,441,0.0,0.0,0.25210084033613445,0.0,1.5126050420168067,2.26890756302521,0.9243697478991596,0.5882352941176471,0.25210084033613445,0.0,0,0.0,0.0,0,1.2298995415343836,0.28270550048242304,1.019974547750282,13.972466360737423,-0.6604202532442951,-48.33658283235541,Underpaid
Tiago Djaló,2022-2023,22,POR,Lille,Ligue 1,DF,25,2017,22.4,24,1,0,2,0,2,2,0,0,0,15,15,0.13,0.5,4,26.7,24,21,0,81,81,59.0,83.0,18,20.0,1.68,1.68,41,24,17,0.5,7,7,0,0,19,18,1,1,0,1,"€ 6,346 (£ 5,460, $6,939)","€ 330,000 (£ 283,902, $360,842)",6346,330000,26620000,7,0.6842105263157895,0.012396694214876033,12.706847933442663,484,0.08928571428571429,0.0,0.6696428571428572,0.17857142857142858,1.0714285714285714,0.9375000000000001,0.8482142857142858,0.8035714285714286,0.3125,0.044642857142857144,0,0.13,26.7,0,0.9323245952101805,0.13910397621839088,-0.21062164668740346,13.327096269057519,-0.6202483356148552,-46.218913658169434,Underpaid
Malo Gusto,2024-2025,21,FRA,Chelsea,Premier League,DF,32,1862,20.7,19,13,1,0,1,1,0,0,0,0,22,22,0.0,0.0,5,22.7,31,25,0,58,58,54.4,84.0,14,20.0,1.66,1.66,39,26,13,0.17,4,4,0,0,20,20,2,0,0,0,"£ 45,000 (€ 53,314, $54,956)","£ 2,340,000 (€ 2,772,308, $2,857,730)",53314,2772308,203953524,3,0.8947368421052632,0.013592841867248148,14.835190744230658,441,0.0,0.04830917874396135,1.0628019323671498,0.24154589371980678,1.497584541062802,1.2077294685990339,0.9661835748792271,0.9661835748792271,0.1932367149758454,0.0966183574879227,0,0.0,22.7,0,1.2413608539318388,0.2562236871309631,0.14064565971851306,15.450722899727287,-0.6155321554966289,-45.9646733176497,Underpaid
Arne Engels,2023-2024,19,BEL,Augsburg,Bundesliga,"MF,DF",32,1405,15.6,13,19,0,3,2,5,3,0,0,0,20,20,0.15,0.43,7,35.0,21,14,0,44,44,45.9,74.0,2,23.0,1.22,1.22,25,21,4,1.02,1,1,1,0,24,15,1,0,0,0,"€ 2,308 (£ 1,950, $2,480)","€ 120,000 (£ 101,379, $128,957)",2308,120000,24360000,13,0.29411764705882354,0.0049261083743842365,11.695247021764182,361,0.19230769230769232,0.12820512820512822,1.2820512820512822,0.44871794871794873,1.3461538461538463,0.8974358974358975,1.5384615384615385,0.9615384615384616,0.06410256410256411,0.06410256410256411,0,0.15,35.0,0,1.122569663868075,0.22358418228577115,-0.3581546236368728,12.309142030900206,-0.6138950091360247,-45.87613712565029,Underpaid
Enzo Tchato,2024-2025,21,CMR,Montpellier,Ligue 1,"DF,MF",27,1899,21.1,21,6,0,0,0,0,0,0,0,0,4,4,0.0,0.0,2,50.0,28,20,0,70,70,62.1,80.0,13,36.0,0.56,0.56,19,50,-31,0.47,3,3,0,0,21,16,2,0,0,0,"€ 2,308 (£ 1,948, $2,379)","€ 120,000 (£ 101,289, $123,700)",2308,120000,14670000,16,0.11764705882352941,0.0081799591002045,11.695247021764182,441,0.0,0.0,0.1895734597156398,0.0947867298578199,1.3270142180094786,0.947867298578199,0.995260663507109,0.7582938388625592,0.14218009478672985,0.0947867298578199,0,0.0,50.0,0,1.180119443612318,0.1468947743971607,-0.11764356560422795,12.284018187542626,-0.5887711657784447,-44.499112023018625,Underpaid
Luck Zogbé,2024-2025,19,CIV,Brest,Ligue 1,DF,13,638,7.1,7,6,17,0,0,0,0,0,0,0,8,8,0.0,0.0,1,12.5,19,14,0,49,49,20.8,79.0,6,14.0,1.69,1.69,15,14,1,0.44,2,2,0,0,9,11,1,0,0,0,"€ 1,731 (£ 1,461, $1,784)","€ 90,000 (£ 75,967, $92,775)",1731,90000,24250000,9,0.5294117647058824,0.003711340206185567,11.407564949312404,361,0.0,0.0,1.1267605633802817,0.14084507042253522,2.676056338028169,1.971830985915493,1.267605633802817,1.5492957746478875,0.28169014084507044,0.14084507042253522,0,0.0,12.5,0,1.3785266367307942,1.2975297012973748,0.7766916762209182,11.996204835478776,-0.5886398861663729,-44.49182540969395,Underpaid
Marcus Pedersen,2023-2024,23,NOR,Sassuolo,Serie A,DF,28,1613,17.9,16,12,5,0,2,2,0,0,0,0,3,3,0.0,,0,0.0,24,10,0,58,58,47.2,86.0,14,20.0,0.82,0.82,14,40,-26,-1.15,4,4,0,0,13,9,0,0,0,0,"€ 5,962 (£ 5,036, $6,407)","€ 310,000 (£ 261,897, $333,140)",5962,310000,33700000,10,0.5263157894736842,0.009198813056379823,12.644327576461329,529,0.0,0.111731843575419,0.1675977653631285,0.0,1.340782122905028,0.558659217877095,0.7262569832402235,0.5027932960893855,0.223463687150838,0.0,0,0.0,0.0,0,0.8239182113725827,0.5168639115324454,-0.2204936052983817,13.231289946271273,-0.5869623698099442,-44.39863139351446,Underpaid
Mohamed Simakan,2023-2024,23,FRA,RB Leipzig,Bundesliga,DF,32,2138,23.8,23,9,0,2,3,5,2,0,0,0,30,30,0.07,0.18,11,36.7,31,27,0,67,67,69.9,84.0,13,24.0,1.91,1.91,49,30,19,-1.05,8,8,0,0,35,25,3,0,0,0,"€ 38,462 (£ 32,493, $41,332)","€ 2,000,000 (£ 1,689,658, $2,149,289)",38462,2000000,101040000,3,0.8823529411764706,0.01979414093428345,14.50865773852422,529,0.08403361344537814,0.12605042016806722,1.2605042016806722,0.4621848739495798,1.3025210084033614,1.134453781512605,1.4705882352941175,1.050420168067227,0.3361344537815126,0.12605042016806722,0,0.07,36.7,0,0.9412945666001549,0.3612264418032065,0.20321815120351283,15.084514106464821,-0.5758563679406006,-43.777680732727376,Underpaid
Lewis Hall,2023-2024,18,ENG,Newcastle United,Premier League,DF,18,781,8.7,8,10,15,1,0,1,1,0,0,0,11,11,0.09,0.25,4,36.4,17,13,0,43,43,22.8,82.0,3,13.0,1.44,1.44,23,12,11,0.86,2,2,0,0,5,5,0,0,0,0,"£ 7,000 (€ 8,286, $8,904)","£ 364,000 (€ 430,862, $463,022)",8286,430862,100021494,9,0.5789473684210527,0.004307694104229237,12.973543132200676,324,0.1149425287356322,0.0,1.264367816091954,0.4597701149425288,1.9540229885057472,1.4942528735632186,0.574712643678161,0.574712643678161,0.2298850574712644,0.0,0,0.09,36.4,0,1.1880945966601706,0.7659283918455766,0.5225124127342131,13.540648664334258,-0.5671055321335814,-43.283529483292085,Underpaid
Samuel Lino,2023-2024,23,BRA,Atlético Madrid,La Liga,"MF,DF",34,2080,23.1,25,9,2,4,5,9,4,0,0,0,54,54,0.07,0.19,21,38.9,34,14,0,61,61,60.8,72.0,6,31.0,2.06,2.06,46,21,25,0.95,1,1,0,0,27,56,9,0,0,0,"€ 24,038 (£ 20,308, $25,833)","€ 1,250,000 (£ 1,056,036, $1,343,306)",24038,1250000,170890000,3,0.8947368421052632,0.007314646848850138,14.038654109278482,529,0.17316017316017315,0.21645021645021645,1.9835983263598247,0.7537831021437504,1.4718614718614718,0.6060606060606061,1.1688311688311688,2.4242424242424243,0.04329004329004329,0.3896103896103896,0,0.07,38.9,0,1.1285242555609303,0.3433372163005415,-0.1921815197146326,14.599319511670704,-0.5606654023922211,-42.91708936024108,Underpaid
Nicolas Seiwald,2024-2025,23,AUT,RB Leipzig,Bundesliga,"MF,DF",30,2084,23.2,20,10,2,0,0,0,0,0,0,0,5,5,0.0,,0,0.0,32,31,0,69,69,68.1,86.0,15,37.0,1.47,1.47,38,36,2,-0.19,2,2,0,0,27,2,0,0,0,0,"€ 42,308 (£ 35,711, $43,612)","€ 2,200,000 (£ 1,856,968, $2,267,826)",42308,2200000,102440000,3,0.8823529411764706,0.021475985942991018,14.603967918328545,529,0.0,0.0,0.21551724137931036,0.0,1.3793103448275863,1.3362068965517242,1.1637931034482758,0.08620689655172414,0.08620689655172414,0.0,0,0.0,0.0,0,1.2106997621447253,0.168610582682861,0.3621654980528002,15.163403066728598,-0.5594351484000537,-42.84681966561873,Underpaid
Copete,2022-2023,22,ESP,Mallorca,La Liga,DF,28,2206,24.5,27,1,6,1,0,1,1,0,0,0,6,6,0.17,1.0,1,16.7,29,42,0,79,79,64.5,81.0,16,14.0,1.39,1.39,22,26,-4,-0.01,7,7,1,0,47,24,2,0,0,0,"€ 4,038 (£ 3,474, $4,416)","€ 210,000 (£ 180,665, $229,627)",4038,210000,18240000,14,0.3157894736842105,0.011513157894736841,12.254862809699606,484,0.04081632653061224,0.0,0.24489795918367346,0.04081632653061224,1.183673469387755,1.7142857142857142,1.9183673469387754,0.9795918367346939,0.2857142857142857,0.08163265306122448,0,0.17,16.7,0,0.9197099071447055,0.2639635622430496,0.5318031284175186,12.800175033420711,-0.5453122237211048,-42.03392287597939,Underpaid
Thomas Kristensen,2024-2025,22,DEN,Udinese,Serie A,DF,24,1754,19.5,19,5,4,1,0,1,1,0,0,0,4,4,0.25,1.0,1,25.0,20,21,0,73,73,51.3,86.0,16,24.0,1.21,1.21,19,31,-12,-0.45,5,5,0,0,31,3,1,0,0,0,"€ 6,154 (£ 5,194, $6,344)","€ 320,000 (£ 270,104, $329,866)",6154,320000,27720000,14,0.3157894736842105,0.011544011544011544,12.676076274775909,484,0.05128205128205128,0.0,0.20512820512820512,0.05128205128205128,1.0256410256410255,1.0769230769230769,1.5897435897435896,0.15384615384615385,0.2564102564102564,0.05128205128205128,0,0.25,25.0,0,0.8574790739366258,0.16816195170439974,-0.041915213443826316,13.218350804691424,-0.542274529915515,-41.85757196814295,Underpaid
Max Finkgräfe,2023-2024,19,GER,Köln,Bundesliga,DF,24,1756,19.5,18,6,2,1,0,1,1,0,0,0,12,12,0.08,0.25,4,33.3,42,23,0,73,73,57.4,88.0,13,29.0,0.83,0.83,17,33,-16,0.28,4,4,0,0,19,21,0,0,0,0,"€ 2,308 (£ 1,950, $2,480)","€ 120,000 (£ 101,379, $128,957)",2308,120000,21880000,14,0.23529411764705882,0.005484460694698354,11.695247021764182,361,0.05128205128205128,0.0,0.6153846153846154,0.20512820512820512,2.1538461538461537,1.1794871794871795,0.9743589743589743,1.0769230769230769,0.20512820512820512,0.0,0,0.08,33.3,0,1.3232028373613072,0.8306433164848466,0.09962901462458906,12.22833135343133,-0.5330843316671476,-41.320768641576954,Underpaid
Yan Couto,2024-2025,22,BRA,Dortmund,Bundesliga,"DF,MF",21,895,9.9,8,13,8,0,0,0,0,0,0,0,6,6,0.0,0.0,2,33.3,16,10,0,43,43,29.2,78.0,3,21.0,1.67,1.67,21,19,2,-0.55,5,5,0,0,12,7,0,0,0,0,"€ 21,923 (£ 18,505, $22,599)","€ 1,140,000 (£ 962,247, $1,175,146)",21923,1140000,111450000,2,0.9411764705882353,0.010228802153432033,13.946538820370678,484,0.0,0.0,0.6060606060606061,0.20202020202020202,1.6161616161616161,1.0101010101010102,1.2121212121212122,0.7070707070707071,0.5050505050505051,0.0,0,0.0,33.3,0,1.2594425928658888,0.35671902329572736,0.18697030383188984,14.475828195139336,-0.5292893747686573,-41.09766041243994,Underpaid
Fran Garcia,2024-2025,24,ESP,Real Madrid,La Liga,DF,31,2171,24.1,24,7,7,0,2,2,0,0,0,0,14,14,0.0,0.0,3,21.4,36,29,0,70,70,63.5,87.0,19,13.0,2.1,2.1,54,23,31,0.64,0,0,0,0,13,22,4,0,0,0,"€ 100,192 (£ 84,570, $103,281)","€ 5,210,000 (£ 4,397,638, $5,370,625)",100192,5210000,272960000,1,1.0,0.01908704572098476,15.46609041372955,576,0.0,0.08298755186721991,0.5809128630705394,0.12448132780082986,1.4937759336099585,1.2033195020746887,0.5394190871369294,0.9128630705394191,0.0,0.16597510373443983,0,0.0,21.4,0,1.041745356584138,0.4520305770258206,-0.0057793919177788755,15.994812574252071,-0.5287221605225216,-41.06424068911959,Underpaid
Tommaso Corazza,2023-2024,19,ITA,Bologna,Serie A,DF,9,195,2.2,1,8,26,0,0,0,0,0,0,0,1,1,0.0,,0,0.0,4,5,0,22,22,5.7,67.0,0,16.0,1.44,1.44,4,1,3,0.85,1,1,0,0,1,3,0,0,0,0,"€ 3,269 (£ 2,762, $3,513)","€ 170,000 (£ 143,621, $182,690)",3269,170000,29780000,13,0.3684210526315789,0.005708529214237743,12.043553716032399,361,0.0,0.0,0.45454545454545453,0.0,1.8181818181818181,2.2727272727272725,0.45454545454545453,1.3636363636363635,0.45454545454545453,0.0,0,0.0,0.0,0,1.1554165452234877,0.6627652729583304,1.2143194350673168,12.562512325552275,-0.5189586095198759,-40.48600015019525,Underpaid
Leonardo Balerdi,2023-2024,24,ARG,Marseille,Ligue 1,DF,27,2271,25.2,26,1,3,2,0,2,2,0,0,0,14,14,0.14,0.5,4,28.6,50,51,0,84,84,74.2,87.0,21,21.0,1.44,1.44,39,30,9,0.13,6,6,1,1,25,24,1,0,0,0,"€ 19,038 (£ 16,084, $20,460)","€ 990,000 (£ 836,381, $1,063,898)",19038,990000,70690000,2,0.9411764705882353,0.01400480973263545,13.805460222110773,576,0.07936507936507936,0.0,0.5555555555555556,0.15873015873015872,1.9841269841269842,2.0238095238095237,0.9920634920634921,0.9523809523809524,0.2380952380952381,0.03968253968253968,0,0.14,28.6,0,1.3655890758126208,0.6185379083143634,0.7223797437065422,14.319948209320238,-0.5144879872094652,-40.21933991020864,Underpaid
Mateu Morey,2023-2024,23,ESP,Dortmund,Bundesliga,DF,3,110,1.2,2,1,11,0,0,0,0,0,0,0,1,1,0.0,0.0,1,100.0,2,1,0,37,37,3.6,54.0,0,3.0,2.0,2.0,4,4,0,-0.76,0,0,0,0,3,5,1,0,0,0,"€ 18,846 (£ 15,922, $20,253)","€ 980,000 (£ 827,932, $1,053,152)",18846,980000,126600000,2,0.9411764705882353,0.007740916271721959,13.795307850646756,529,0.0,0.0,0.8333333333333334,0.7537831021437504,1.6666666666666667,0.8333333333333334,2.5,2.476592356687887,0.0,0.5069845145537489,0,0.0,100.0,0,1.3832196300906017,0.28344703657606507,-0.28730504768094123,14.298275809709589,-0.5029679590628326,-39.526682969877804,Underpaid
Antonee Robinson,2022-2023,24,USA,Fulham,Premier League,DF,35,3088,34.3,35,0,0,0,1,1,0,0,0,0,3,3,0.0,,0,0.0,41,52,0,88,88,90.3,88.0,34,,1.4,1.4,50,44,6,1.26,8,8,0,0,33,23,3,0,0,0,"£ 25,000 (€ 29,059, $31,775)","£ 1,300,000 (€ 1,511,083, $1,652,309)",29059,1511083,63163251,13,0.3684210526315789,0.023923451945182493,14.228337170255847,576,0.0,0.02915451895043732,0.08746355685131196,0.0,1.1953352769679302,1.5160349854227406,0.9620991253644315,0.6705539358600584,0.23323615160349856,0.08746355685131196,0,0.0,0.0,0,1.0459719931096638,0.14936328385826636,0.1492537276822239,14.715832879134659,-0.48749570887881255,-38.58374883361504,Fair
Patrick Dorgu,2023-2024,18,DEN,Lecce,Serie A,"MF,DF",32,1564,17.4,17,15,4,2,0,2,2,0,0,0,19,19,0.11,0.22,9,47.4,22,9,0,49,49,45.7,71.0,4,24.0,1.06,1.06,14,20,-6,0.43,6,6,0,0,25,44,2,0,0,0,"€ 2,308 (£ 1,950, $2,480)","€ 120,000 (£ 101,379, $128,957)",2308,120000,14520000,20,0.0,0.008264462809917356,11.695247021764182,324,0.1149425287356322,0.0,1.0919540229885059,0.5172413793103449,1.264367816091954,0.5172413793103449,1.4367816091954024,2.476592356687887,0.3448275862068966,0.1149425287356322,0,0.11,47.4,0,0.927828644276224,0.33653917181573,-0.6055141786635957,12.179333944310512,-0.48408692254633046,-38.37403672723389,Fair
Santiago Arzamendia,2022-2023,24,PAR,Cádiz,La Liga,"DF,MF",12,483,5.4,5,7,26,0,0,0,0,0,0,0,4,4,0.0,0.0,2,50.0,8,2,0,40,40,14.1,81.0,3,11.0,0.92,0.92,1,15,-14,-2.33,0,0,0,0,4,2,1,0,0,0,"€ 3,846 (£ 3,309, $4,206)","€ 200,000 (£ 172,062, $218,692)",3846,200000,17440000,16,0.21052631578947367,0.011467889908256881,12.206072645530172,576,0.0,0.0,0.7407407407407407,0.37037037037037035,1.4814814814814814,0.37037037037037035,0.7407407407407407,0.37037037037037035,0.0,0.18518518518518517,0,0.0,50.0,0,1.114730528547504,0.3667509529339774,-0.538596085902758,12.686918928531858,-0.48084628300168575,-38.17400525378042,Fair
Héctor Fort,2024-2025,17,ESP,Barcelona,La Liga,DF,17,585,6.5,5,12,19,0,0,0,0,0,0,0,6,6,0.0,0.0,1,16.7,8,9,0,34,34,17.1,75.0,1,18.0,2.24,2.24,17,8,9,-0.33,2,2,0,0,8,1,0,0,0,0,"€ 16,154 (£ 13,635, $16,652)","€ 840,000 (£ 709,024, $865,897)",16154,840000,196780000,2,0.9473684210526315,0.004268726496595182,13.641157170819497,289,0.0,0.0,0.9230769230769231,0.15384615384615385,1.2307692307692308,1.3846153846153846,1.2307692307692308,0.15384615384615385,0.3076923076923077,0.0,0,0.0,16.7,0,0.9697085425600039,0.2610606882092269,0.4855270718072964,14.110899788488249,-0.4697426176687518,-37.48368464728317,Fair
Nuno Mendes,2022-2023,20,POR,Paris Saint-Germain,Ligue 1,"MF,DF",23,1548,17.2,18,5,1,1,6,7,1,0,0,0,10,10,0.1,0.14,7,70.0,32,17,0,67,67,45.3,79.0,8,26.0,2.52,2.52,45,16,29,0.72,2,2,0,0,25,34,5,0,0,0,"€ 27,692 (£ 23,824, $30,280)","€ 1,440,000 (£ 1,238,847, $1,574,583)",27692,1440000,361590000,1,1.0,0.003982411018003816,14.180153671552183,400,0.05813953488372093,0.348177247014456,0.5813953488372093,0.4069767441860465,1.8604651162790697,0.9883720930232559,1.4534883720930234,1.9767441860465118,0.11627906976744186,0.29069767441860467,0,0.1,70.0,0,1.2698462990191541,0.5906188172599156,-0.025292026667383616,14.64720303072382,-0.4670493591716358,-37.31508511059706,Fair
Diogo Dalot,2023-2024,24,POR,Manchester Utd,Premier League,DF,36,3174,35.3,35,1,1,2,3,5,2,0,0,0,30,30,0.07,0.29,7,23.3,50,38,0,88,88,92.8,90.0,34,25.0,1.58,1.58,56,55,1,0.76,6,6,1,1,45,14,2,0,0,0,"£ 85,000 (€ 100,613, $108,123)","£ 4,420,000 (€ 5,231,893, $5,622,410)",100613,5231893,243550559,1,1.0,0.021481753199342892,15.47028372083971,576,0.056657223796034,0.08498583569405099,0.8498583569405099,0.19830028328611898,1.41643059490085,1.076487252124646,1.274787535410765,0.39660056657223797,0.16997167138810199,0.056657223796034,0,0.07,23.3,0,1.1681352000940972,0.24829539480675278,-0.001422525647033046,15.93191492210472,-0.46163120126501056,-36.97452657653755,Fair
Emerson,2023-2024,24,BRA,Tottenham Hotspur,Premier League,DF,22,1161,12.9,11,11,16,1,0,1,1,0,0,0,6,6,0.17,0.33,3,50.0,24,18,0,53,53,33.9,86.0,8,19.0,1.64,1.64,22,31,-9,-1.57,4,4,0,0,14,38,0,0,0,0,"£ 40,000 (€ 47,347, $50,882)","£ 2,080,000 (€ 2,462,068, $2,645,840)",47347,2462068,139106817,6,0.7368421052631579,0.01769911822509748,14.7165122051664,576,0.07751937984496124,0.0,0.46511627906976744,0.23255813953488372,1.8604651162790697,1.3953488372093024,1.0852713178294573,2.476592356687887,0.31007751937984496,0.0,0,0.17,50.0,0,1.5134667106443476,0.3469984056347222,0.377899733046696,15.169511978413155,-0.45299977324675567,-36.428172222242004,Fair
Rayan Aït-Nouri,2023-2024,22,ALG,Wolves,Premier League,"MF,DF",33,2329,25.9,29,4,0,2,1,3,2,0,0,0,23,23,0.09,0.29,7,30.4,45,16,0,71,71,68.1,76.0,10,30.0,1.21,1.21,36,43,-7,0.39,7,7,0,0,25,53,9,0,0,0,"£ 10,000 (€ 11,837, $12,720)","£ 520,000 (€ 615,517, $661,460)",11837,615517,63705996,16,0.21052631578947367,0.009661837796241347,13.33021784404651,484,0.07722007722007722,0.03861003861003861,0.888030888030888,0.2702702702702703,1.7374517374517375,0.6177606177606177,0.9652509652509653,2.0463320463320462,0.2702702702702703,0.3474903474903475,0,0.09,30.4,0,1.29544986184639,0.4420018756053474,-0.08134177387770603,13.780807161038934,-0.4505893169924242,-36.27475027821918,Fair
Mario Gila,2024-2025,23,ESP,Lazio,Serie A,DF,32,2741,30.5,31,1,2,1,0,1,1,0,0,0,15,15,0.07,0.25,4,26.7,38,30,0,86,86,80.1,88.0,28,21.0,1.81,1.81,49,35,14,0.72,8,8,0,0,32,30,0,1,0,1,"€ 24,615 (£ 20,777, $25,374)","€ 1,280,000 (£ 1,080,418, $1,319,463)",24615,1280000,73860000,6,0.7368421052631579,0.017330083942594096,14.0623706358958,529,0.03278688524590164,0.0,0.4918032786885246,0.13114754098360656,1.2459016393442623,0.9836065573770492,1.0491803278688525,0.9836065573770492,0.26229508196721313,0.0,0,0.07,26.7,0,0.9679771796654956,0.2779244596787668,-0.030590890784010893,14.509248652695096,-0.44687801679929606,-36.037807335390845,Fair
Omar El Hilali,2024-2025,20,MAR,Espanyol,La Liga,DF,36,3153,35.0,36,0,0,0,2,2,0,0,0,0,2,2,0.0,,0,0.0,78,45,0,88,88,92.2,88.0,30,,1.14,1.14,38,45,-7,1.15,11,11,0,0,52,30,7,0,0,0,"€ 4,038 (£ 3,409, $4,163)","€ 210,000 (£ 177,256, $216,474)",4038,210000,21260000,17,0.15789473684210525,0.009877704609595485,12.254862809699606,400,0.0,0.05714285714285714,0.05714285714285714,0.0,2.2285714285714286,1.2857142857142858,1.4857142857142858,0.8571428571428571,0.3142857142857143,0.2,0,0.0,0.0,0,1.0309993968238467,1.197572031747582,0.1920119419361932,12.695608991575915,-0.44074618187630854,-35.64439679708611,Fair
Ali Dembélé,2024-2025,20,FRA,Torino,Serie A,DF,15,388,4.3,4,11,22,1,0,1,1,0,0,0,5,5,0.2,0.5,2,40.0,5,1,0,26,26,11.3,59.0,0,14.0,1.67,1.67,3,8,-5,-1.13,4,4,1,1,9,7,0,0,0,0,"€ 5,385 (£ 4,545, $5,551)","€ 280,000 (£ 236,341, $288,632)",5385,280000,44260000,9,0.5789473684210527,0.0063262539539087215,12.542544882151388,400,0.23255813953488372,0.0,1.1627906976744187,0.46511627906976744,1.1627906976744187,0.23255813953488372,2.0930232558139537,1.627906976744186,0.9090909090909091,0.0,0,0.2,40.0,0,0.8148814110842392,0.3479092865901795,-0.6114182027939118,12.982488185697777,-0.43994330354638933,-35.592706330064395,Fair
Arthur,2024-2025,21,BRA,Leverkusen,Bundesliga,"MF,DF",20,752,8.4,7,13,11,0,1,1,0,0,0,0,1,1,0.0,,0,0.0,12,9,0,38,38,24.6,76.0,2,17.0,2.05,2.05,21,7,14,1.09,1,1,0,0,20,6,0,0,0,0,"€ 13,846 (£ 11,687, $14,273)","€ 720,000 (£ 607,735, $742,198)",13846,720000,78050000,4,0.8235294117647058,0.009224855861627163,13.487006490992238,441,0.0,0.11904761904761904,0.11904761904761904,0.0,1.4285714285714286,1.0714285714285714,2.380952380952381,0.7142857142857143,0.11904761904761904,0.0,0,0.0,0.0,0,0.9252921350057994,0.5032792935656292,-0.05800157985732479,13.926459299833141,-0.4394528088409029,-35.5611071445415,Fair
Bafodé Diakité,2022-2023,21,FRA,Lille,Ligue 1,DF,33,2653,29.5,29,4,1,3,0,3,3,0,0,0,19,19,0.16,0.5,6,31.6,36,17,0,80,80,77.6,87.0,25,31.0,1.79,1.79,48,33,15,-0.2,6,6,0,0,45,13,0,1,0,1,"€ 6,923 (£ 5,956, $7,570)","€ 360,000 (£ 309,712, $393,646)",6923,360000,26620000,7,0.6842105263157895,0.013523666416228399,12.793859310432293,441,0.1016949152542373,0.0,0.6440677966101694,0.2033898305084746,1.2203389830508475,0.576271186440678,1.5254237288135593,0.4406779661016949,0.2033898305084746,0.0,0,0.16,31.6,0,0.9323245952101805,0.288014387840667,-0.5718504602467256,13.230938221741148,-0.43707891130885557,-35.4079541029334,Fair
Brayann Pereira,2022-2023,19,FRA,Auxerre,Ligue 1,DF,2,180,2.0,2,0,7,0,0,0,0,0,0,0,0,0,,,0,,5,2,0,90,90,5.3,90.0,2,,0.0,0.0,2,6,-4,-1.33,0,0,0,0,1,4,0,0,0,0,"€ 1,154 (£ 993, $1,262)","€ 60,000 (£ 51,619, $65,608)",1154,60000,10580000,16,0.21052631578947367,0.005671077504725898,11.002099841204236,361,0.0,0.0,0.0,0.0,2.5,1.0,0.5,2.0,0.0,0.0,1,0.0,0.0,1,1.295473835868978,1.204526164131022,-0.4228249638725763,11.426905289113716,-0.4248054479094794,-34.61030102181722,Fair
Abdoul Koné,2024-2025,19,FRA,Reims,Ligue 1,DF,4,133,1.5,1,3,5,0,0,0,0,0,0,0,0,0,,,0,,3,1,0,33,33,4.3,60.0,0,24.0,1.5,1.5,2,2,0,0.43,0,0,0,0,3,3,0,0,0,0,"€ 1,923 (£ 1,623, $1,982)","€ 100,000 (£ 84,408, $103,083)",1923,100000,16890000,12,0.35294117647058826,0.005920663114268798,11.512925464970229,361,0.0,0.0,0.0,0.0,2.0,0.6666666666666666,2.0,2.0,0.0,0.0,1,0.0,0.0,1,1.218266808132982,0.7817331918670181,-0.39868786594875527,11.933749379225757,-0.42082391425552856,-34.34943074744833,Fair
Houboulang Mendes,2022-2023,24,GNB,Almería,La Liga,DF,14,886,9.8,11,3,20,0,1,1,0,0,0,0,1,1,0.0,,0,0.0,11,6,0,63,63,25.9,74.0,4,25.0,1.0,1.0,12,28,-16,-1.63,2,2,0,0,13,4,0,0,0,0,"€ 5,769 (£ 4,963, $6,308)","€ 300,000 (£ 258,093, $328,038)",5769,300000,13965000,19,0.05263157894736842,0.021482277121374866,12.61153775363834,576,0.0,0.1020408163265306,0.1020408163265306,0.0,1.1224489795918366,0.6122448979591836,1.3265306122448979,0.4081632653061224,0.2040816326530612,0.0,0,0.0,0.0,0,0.8073888925038859,0.31506008708795075,-0.266454119240497,13.01258841087863,-0.4010506572402903,-33.03838607269191,Fair
James Garner,2024-2025,23,ENG,Everton,Premier League,"MF,DF",21,1594,17.7,17,4,1,0,1,1,0,0,0,0,12,12,0.0,0.0,4,33.3,32,20,0,76,76,46.6,87.0,11,28.0,1.57,1.57,21,19,2,0.31,5,5,0,0,20,15,0,0,0,0,"£ 30,000 (€ 35,542, $36,638)","£ 1,560,000 (€ 1,848,205, $1,905,153)",35542,1848205,84631468,10,0.5263157894736842,0.021838271787983164,14.429725455767338,529,0.0,0.05649717514124294,0.6779661016949153,0.22598870056497175,1.807909604519774,1.1299435028248588,1.1299435028248588,0.8474576271186441,0.2824858757062147,0.0,0,0.0,33.3,0,1.2034635163485172,0.6044460881712568,0.2548479484183972,14.812560604830878,-0.3828351490635402,-31.807469395414657,Fair
Christian Mawissa,2024-2025,19,FRA,Monaco,Ligue 1,DF,22,1501,16.7,17,5,9,0,0,0,0,0,0,0,1,1,0.0,0.0,1,100.0,30,26,0,68,68,49.1,84.0,12,13.0,1.86,1.86,33,24,9,-0.21,3,3,0,0,19,7,0,0,0,0,"€ 11,154 (£ 9,415, $11,498)","€ 580,000 (£ 489,564, $597,881)",11154,580000,45170000,4,0.8235294117647058,0.012840380783706,13.270783382522602,361,0.0,0.0,0.059880239520958084,0.059880239520958084,1.7964071856287427,1.5568862275449102,1.1377245508982037,0.4191616766467066,0.17964071856287425,0.0,0,0.0,100.0,0,1.5537515095869203,0.24265567604182237,0.14320548119984022,13.641275317842057,-0.3704919353194551,-30.96053824109717,Fair
Fabio Chiarodia,2023-2024,18,ITA,Gladbach,Bundesliga,DF,7,152,1.7,1,6,17,0,0,0,0,0,0,0,0,0,,,0,,5,3,0,22,22,5.0,79.0,0,12.0,1.57,1.57,2,5,-3,-1.53,0,0,0,0,1,0,0,0,0,0,"€ 5,385 (£ 4,549, $5,787)","€ 280,000 (£ 236,552, $300,901)",5385,280000,51480000,6,0.7058823529411765,0.005439005439005439,12.542544882151388,324,0.0,0.0,0.0,0.0,2.695421245421244,1.7647058823529411,0.5882352941176471,0.0,0.0,0.0,1,0.0,0.0,1,1.3534814144927956,1.3419398309284483,0.6125625499009912,12.906719241406204,-0.36417435925481634,-30.52299554058514,Fair
Timothy Weah,2024-2025,24,USA,Juventus,Serie A,"MF,DF",30,1638,18.2,18,12,2,5,2,7,5,0,0,0,21,21,0.24,0.56,9,42.9,19,14,0,55,55,47.9,76.0,7,23.0,1.9,1.9,28,21,7,-0.42,4,4,0,0,20,14,3,0,0,0,"€ 49,231 (£ 41,555, $50,749)","€ 2,560,000 (£ 2,160,835, $2,638,925)",49231,2560000,111632000,2,0.9473684210526315,0.022932492475275908,14.755517816455745,576,0.2644955411785271,0.10989010989010989,1.153846153846154,0.4945054945054945,1.043956043956044,0.7692307692307693,1.098901098901099,0.7692307692307693,0.21978021978021978,0.16483516483516483,0,0.24,42.9,0,0.8677861740328925,0.17616986992315153,-0.061699538965420464,15.117843462890725,-0.36232564643498044,-30.394433711422263,Fair
Emerson,2022-2023,23,BRA,Tottenham Hotspur,Premier League,"MF,DF",26,1735,19.3,20,6,2,2,1,3,2,0,0,0,17,17,0.12,0.29,7,41.2,36,18,0,67,67,50.7,82.0,12,15.0,1.73,1.73,34,26,8,0.47,2,2,1,0,21,33,0,0,0,0,"£ 40,000 (€ 46,495, $50,840)","£ 2,080,000 (€ 2,417,732, $2,643,695)",46495,2417732,127082044,5,0.7894736842105263,0.01902496941267328,14.698340468613019,529,0.10362694300518134,0.05181347150259067,0.8808290155440415,0.3626943005181347,1.8652849740932642,0.9326424870466321,1.088082901554404,1.709844559585492,0.10362694300518134,0.0,0,0.12,41.2,0,1.1411204948274083,0.7241644792658559,-0.09417162456282879,15.04972148504252,-0.35138101642950126,-29.628442442728975,Fair
Nadir Zortea,2022-2023,23,ITA,Sassuolo,Serie A,DF,10,657,7.3,7,3,6,0,1,1,0,0,0,0,5,5,0.0,0.0,2,40.0,8,4,0,66,66,19.2,87.0,6,15.0,1.4,1.4,10,11,-1,0.29,4,4,0,0,11,6,0,0,0,0,"€ 6,346 (£ 5,460, $6,939)","€ 330,000 (£ 283,902, $360,842)",6346,330000,31036000,13,0.3684210526315789,0.010632813506895218,12.706847933442663,529,0.0,0.136986301369863,0.684931506849315,0.273972602739726,1.095890410958904,0.547945205479452,1.5068493150684932,0.8219178082191781,0.547945205479452,0.0,0,0.0,40.0,0,0.8434041734199542,0.25248623753894983,-0.3391722123567026,13.057120009498929,-0.35027207605626565,-29.550361295759796,Fair
