Player,Season,Age,Nation,Team,Comp,Pos,MP,Min,90s,Starts,Subs,unSub,Gls,Ast,G+A,G-PK,PK,PKatt,PKm,Sh,Sh_Standard,G_Sh_raw,G/SoT,SoT,SoT%,TklW,Int,Int_Def,Tkl+Int,Mn/MP,Mn/MP_Detail,Min_pct,Mn/Start,Compl,Mn/Sub,PPM,PPM_Team,onG,onGA,PlusMinus,On_Off,CrdY,CrdY_Detail,CrdR,2CrdY,Fls,Fld,Off,OG,Off_Detail,Weekly Wages,Annual Wages,Weekly_Wages_EUR,Annual_Wages_EUR,Pos_primary,Club_Annual_EUR,Club_Wage_Rank,Club_Wage_Rank_Pct,Player_Wage_Share,log_wage,Age2,NPGls_p90,Ast_p90,NPSh_p90,SoT_p90,TklW_p90,Int_p90,Fls_p90,Fld_p90,CrdY_p90,Off_p90,G_Sh_zero,G_Sh,SoT_pct,SoTPct_zero,fitted_log_wage,efficiency_score,efficiency_pct,efficiency_label
Pablo Torre,2024-2025,21,ESP,Barcelona,La Liga,MF,10,310,3.4,4,6,26,3,1,4,3,0,0,0,6,6,0.5,0.75,4,66.7,4,3,3,0,31,31,9.1,56.0,0,15.0,2.2,2.2,9,4,5,-0.23,0,0,0,0,4,8,1,0,1,"€ 4,038 (£ 3,409, $4,163)","€ 210,000 (£ 177,256, $216,474)",4038,210000,MF,196780000,2,0.9473684210526315,0.0010671816241487955,12.254862809699606,441,0.6042938542938544,0.29411764705882354,1.7647058823529411,1.1764705882352942,1.1764705882352942,0.8823529411764706,1.1764705882352942,2.3529411764705883,0.0,0.29411764705882354,0,0.5,66.7,0,15.314957298517358,-3.060094488817752,-95.31167349335968,Underpaid
Matìas Soulé,2022-2023,19,ARG,Juventus,Serie A,"MF,FW",13,420,4.7,4,9,21,1,0,1,1,0,0,0,10,10,0.1,0.2,5,50.0,5,3,3,0,32,32,12.3,67.0,0,17.0,1.54,1.54,6,0,6,0.78,0,0,0,0,3,5,0,0,0,"€ 1,346 (£ 1,158, $1,472)","€ 70,000 (£ 60,222, $76,542)",1346,70000,MF,163370000,1,1.0,0.0004284752402521883,11.156250521031497,361,0.2127659574468085,0.0,2.127659574468085,1.0638297872340425,1.0638297872340425,0.6382978723404255,0.6382978723404255,1.0638297872340425,0.0,0.0,0,0.1,50.0,0,13.790578768217,-2.6343282471855023,-92.82328369865735,Underpaid
Gio Reyna,2022-2023,19,USA,Dortmund,Bundesliga,MF,22,625,6.9,4,18,6,7,2,9,6,1,1,0,25,25,0.24,0.5,12,48.0,8,2,2,0,28,28,20.4,61.0,0,21.0,1.95,1.95,21,14,7,-0.17,2,2,0,0,8,17,1,0,1,"€ 2,500 (£ 2,151, $2,734)","€ 130,000 (£ 111,840, $142,150)",2500,130000,MF,122520000,2,0.9411764705882353,0.0010610512569376427,11.77528972943772,361,0.6042938542938544,0.2898550724637681,3.623188405797101,1.6261161290322586,1.1594202898550725,0.2898550724637681,1.1594202898550725,2.463768115942029,0.2898550724637681,0.14492753623188406,0,0.24,48.0,0,14.294056218033491,-2.5187664885957712,-91.94410841711132,Underpaid
Felix Nmecha,2022-2023,21,GER,Wolfsburg,Bundesliga,MF,30,1836,20.4,19,11,1,3,5,8,3,0,0,0,37,37,0.08,0.33,9,24.3,26,27,27,0,61,61,60.0,82.0,11,25.0,1.47,1.47,34,25,9,0.44,3,3,0,0,29,38,1,0,1,"€ 2,115 (£ 1,820, $2,313)","€ 110,000 (£ 94,634, $120,281)",2115,110000,MF,44540000,6,0.7058823529411765,0.002469690166142793,11.608235644774552,441,0.14705882352941177,0.2450980392156863,1.8137254901960786,0.44117647058823534,1.2745098039215688,1.323529411764706,1.4215686274509804,1.8627450980392157,0.14705882352941177,0.04901960784313726,0,0.08,24.3,0,13.995783672262126,-2.3875480274875738,-90.81453669844564,Underpaid
Maghnes Akliouche,2023-2024,21,FRA,Monaco,Ligue 1,MF,28,1613,17.9,18,10,3,7,4,11,7,0,0,0,35,35,0.2,0.33,21,60.0,23,8,8,0,58,58,52.7,78.0,3,20.0,1.93,1.93,32,17,15,0.15,5,5,0,0,34,31,1,0,1,"€ 2,308 (£ 1,950, $2,480)","€ 120,000 (£ 101,379, $128,957)",2308,120000,MF,58770000,3,0.8823529411764706,0.002041858090862685,11.695247021764182,441,0.3910614525139665,0.223463687150838,1.9553072625698324,1.1731843575418994,1.2849162011173185,0.446927374301676,1.8994413407821231,1.7318435754189945,0.2793296089385475,0.0558659217877095,0,0.2,60.0,0,13.889941899131887,-2.1946948773677057,-88.86074552934143,Underpaid
Fermin López,2023-2024,20,ESP,Barcelona,La Liga,"MF,FW",31,1446,16.1,14,17,6,8,0,8,8,0,0,0,51,51,0.16,0.32,25,49.0,20,3,3,0,47,47,42.3,70.0,1,28.0,2.29,2.29,31,14,17,0.24,2,2,0,0,43,17,10,0,10,"€ 12,115 (£ 10,235, $13,020)","€ 630,000 (£ 532,242, $677,026)",12115,630000,MF,211340000,2,0.9473684210526315,0.0029809785180278225,13.353475098367715,400,0.49689440993788814,0.0,3.167701863354037,1.5527950310559004,1.2422360248447204,0.18633540372670807,2.670807453416149,1.0559006211180124,0.12422360248447203,0.6211180124223602,0,0.16,49.0,0,15.208702584241953,-1.855227485874238,-84.35826441115877,Underpaid
Niccolò Pisilli,2024-2025,19,ITA,Roma,Serie A,MF,28,1227,13.6,11,17,9,2,1,3,2,0,0,0,27,27,0.07,0.25,8,29.6,12,11,11,0,44,44,35.9,77.0,5,23.0,1.93,1.93,19,13,6,-0.18,7,7,0,0,19,13,1,0,1,"€ 3,269 (£ 2,759, $3,370)","€ 170,000 (£ 143,493, $175,241)",3269,170000,MF,87710000,4,0.8421052631578947,0.0019382054497776764,12.043553716032399,361,0.14705882352941177,0.07352941176470588,1.9852941176470589,0.5882352941176471,0.8823529411764706,0.8088235294117647,1.397058823529412,0.9558823529411765,0.5147058823529412,0.07352941176470588,0,0.07,29.6,0,13.867709361380017,-1.8241556453476182,-83.86461735173454,Underpaid
Abdou Harroui,2022-2023,24,NED,Sassuolo,Serie A,MF,23,647,7.2,5,18,14,2,0,2,2,0,0,0,14,14,0.14,0.5,4,28.6,6,3,3,0,28,28,18.9,66.0,1,18.0,1.35,1.35,5,9,-4,-0.23,2,2,0,0,13,3,1,0,1,"€ 2,308 (£ 1,985, $2,523)","€ 120,000 (£ 103,237, $131,215)",2308,120000,MF,31036000,13,0.3684210526315789,0.0038664776388709883,11.695247021764182,576,0.2777777777777778,0.0,1.9444444444444444,0.5555555555555556,0.8333333333333333,0.41666666666666663,1.8055555555555556,0.41666666666666663,0.2777777777777778,0.1388888888888889,0,0.14,28.6,0,13.38531054108148,-1.6900635193172988,-81.54921961889701,Underpaid
Curtis Jones,2024-2025,23,ENG,Liverpool,Premier League,"MF,DF",33,1712,19.0,19,14,1,3,3,6,3,0,0,0,34,34,0.09,0.23,13,38.2,22,7,7,0,52,52,50.1,76.0,6,19.0,2.09,2.09,38,26,12,-1.11,3,3,1,1,18,25,1,0,1,"£ 15,000 (€ 17,771, $18,319)","£ 780,000 (€ 924,103, $952,577)",17771,924103,MF,152626250,5,0.7894736842105263,0.006054679322855669,13.736578816272766,529,0.15789473684210525,0.15789473684210525,1.7894736842105263,0.6842105263157895,1.1578947368421053,0.3684210526315789,0.9473684210526315,1.3157894736842106,0.15789473684210525,0.05263157894736842,0,0.09,38.2,0,15.377088410670131,-1.6405095943973649,-80.61187836691437,Underpaid
Rodrigo Riquelme,2023-2024,23,ESP,Atlético Madrid,La Liga,"MF,DF",34,1528,17.0,17,17,4,3,5,8,3,0,0,0,37,37,0.08,0.19,16,43.2,19,9,9,0,45,45,44.7,64.0,4,26.0,1.97,1.97,28,26,2,-1.07,1,1,0,0,11,28,9,0,9,"€ 11,923 (£ 10,073, $12,813)","€ 620,000 (£ 523,794, $666,280)",11923,620000,MF,170890000,3,0.8947368421052632,0.003628064837029668,13.337474757021274,529,0.17647058823529413,0.29411764705882354,2.176470588235294,0.9411764705882353,1.1176470588235294,0.5294117647058824,0.6470588235294118,1.6470588235294117,0.058823529411764705,0.5294117647058824,0,0.08,43.2,0,14.916121559830074,-1.5786468028087999,-79.37459882007832,Underpaid
Manu Bueno,2024-2025,20,ESP,Sevilla,La Liga,MF,9,140,1.6,1,8,9,1,0,1,1,0,0,0,4,4,0.25,1.0,1,25.0,3,0,0,0,16,16,4.1,69.0,0,9.0,1.0,1.0,3,3,0,0.36,0,0,0,0,2,3,0,0,0,"€ 3,462 (£ 2,922, $3,568)","€ 180,000 (£ 151,934, $185,549)",3462,180000,MF,58730000,5,0.7894736842105263,0.003064873148305806,12.100712129872347,400,0.6042938542938544,0.0,2.5,0.625,1.875,0.0,1.25,1.875,0.0,0.0,0,0.25,25.0,0,13.645013445764064,-1.5443013158917172,-78.6539039085319,Underpaid
Niklas Schmidt,2022-2023,24,GER,Werder Bremen,Bundesliga,MF,24,1087,12.1,11,13,9,3,0,3,3,0,0,0,21,21,0.14,0.33,9,42.9,11,6,6,0,45,45,35.5,71.0,3,23.0,0.83,0.83,16,22,-6,-0.18,3,3,0,0,20,14,0,0,0,"€ 2,500 (£ 2,151, $2,734)","€ 130,000 (£ 111,840, $142,150)",2500,130000,MF,23590000,12,0.35294117647058826,0.005510809665112336,11.77528972943772,576,0.24793388429752067,0.0,1.7355371900826446,0.7438016528925621,0.9090909090909092,0.49586776859504134,1.6528925619834711,1.15702479338843,0.24793388429752067,0.0,0,0.14,42.9,0,13.295244023528115,-1.519954294090395,-78.12781163935993,Underpaid
Enzo Le Fée,2022-2023,22,FRA,Lorient,Ligue 1,MF,35,3028,33.6,35,0,0,5,6,11,5,0,0,0,45,45,0.11,0.28,18,40.0,64,30,30,0,87,87,88.5,87.0,22,,1.54,1.54,49,47,2,0.75,5,5,0,0,42,63,2,0,2,"€ 1,923 (£ 1,654, $2,103)","€ 100,000 (£ 86,031, $109,346)",1923,100000,MF,8560000,17,0.15789473684210525,0.011682242990654205,11.512925464970229,484,0.1488095238095238,0.17857142857142858,1.3392857142857142,0.5357142857142857,1.9047619047619047,0.8928571428571428,1.25,1.875,0.1488095238095238,0.05952380952380952,0,0.11,40.0,0,13.007163927999924,-1.4942384630296957,-77.55805566247076,Underpaid
James Mcatee,2024-2025,21,ENG,Manchester City,Premier League,MF,15,349,3.9,3,12,20,3,0,3,3,0,0,0,12,12,0.25,0.75,4,33.3,1,2,2,0,23,23,10.2,66.0,0,13.0,2.33,2.33,9,6,3,0.04,1,1,0,0,6,3,0,0,0,"£ 15,000 (€ 17,771, $18,319)","£ 780,000 (€ 924,103, $952,577)",17771,924103,MF,239198665,1,1.0,0.0038633284178237366,13.736578816272766,441,0.6042938542938544,0.0,3.076923076923077,1.0256410256410258,0.25641025641025644,0.5128205128205129,1.5384615384615385,0.7692307692307693,0.25641025641025644,0.0,0,0.25,33.3,0,15.173599542158211,-1.4370207258854446,-76.23653160402199,Underpaid
Tom Bischof,2024-2025,19,GER,Hoffenheim,Bundesliga,MF,31,2559,28.4,30,1,0,5,2,7,5,0,0,0,51,51,0.1,0.28,18,35.3,54,32,32,0,83,83,83.6,85.0,19,15.0,0.94,0.94,35,52,-17,0.3,5,5,0,0,46,33,1,0,1,"€ 2,692 (£ 2,273, $2,775)","€ 140,000 (£ 118,171, $144,316)",2692,140000,MF,53070000,6,0.7058823529411765,0.0026380252496702467,11.849397701591442,361,0.17605633802816903,0.07042253521126761,1.795774647887324,0.6338028169014085,1.9014084507042255,1.1267605633802817,1.619718309859155,1.1619718309859155,0.17605633802816903,0.035211267605633804,0,0.1,35.3,0,13.245561646869328,-1.3961639452778858,-75.24552599120607,Underpaid
Mahamadou Nagida,2024-2025,19,CMR,Rennes,Ligue 1,MF,12,430,4.8,4,8,14,2,0,2,2,0,0,0,6,6,0.33,0.67,3,50.0,6,10,10,0,36,36,14.1,77.0,1,15.0,1.08,1.08,9,6,3,0.7,1,1,0,0,5,12,0,0,0,"€ 2,308 (£ 1,948, $2,379)","€ 120,000 (£ 101,289, $123,700)",2308,120000,MF,28990000,7,0.6470588235294118,0.004139358399448086,11.695247021764182,361,0.4166666666666667,0.0,1.25,0.625,1.25,2.0833333333333335,1.0416666666666667,2.5,0.20833333333333334,0.0,0,0.33,50.0,0,13.07966282791148,-1.3844158061472989,-74.95299198594007,Underpaid
Leandro Barreiro Martins,2022-2023,22,LUX,Mainz 05,Bundesliga,MF,31,2141,23.8,25,6,2,4,3,7,4,0,0,0,32,32,0.13,0.29,14,43.8,39,43,43,0,69,69,70.0,81.0,14,21.0,1.39,1.39,41,36,5,0.8,5,5,0,0,48,33,3,0,3,"€ 2,500 (£ 2,151, $2,734)","€ 130,000 (£ 111,840, $142,150)",2500,130000,MF,21350000,14,0.23529411764705882,0.006088992974238876,11.77528972943772,484,0.1680672268907563,0.12605042016806722,1.3445378151260503,0.5882352941176471,1.638655462184874,1.8067226890756303,2.0168067226890756,1.3865546218487395,0.21008403361344538,0.12605042016806722,0,0.13,43.8,0,13.159020947643501,-1.3837312182057815,-74.93583923566946,Underpaid
Bilal Nadir,2024-2025,20,MAR,Marseille,Ligue 1,MF,15,383,4.3,5,10,6,1,0,1,1,0,0,0,8,8,0.13,0.33,3,37.5,3,4,4,0,26,26,12.5,54.0,0,11.0,2.13,2.13,7,8,-1,-1.18,2,2,0,0,4,11,0,0,0,"€ 5,192 (£ 4,383, $5,352)","€ 270,000 (£ 227,901, $278,324)",5192,270000,MF,71750000,2,0.9411764705882353,0.0037630662020905923,12.506177237980511,400,0.23255813953488372,0.0,1.8604651162790697,0.6976744186046512,0.6976744186046512,0.9302325581395349,0.9302325581395349,2.558139534883721,0.46511627906976744,0.0,0,0.13,37.5,0,13.854761698563829,-1.348584460583318,-74.03925146976043,Underpaid
Sergi Altimira,2023-2024,21,ESP,Real Betis,La Liga,MF,14,568,6.3,6,8,21,1,0,1,1,0,0,0,7,7,0.14,0.5,2,28.6,8,8,8,0,41,41,16.6,72.0,2,17.0,1.43,1.43,6,11,-5,-1.04,1,1,0,0,8,8,0,0,0,"€ 3,846 (£ 3,249, $4,133)","€ 200,000 (£ 168,966, $214,929)",3846,200000,MF,45320000,8,0.631578947368421,0.00441306266548985,12.206072645530172,441,0.15873015873015872,0.0,1.1111111111111112,0.31746031746031744,1.2698412698412698,1.2698412698412698,1.2698412698412698,1.2698412698412698,0.15873015873015872,0.0,0,0.14,28.6,0,13.515334702892963,-1.3092620573627904,-72.99807584067426,Underpaid
Grigoris Kastanos,2022-2023,24,CYP,Salernitana,Serie A,MF,28,1286,14.3,13,15,9,2,1,3,2,0,0,0,30,30,0.07,0.22,9,30.0,24,8,8,0,46,46,37.6,73.0,5,22.0,1.04,1.04,20,24,-4,0.14,4,4,0,0,21,43,0,0,0,"€ 3,654 (£ 3,143, $3,995)","€ 190,000 (£ 163,459, $207,758)",3654,190000,MF,32966000,12,0.42105263157894735,0.005763513923436268,12.154779351142622,576,0.13986013986013984,0.06993006993006992,2.097902097902098,0.6293706293706294,1.6783216783216783,0.5594405594405594,1.4685314685314685,3.0069930069930066,0.2797202797202797,0.0,0,0.07,30.0,0,13.441979395394181,-1.2872000442515592,-72.39573908636135,Underpaid
Juanlu Sánchez,2024-2025,20,ESP,Sevilla,La Liga,"MF,DF",32,1722,19.1,18,14,4,4,4,8,4,0,0,0,13,13,0.31,0.67,6,46.2,34,16,16,0,54,54,50.4,81.0,7,18.0,1.0,1.0,24,33,-9,-0.26,6,6,1,1,18,12,1,0,1,"€ 4,808 (£ 4,058, $4,956)","€ 250,000 (£ 211,019, $257,708)",4808,250000,MF,58730000,5,0.7894736842105263,0.004256768261535842,12.429216196844385,400,0.20942408376963348,0.20942408376963348,0.6806282722513088,0.31413612565445026,1.7801047120418847,0.8376963350785339,0.9424083769633507,0.6282722513089005,0.31413612565445026,0.05235602094240837,0,0.31,46.2,0,13.695444187402876,-1.266227990558491,-71.81070783345533,Underpaid
Ridle Baku,2022-2023,24,GER,Wolfsburg,Bundesliga,"DF,MF",33,2580,28.7,29,4,0,5,3,8,5,0,0,0,28,28,0.18,0.42,12,42.9,24,22,22,0,78,78,84.3,86.0,23,25.0,1.48,1.48,52,41,11,0.76,6,6,0,0,27,32,4,0,4,"€ 11,538 (£ 9,927, $12,617)","€ 600,000 (£ 516,186, $656,076)",11538,600000,DF,44540000,6,0.7058823529411765,0.01347103726986978,13.304684934198283,576,0.17421602787456447,0.10452961672473868,0.975609756097561,0.4181184668989547,0.8362369337979094,0.7665505226480837,0.9407665505226481,1.1149825783972125,0.20905923344947736,0.13937282229965156,0,0.18,42.9,0,14.570079188551725,-1.265394254353442,-71.78719559984313,Underpaid
Jacopo Fazzini,2024-2025,21,ITA,Empoli,Serie A,MF,20,1383,15.4,16,4,2,4,1,5,4,0,0,0,26,26,0.15,0.44,9,34.6,19,7,7,0,69,69,40.4,80.0,6,25.0,0.75,0.75,17,25,-8,0.27,1,1,1,0,23,32,4,0,4,"€ 2,885 (£ 2,435, $2,974)","€ 150,000 (£ 126,611, $154,625)",2885,150000,MF,20900000,18,0.10526315789473684,0.007177033492822967,11.918390573078394,441,0.2597402597402597,0.06493506493506493,1.6883116883116882,0.5844155844155844,1.2337662337662338,0.45454545454545453,1.4935064935064934,2.0779220779220777,0.06493506493506493,0.2597402597402597,0,0.15,34.6,0,13.13958322657988,-1.221192653501486,-70.51217304807638,Underpaid
Hugo Novoa,2022-2023,19,ESP,RB Leipzig,Bundesliga,MF,7,184,2.0,2,5,8,1,0,1,1,0,0,0,3,3,0.33,0.5,2,66.7,2,1,1,0,26,26,6.0,63.0,0,12.0,1.71,1.71,5,2,3,0.84,0,0,0,0,6,2,4,0,4,"€ 5,192 (£ 4,467, $5,678)","€ 270,000 (£ 232,284, $295,234)",5192,270000,MF,93420000,3,0.8823529411764706,0.002890173410404624,12.506177237980511,361,0.5,0.0,1.5,1.0,1.0,0.5,3.0,1.0,0.0,0.9090909090909091,0,0.33,66.7,0,13.719452877902441,-1.21327563992193,-70.27779094274814,Underpaid
Jamie Gittens,2022-2023,17,ENG,Dortmund,Bundesliga,"MF,FW",15,533,5.9,4,11,3,3,1,4,3,0,0,0,24,24,0.13,0.27,11,45.8,4,1,1,0,36,36,17.4,59.0,0,27.0,2.53,2.53,19,7,12,1.06,1,1,0,0,9,18,0,0,0,"€ 5,769 (£ 4,963, $6,308)","€ 300,000 (£ 258,093, $328,038)",5769,300000,MF,122520000,2,0.9411764705882353,0.002448579823702253,12.61153775363834,289,0.5084745762711864,0.1694915254237288,3.8058310906061776,1.6261161290322586,0.6779661016949152,0.1694915254237288,1.5254237288135593,3.0508474576271185,0.1694915254237288,0.0,0,0.13,45.8,0,13.800852079898213,-1.1893143262598738,-69.55700678704073,Underpaid
Warren Zaïre-Emery,2022-2023,16,FRA,Paris Saint-Germain,Ligue 1,MF,26,929,10.3,8,18,9,2,0,2,2,0,0,0,9,9,0.22,0.5,4,44.4,11,13,13,0,36,36,27.2,87.0,5,13.0,2.04,2.04,19,17,2,-1.5,1,1,0,0,9,5,2,0,2,"€ 4,808 (£ 4,136, $5,257)","€ 250,000 (£ 215,078, $273,365)",4808,250000,MF,361590000,1,1.0,0.0006913908017367737,12.429216196844385,256,0.1941747572815534,0.0,0.8737864077669902,0.3883495145631068,1.0679611650485437,1.262135922330097,0.8737864077669902,0.48543689320388345,0.0970873786407767,0.1941747572815534,0,0.22,44.4,0,13.613801863436475,-1.1845856665920902,-69.41271133971007,Underpaid
Andrea Colpani,2022-2023,23,ITA,Monza,Serie A,MF,27,948,10.5,10,17,8,4,1,5,4,0,0,0,24,24,0.17,0.44,9,37.5,8,3,3,0,35,35,27.7,61.0,0,20.0,1.22,1.22,16,12,4,0.67,1,1,0,0,22,26,0,0,0,"€ 3,269 (£ 2,813, $3,575)","€ 170,000 (£ 146,253, $185,888)",3269,170000,MF,41607000,8,0.631578947368421,0.004085850938543995,12.043553716032399,529,0.38095238095238093,0.09523809523809523,2.2857142857142856,0.8571428571428571,0.7619047619047619,0.2857142857142857,2.0952380952380953,2.4761904761904763,0.09523809523809523,0.0,0,0.17,37.5,0,13.210972214531484,-1.1674184984990852,-68.88308109534032,Underpaid
Badredine Bouanani,2024-2025,19,ALG,Nice,Ligue 1,"MF,FW",26,1099,12.2,11,15,5,3,3,6,2,1,1,0,31,31,0.06,0.13,15,48.4,4,12,12,0,42,42,35.9,76.0,2,17.0,1.65,1.65,25,13,12,0.39,2,2,0,0,13,17,2,0,2,"€ 2,308 (£ 1,948, $2,379)","€ 120,000 (£ 101,289, $123,700)",2308,120000,MF,31330000,6,0.7058823529411765,0.003830194701563996,11.695247021764182,361,0.1639344262295082,0.24590163934426232,2.540983606557377,1.2295081967213115,0.3278688524590164,0.9836065573770493,1.0655737704918034,1.3934426229508197,0.1639344262295082,0.1639344262295082,0,0.06,48.4,0,12.84932369435489,-1.1540766725907083,-68.46514274973634,Underpaid
Amad Diallo,2024-2025,22,CIV,Manchester Utd,Premier League,"MF,FW",26,1901,21.1,20,6,2,8,6,14,8,0,0,0,47,47,0.17,0.47,17,36.2,31,10,10,0,73,73,55.6,87.0,14,28.0,1.08,1.08,28,30,-2,0.38,5,5,0,0,20,28,9,0,9,"£ 28,846 (€ 34,175, $35,228)","£ 1,500,000 (€ 1,777,121, $1,831,878)",34175,1777121,MF,214295768,2,0.9473684210526315,0.008292842255288962,14.39050519710899,484,0.3791469194312796,0.2843601895734597,2.2274881516587675,0.8056872037914692,1.4691943127962084,0.4739336492890995,0.947867298578199,1.3270142180094786,0.23696682464454974,0.42654028436018954,0,0.17,36.2,0,15.510542074567915,-1.1200368774589258,-67.37322375248262,Underpaid
Neil El Aynaoui,2024-2025,23,MAR,Lens,Ligue 1,MF,24,1588,17.6,17,7,1,8,1,9,5,3,3,0,19,19,0.26,0.5,10,52.6,24,31,31,0,66,66,51.9,84.0,12,23.0,1.5,1.5,26,23,3,0.17,4,4,0,0,35,32,0,0,0,"€ 2,885 (£ 2,435, $2,974)","€ 150,000 (£ 126,611, $154,625)",2885,150000,MF,26990000,8,0.5882352941176471,0.005557613931085587,11.918390573078394,529,0.28409090909090906,0.056818181818181816,1.0795454545454544,0.5681818181818181,1.3636363636363635,1.7613636363636362,1.9886363636363635,1.8181818181818181,0.22727272727272727,0.0,0,0.26,52.6,0,13.032297546696418,-1.1139069736180236,-67.17261050968479,Underpaid
Samuel Lino,2024-2025,24,BRA,Atlético Madrid,La Liga,MF,31,1552,17.2,21,10,5,3,4,7,3,0,0,0,45,45,0.07,0.17,18,40.0,18,9,9,0,50,50,45.4,58.0,1,33.0,1.94,1.94,30,10,20,0.29,3,3,0,0,15,30,3,0,3,"€ 24,038 (£ 20,290, $24,780)","€ 1,250,000 (£ 1,055,095, $1,288,538)",24038,1250000,MF,137350000,3,0.8947368421052632,0.009100837277029487,14.038654109278482,576,0.1744186046511628,0.23255813953488372,2.616279069767442,1.0465116279069768,1.0465116279069768,0.5232558139534884,0.872093023255814,1.744186046511628,0.1744186046511628,0.1744186046511628,0,0.07,40.0,0,15.126263164408728,-1.0876090551302457,-66.2978669415622,Underpaid
Conor Gallagher,2023-2024,23,ENG,Chelsea,Premier League,MF,37,3128,34.8,37,0,0,5,7,12,5,0,0,0,48,48,0.1,0.28,18,37.5,49,40,40,0,85,85,91.5,85.0,28,,1.7,1.7,69,54,15,0.74,9,9,1,1,83,64,1,0,1,"£ 50,000 (€ 59,184, $63,602)","£ 2,600,000 (€ 3,077,584, $3,307,300)",59184,3077584,MF,185886099,4,0.8421052631578947,0.016556289128430202,14.939655431550456,529,0.14367816091954025,0.20114942528735633,1.3793103448275863,0.5172413793103449,1.4080459770114944,1.149425287356322,2.385057471264368,1.8390804597701151,0.25862068965517243,0.02873563218390805,0,0.1,37.5,0,16.02156650947275,-1.0819110779222925,-66.10528481229001,Underpaid
Largie Ramazani,2023-2024,22,BEL,Almería,La Liga,"MF,FW",29,1555,17.3,16,13,2,3,5,8,3,0,0,0,40,40,0.08,0.23,13,32.5,7,35,35,0,54,54,45.5,75.0,4,28.0,0.41,0.41,21,34,-13,0.16,11,11,2,2,27,24,9,0,9,"€ 2,885 (£ 2,437, $3,100)","€ 150,000 (£ 126,724, $161,197)",2885,150000,MF,16590000,18,0.10526315789473684,0.009041591320072333,11.918390573078394,484,0.17341040462427745,0.2890173410404624,2.312138728323699,0.7514450867052023,0.40462427745664736,2.0231213872832368,1.560693641618497,1.3872832369942196,0.6358381502890174,0.5202312138728323,0,0.08,32.5,0,12.999609611644988,-1.0812190385665943,-66.08182021715476,Underpaid
Oscar Bobb,2023-2024,20,NOR,Manchester City,Premier League,MF,14,302,3.4,2,12,21,1,1,2,1,0,0,0,4,4,0.25,0.5,2,50.0,3,5,5,0,22,22,8.8,75.0,1,13.0,2.57,2.57,12,4,8,0.83,0,0,0,0,2,3,0,0,0,"£ 15,000 (€ 17,755, $19,081)","£ 780,000 (€ 923,275, $992,190)",17755,923275,MF,237958824,2,0.9473684210526315,0.00387997799148646,13.73568241060436,400,0.29411764705882354,0.29411764705882354,1.1764705882352942,0.5882352941176471,0.8823529411764706,1.4705882352941178,0.5882352941176471,0.8823529411764706,0.0,0.0,0,0.25,50.0,0,14.81199769259433,-1.0763152819899702,-65.91508524022815,Underpaid
Youssouf Fofana,2023-2024,24,FRA,Monaco,Ligue 1,MF,32,2697,30.0,31,1,0,4,4,8,4,0,0,0,52,52,0.08,0.29,14,26.9,40,36,36,0,84,84,88.1,87.0,24,13.0,2.0,2.0,56,33,23,0.02,3,3,0,0,37,33,1,1,1,"€ 12,115 (£ 10,235, $13,020)","€ 630,000 (£ 532,242, $677,026)",12115,630000,MF,58770000,3,0.8823529411764706,0.010719754977029096,13.353475098367715,576,0.13333333333333333,0.13333333333333333,1.7333333333333334,0.4666666666666667,1.3333333333333333,1.2,1.2333333333333334,1.1,0.1,0.03333333333333333,0,0.08,26.9,0,14.429744300882867,-1.0762692025151512,-65.91351458906966,Underpaid
Nathaniel Brown,2024-2025,21,GER,Eintracht Frankfurt,Bundesliga,"MF,DF",26,1947,21.6,22,4,2,3,6,9,3,0,0,0,13,13,0.23,0.6,5,38.5,42,16,16,0,75,75,63.6,84.0,12,26.0,1.77,1.77,45,27,18,0.51,2,2,0,0,15,22,0,0,0,"€ 5,385 (£ 4,545, $5,551)","€ 280,000 (£ 236,341, $288,632)",5385,280000,MF,41010000,8,0.5882352941176471,0.006827603023652768,12.542544882151388,441,0.13888888888888887,0.27777777777777773,0.6018518518518519,0.23148148148148145,1.9444444444444444,0.7407407407407407,0.6944444444444444,1.0185185185185184,0.09259259259259259,0.0,0,0.23,38.5,0,13.584543123966904,-1.0419982418155165,-64.72509007693633,Underpaid
Lewis Miley,2024-2025,18,ENG,Newcastle United,Premier League,MF,14,313,3.5,1,13,12,1,0,1,1,0,0,0,3,3,0.33,0.5,2,66.7,11,2,2,0,22,22,9.2,90.0,1,17.0,2.14,2.14,6,4,2,0.02,0,0,0,0,3,1,0,0,0,"£ 5,000 (€ 5,924, $6,106)","£ 260,000 (€ 308,034, $317,526)",5924,308034,MF,122372117,8,0.631578947368421,0.002517191068942609,12.637965445473617,324,0.2857142857142857,0.0,0.8571428571428571,0.5714285714285714,2.7586206896551726,0.5714285714285714,0.8571428571428571,0.2857142857142857,0.0,0.0,0,0.33,66.7,0,13.679504259251544,-1.0415388137779278,-64.70888007091375,Underpaid
Brajan Gruda,2023-2024,19,GER,Mainz 05,Bundesliga,"MF,FW",28,1641,18.2,19,9,1,4,3,7,4,0,0,0,30,30,0.13,0.33,12,40.0,14,5,5,0,59,59,53.6,76.0,2,21.0,1.0,1.0,22,28,-6,0.05,5,5,0,0,28,47,9,0,9,"€ 2,308 (£ 1,950, $2,480)","€ 120,000 (£ 101,379, $128,957)",2308,120000,MF,28540000,11,0.4117647058823529,0.004204625087596356,11.695247021764182,361,0.21978021978021978,0.16483516483516483,1.6483516483516485,0.6593406593406593,0.7692307692307693,0.27472527472527475,1.5384615384615385,2.5824175824175826,0.27472527472527475,0.4945054945054945,0,0.13,40.0,0,12.73367497599945,-1.038427954235269,-64.59892341252619,Underpaid
Kobbie Mainoo,2023-2024,18,ENG,Manchester Utd,Premier League,MF,24,1924,21.4,24,0,5,3,1,4,3,0,0,0,11,11,0.27,0.6,5,45.5,26,22,22,0,80,80,56.3,80.0,7,,1.5,1.5,33,31,2,0.27,3,3,0,0,16,23,0,0,0,"£ 10,000 (€ 11,837, $12,720)","£ 520,000 (€ 615,517, $661,460)",11837,615517,MF,243550559,1,1.0,0.0025272658068503963,13.33021784404651,324,0.14018691588785048,0.04672897196261683,0.5140186915887851,0.23364485981308414,1.2149532710280375,1.0280373831775702,0.7476635514018692,1.074766355140187,0.14018691588785048,0.0,0,0.27,45.5,0,14.361823754029988,-1.0316059099834778,-64.35659003683377,Underpaid
Jonathan Burkardt,2022-2023,22,GER,Mainz 05,Bundesliga,"MF,FW",11,533,5.9,7,4,0,1,2,3,1,0,1,1,21,21,0.05,0.14,7,33.3,1,1,1,0,48,48,17.4,59.0,0,29.0,1.18,1.18,7,12,-5,-0.99,2,2,0,0,6,11,3,0,3,"€ 3,654 (£ 3,143, $3,995)","€ 190,000 (£ 163,459, $207,758)",3654,190000,MF,21350000,14,0.23529411764705882,0.008899297423887589,12.154779351142622,484,0.1694915254237288,0.3389830508474576,3.559322033898305,1.1864406779661016,0.1694915254237288,0.1694915254237288,1.0169491525423728,1.8644067796610169,0.3389830508474576,0.5084745762711864,0,0.05,33.3,0,13.17312303669047,-1.0183436855478476,-63.88073063189081,Underpaid
Mert Kömür,2024-2025,19,GER,Augsburg,Bundesliga,MF,20,654,7.3,5,15,9,2,1,3,2,0,0,0,13,13,0.15,0.29,7,53.8,2,2,2,0,33,33,21.4,62.0,0,23.0,1.15,1.15,4,12,-8,-0.8,1,1,0,0,7,12,3,0,3,"€ 2,308 (£ 1,948, $2,379)","€ 120,000 (£ 101,289, $123,700)",2308,120000,MF,26480000,11,0.4117647058823529,0.004531722054380665,11.695247021764182,361,0.273972602739726,0.136986301369863,1.7808219178082192,0.9589041095890412,0.273972602739726,0.273972602739726,0.9589041095890412,1.6438356164383563,0.136986301369863,0.4109589041095891,0,0.15,53.8,0,12.703095745959349,-1.007848724195167,-63.49966415449144,Underpaid
Noni Madueke,2024-2025,22,ENG,Chelsea,Premier League,MF,32,2033,22.6,27,5,1,7,3,10,7,0,0,0,80,80,0.09,0.22,32,40.0,18,8,8,0,64,64,59.4,73.0,6,14.0,1.97,1.97,38,28,10,-0.27,3,3,0,0,22,24,5,0,5,"£ 50,000 (€ 59,237, $61,063)","£ 2,600,000 (€ 3,080,342, $3,175,256)",59237,3080342,MF,203953524,3,0.8947368421052632,0.015103156540702871,14.940551187746427,484,0.30973451327433627,0.1327433628318584,3.5398230088495573,1.415929203539823,0.7964601769911503,0.35398230088495575,0.9734513274336283,1.0619469026548671,0.1327433628318584,0.22123893805309733,0,0.09,40.0,0,15.94246177909063,-1.0019105913442026,-63.28227550859186,Underpaid
Samuel Mbangula,2024-2025,20,BEL,Juventus,Serie A,MF,23,709,7.9,7,16,13,3,3,6,3,0,0,0,9,9,0.33,0.6,5,55.6,10,3,3,0,31,31,20.7,72.0,1,13.0,1.65,1.65,16,6,10,0.84,1,1,0,0,6,14,0,0,0,"€ 10,769 (£ 9,090, $11,101)","€ 560,000 (£ 472,683, $577,265)",10769,560000,MF,111632000,2,0.9473684210526315,0.005016482728966604,13.235692062711333,400,0.37974683544303794,0.37974683544303794,1.1392405063291138,0.6329113924050632,1.2658227848101264,0.37974683544303794,0.7594936708860759,1.7721518987341771,0.12658227848101264,0.0,0,0.33,55.6,0,14.235910642702239,-1.0002185799909054,-63.22009611259764,Underpaid
Senny Mayulu,2024-2025,18,FRA,Paris Saint-Germain,Ligue 1,MF,20,808,9.0,8,12,9,2,2,4,2,0,0,0,25,25,0.08,0.25,8,32.0,18,5,5,0,40,40,26.4,81.0,4,13.0,2.4,2.4,26,9,17,0.29,1,1,0,0,19,18,0,0,0,"€ 13,846 (£ 11,687, $14,273)","€ 720,000 (£ 607,735, $742,198)",13846,720000,MF,183180000,1,1.0,0.003930560104814936,13.487006490992238,324,0.2222222222222222,0.2222222222222222,2.7777777777777777,0.8888888888888888,2.0,0.5555555555555556,2.111111111111111,2.0,0.1111111111111111,0.0,0,0.08,32.0,0,14.480892105774544,-0.9938856147823056,-62.986431145805966,Underpaid
Kevin Schade,2024-2025,22,GER,Brentford,Premier League,"MF,FW",38,2293,25.5,26,12,0,11,2,13,11,0,0,0,55,55,0.2,0.41,27,49.1,26,5,5,0,60,60,67.0,79.0,6,21.0,1.47,1.47,45,34,11,0.59,3,3,0,0,21,38,13,0,13,"£ 10,000 (€ 11,847, $12,213)","£ 520,000 (€ 616,068, $635,051)",11847,616068,MF,49139858,19,0.05263157894736842,0.012537032565295569,13.331112626033562,484,0.43137254901960786,0.0784313725490196,2.156862745098039,1.0588235294117647,1.0196078431372548,0.19607843137254902,0.8235294117647058,1.4901960784313726,0.11764705882352941,0.5098039215686274,0,0.2,49.1,0,14.307763106677081,-0.976650480643519,-62.34296816455402,Underpaid
Lewis Dobbin,2023-2024,20,ENG,Everton,Premier League,MF,12,232,2.6,1,11,16,1,0,1,1,0,0,0,5,5,0.2,0.5,2,40.0,7,1,1,0,19,19,6.8,65.0,0,15.0,0.92,0.92,2,3,-1,-0.11,1,1,0,0,3,6,0,0,0,"£ 8,000 (€ 9,470, $10,176)","£ 416,000 (€ 492,414, $529,168)",9470,492414,MF,93485180,10,0.5263157894736842,0.005267294773353381,13.107075105057218,400,0.3846153846153846,0.0,1.923076923076923,0.7692307692307692,2.692307692307692,0.3846153846153846,1.1538461538461537,2.3076923076923075,0.3846153846153846,0.0,0,0.2,40.0,0,14.067516693367661,-0.9604415883104434,-61.72761577208795,Underpaid
Samuel Lino,2023-2024,23,BRA,Atlético Madrid,La Liga,"MF,DF",34,2080,23.1,25,9,2,4,5,9,4,0,0,0,54,54,0.07,0.19,21,38.9,34,14,14,0,61,61,60.8,72.0,6,31.0,2.06,2.06,46,21,25,0.95,1,1,0,0,27,56,9,0,9,"€ 24,038 (£ 20,308, $25,833)","€ 1,250,000 (£ 1,056,036, $1,343,306)",24038,1250000,MF,170890000,3,0.8947368421052632,0.007314646848850138,14.038654109278482,529,0.17316017316017315,0.21645021645021645,2.3376623376623376,0.9090909090909091,1.4718614718614718,0.6060606060606061,1.1688311688311688,2.4242424242424243,0.04329004329004329,0.3896103896103896,0,0.07,38.9,0,14.979661469189406,-0.9410073599109232,-60.976546932996214,Underpaid
Curtis Jones,2022-2023,21,ENG,Liverpool,Premier League,MF,18,1035,11.5,12,6,5,3,1,4,3,0,0,0,15,15,0.2,0.6,5,33.3,17,3,3,0,58,58,30.3,78.0,2,18.0,1.94,1.94,23,15,8,-0.06,2,2,0,0,13,16,2,0,2,"£ 15,000 (€ 17,436, $19,065)","£ 780,000 (€ 906,650, $991,386)",17436,906650,MF,188280884,4,0.8421052631578947,0.00481541185030765,13.717511767082172,441,0.2608695652173913,0.08695652173913043,1.3043478260869565,0.43478260869565216,1.4782608695652173,0.2608695652173913,1.1304347826086956,1.391304347826087,0.17391304347826086,0.17391304347826086,0,0.2,33.3,0,14.65116943917516,-0.9336576720929877,-60.688680165768695,Underpaid
Christoph Baumgartner,2022-2023,22,AUT,Hoffenheim,Bundesliga,"MF,FW",33,2567,28.5,33,0,0,7,3,10,7,0,0,0,65,65,0.11,0.35,20,30.8,19,16,16,0,78,78,83.9,78.0,14,,1.09,1.09,40,49,-9,-0.32,7,7,0,0,66,50,9,0,9,"€ 7,500 (£ 6,452, $8,201)","€ 390,000 (£ 335,521, $426,450)",7500,390000,MF,37740000,7,0.6470588235294118,0.010333863275039745,12.873902018105829,484,0.24561403508771928,0.10526315789473684,2.280701754385965,0.7017543859649122,0.6666666666666666,0.5614035087719298,2.3157894736842106,1.7543859649122806,0.24561403508771928,0.3157894736842105,0,0.11,30.8,0,13.786194241228065,-0.9122922231222361,-59.83973946186244,Underpaid
Marco Richter,2022-2023,24,GER,Hertha BSC,Bundesliga,"MF,FW",29,1836,20.4,21,8,1,6,5,11,6,0,0,0,50,50,0.12,0.4,15,30.0,24,23,23,0,63,63,60.0,78.0,7,26.0,0.93,0.93,30,51,-21,-0.59,8,8,0,0,36,33,5,0,5,"€ 8,654 (£ 7,445, $9,463)","€ 450,000 (£ 387,140, $492,057)",8654,450000,MF,33420000,10,0.47058823529411764,0.013464991023339317,13.017002861746503,576,0.29411764705882354,0.2450980392156863,2.450980392156863,0.7352941176470589,1.1764705882352942,1.1274509803921569,1.7647058823529413,1.6176470588235294,0.3921568627450981,0.2450980392156863,0,0.12,30.0,0,13.901340897256985,-0.8843380355104813,-58.70125341489092,Underpaid
Nadir Zortea,2022-2023,23,ITA,Atalanta,Serie A,MF,9,222,2.5,1,8,10,1,0,1,1,0,0,0,4,4,0.25,0.33,3,75.0,4,1,1,0,25,25,6.5,79.0,0,18.0,2.22,2.22,6,3,3,0.79,1,1,0,0,4,0,0,0,0,"€ 6,346 (£ 5,460, $6,939)","€ 330,000 (£ 283,902, $360,842)",6346,330000,MF,40837000,9,0.5789473684210527,0.00808090702059407,12.706847933442663,529,0.4,0.0,1.6,1.2,1.6,0.4,1.6,0.0,0.4,0.0,0,0.25,75.0,0,13.590460477377544,-0.8836125439348805,-58.67128065098135,Underpaid
Antoine Hainaut,2024-2025,22,FRA,Parma,Serie A,"DF,MF",25,1206,13.4,10,15,12,2,0,2,2,0,0,0,6,6,0.33,0.67,3,50.0,13,15,15,0,48,48,35.3,81.0,5,26.0,0.96,0.96,19,20,-1,0.45,4,4,0,0,13,16,1,0,1,"€ 5,000 (£ 4,220, $5,154)","€ 260,000 (£ 219,460, $268,016)",5000,260000,DF,23700000,16,0.21052631578947367,0.010970464135021098,12.468436909997665,484,0.14925373134328357,0.0,0.44776119402985076,0.22388059701492538,0.9701492537313433,1.1194029850746268,0.9701492537313433,1.1940298507462686,0.29850746268656714,0.07462686567164178,0,0.33,50.0,0,13.344686195317117,-0.8762492853194512,-58.36584347571798,Underpaid
Dwight McNeil,2024-2025,24,ENG,Everton,Premier League,MF,21,1371,15.2,15,6,0,4,6,10,4,0,0,0,24,24,0.17,0.4,10,41.7,8,6,6,0,65,65,40.1,85.0,10,15.0,1.29,1.29,20,24,-4,-0.35,1,1,0,0,6,18,1,0,1,"£ 25,000 (€ 29,619, $30,531)","£ 1,300,000 (€ 1,540,171, $1,587,628)",29619,1540171,MF,84631468,10,0.5263157894736842,0.01819856179264195,14.247404007186482,576,0.2631578947368421,0.39473684210526316,1.5789473684210527,0.6578947368421053,0.5263157894736842,0.39473684210526316,0.39473684210526316,1.1842105263157896,0.06578947368421052,0.06578947368421052,0,0.17,41.7,0,15.12294638385236,-0.8755423766658783,-58.336401525027945,Underpaid
Arne Engels,2023-2024,19,BEL,Augsburg,Bundesliga,"MF,DF",32,1405,15.6,13,19,0,3,2,5,3,0,0,0,20,20,0.15,0.43,7,35.0,21,14,14,0,44,44,45.9,74.0,2,23.0,1.22,1.22,25,21,4,1.02,1,1,1,0,24,15,1,0,1,"€ 2,308 (£ 1,950, $2,480)","€ 120,000 (£ 101,379, $128,957)",2308,120000,MF,24360000,13,0.29411764705882354,0.0049261083743842365,11.695247021764182,361,0.19230769230769232,0.12820512820512822,1.2820512820512822,0.44871794871794873,1.3461538461538463,0.8974358974358975,1.5384615384615385,0.9615384615384616,0.06410256410256411,0.06410256410256411,0,0.15,35.0,0,12.570455684861317,-0.8752086630971352,-58.32249549670807,Underpaid
Kevin Sessa,2023-2024,23,GER,Heidenheim,Bundesliga,MF,30,1011,11.2,7,23,2,3,0,3,3,0,0,0,29,29,0.1,0.43,7,24.1,9,4,4,0,34,34,33.0,70.0,0,23.0,1.27,1.27,21,14,7,1.15,1,1,0,0,16,20,1,0,1,"€ 2,308 (£ 1,950, $2,480)","€ 120,000 (£ 101,379, $128,957)",2308,120000,MF,10970000,18,0.0,0.010938924339106655,11.695247021764182,529,0.26785714285714285,0.0,2.5892857142857144,0.625,0.8035714285714286,0.35714285714285715,1.4285714285714286,1.7857142857142858,0.08928571428571429,0.08928571428571429,0,0.1,24.1,0,12.562444188107419,-0.867197166343237,-57.98725520952196,Underpaid
Wilson Odobert,2022-2023,17,FRA,Troyes,Ligue 1,MF,32,1764,19.6,19,13,3,4,2,6,4,0,0,0,27,27,0.15,0.27,15,55.6,12,14,14,0,55,55,51.6,76.0,6,25.0,0.69,0.69,24,48,-24,-0.57,0,0,0,0,8,16,2,0,2,"€ 769 (£ 662, $841)","€ 40,000 (£ 34,412, $43,738)",769,40000,MF,16770000,9,0.5789473684210527,0.002385211687537269,10.596634733096073,289,0.2040816326530612,0.1020408163265306,1.3775510204081631,0.7653061224489796,0.6122448979591836,0.7142857142857142,0.4081632653061224,0.8163265306122448,0.0,0.1020408163265306,0,0.15,55.6,0,11.458173254376847,-0.8615385212807745,-57.74884609854336,Underpaid
Simon Adingra,2024-2025,22,CIV,Brighton,Premier League,MF,29,1097,12.2,12,17,6,2,2,4,2,0,0,0,33,33,0.06,0.25,8,24.2,16,9,9,0,38,38,32.1,66.0,1,18.0,1.59,1.59,18,23,-5,-0.88,0,0,0,0,13,4,4,0,4,"£ 12,500 (€ 14,809, $15,266)","£ 650,000 (€ 770,086, $793,814)",14809,770086,MF,73417107,15,0.2631578947368421,0.010489190210123643,13.55425747590488,484,0.1639344262295082,0.1639344262295082,2.7049180327868854,0.6557377049180328,1.3114754098360657,0.7377049180327869,1.0655737704918034,0.3278688524590164,0.0,0.3278688524590164,0,0.06,24.2,0,14.383632475884099,-0.829374999979219,-56.36780976818243,Underpaid
Simon Adingra,2023-2024,21,CIV,Brighton,Premier League,MF,31,2222,24.7,25,6,1,6,1,7,6,0,0,0,52,52,0.12,0.27,22,42.3,20,21,21,0,72,72,65.0,83.0,10,26.0,1.19,1.19,34,38,-4,0.06,3,3,0,0,29,19,18,0,18,"£ 12,500 (€ 14,796, $15,900)","£ 650,000 (€ 769,396, $826,825)",14796,769396,MF,73862025,14,0.3157894736842105,0.010416665397408207,13.553361070430565,441,0.24291497975708504,0.04048582995951417,2.1052631578947367,0.8906882591093118,0.8097165991902834,0.8502024291497976,1.174089068825911,0.7692307692307693,0.12145748987854252,0.728744939271255,0,0.12,42.3,0,14.369719139433492,-0.8163580690029271,-55.79613993821009,Underpaid
Unai Gómez,2023-2024,20,ESP,Athletic Club,La Liga,MF,25,875,9.7,9,16,12,2,0,2,2,0,0,0,16,16,0.13,0.25,8,50.0,9,2,2,0,35,35,25.6,64.0,1,19.0,1.92,1.92,17,11,6,-0.02,1,1,0,0,11,20,0,0,0,"€ 5,769 (£ 4,874, $6,200)","€ 300,000 (£ 253,449, $322,393)",5769,300000,MF,57910000,5,0.7894736842105263,0.005180452426178553,12.61153775363834,400,0.2061855670103093,0.0,1.6494845360824744,0.8247422680412372,0.9278350515463918,0.2061855670103093,1.1340206185567012,2.061855670103093,0.10309278350515465,0.0,0,0.13,50.0,0,13.417992016361454,-0.8064542627231148,-55.356178420661465,Underpaid
Amine Adli,2023-2024,23,MAR,Leverkusen,Bundesliga,"MF,FW",23,898,10.0,8,15,4,4,6,10,4,0,0,0,27,27,0.15,0.27,15,55.6,7,5,5,0,39,39,29.3,71.0,1,22.0,2.65,2.65,28,9,19,-0.01,5,5,0,0,14,28,7,0,7,"€ 21,923 (£ 18,521, $23,560)","€ 1,140,000 (£ 963,105, $1,225,095)",21923,1140000,MF,64370000,4,0.8235294117647058,0.017710113406866554,13.946538820370678,529,0.4,0.5256021409455849,2.7,1.5,0.7,0.5,1.4,2.8,0.5,0.7,0,0.15,55.6,0,14.752976167309466,-0.8064373469387878,-55.355423229016786,Underpaid
Paul Nebel,2024-2025,21,GER,Mainz 05,Bundesliga,MF,31,2345,26.1,26,5,2,10,4,14,10,0,0,0,44,44,0.23,0.56,18,40.9,27,14,14,0,76,76,76.6,87.0,17,18.0,1.52,1.52,41,28,13,0.62,5,5,1,1,37,38,5,0,5,"€ 5,192 (£ 4,383, $5,352)","€ 270,000 (£ 227,901, $278,324)",5192,270000,MF,27060000,10,0.47058823529411764,0.009977827050997782,12.506177237980511,441,0.38314176245210724,0.1532567049808429,1.685823754789272,0.689655172413793,1.0344827586206895,0.5363984674329502,1.417624521072797,1.4559386973180075,0.19157088122605362,0.19157088122605362,0,0.23,40.9,0,13.283597709263157,-0.777420471282646,-54.040999080264854,Underpaid
Romano Schmid,2023-2024,23,AUT,Werder Bremen,Bundesliga,"MF,FW",33,2601,28.9,30,3,0,4,6,10,4,0,0,0,38,38,0.11,0.44,9,23.7,21,13,13,0,79,79,85.0,84.0,13,23.0,1.27,1.27,43,48,-5,0.02,5,5,0,0,33,53,3,0,3,"€ 6,923 (£ 5,849, $7,440)","€ 360,000 (£ 304,138, $386,872)",6923,360000,MF,28780000,10,0.47058823529411764,0.01250868658790827,12.793859310432293,529,0.1384083044982699,0.20761245674740486,1.3148788927335642,0.31141868512110726,0.726643598615917,0.44982698961937717,1.1418685121107266,1.8339100346020762,0.17301038062283738,0.10380622837370243,0,0.11,23.7,0,13.550917267895695,-0.7570579574634024,-53.09556525124559,Underpaid
Ola Solbakken,2022-2023,23,NOR,Roma,Serie A,"MF,FW",14,502,5.6,7,7,6,1,2,3,1,0,0,0,9,9,0.11,0.5,2,22.2,2,2,2,0,36,36,14.7,64.0,0,8.0,1.43,1.43,7,4,3,0.26,2,2,0,0,6,7,0,0,0,"€ 17,308 (£ 14,890, $18,925)","€ 900,000 (£ 774,279, $984,115)",17308,900000,MF,93570000,3,0.8947368421052632,0.009618467457518435,13.710150042306447,529,0.17857142857142858,0.35714285714285715,1.6071428571428572,0.35714285714285715,0.35714285714285715,0.35714285714285715,1.0714285714285714,1.25,0.35714285714285715,0.0,0,0.11,22.2,0,14.430576369089678,-0.7204263267832314,-51.34552153351151,Underpaid
Halid Šabanović,2022-2023,22,BIH,Angers,Ligue 1,"DF,MF",15,638,7.1,8,7,8,2,0,2,2,0,0,0,5,5,0.4,0.67,3,60.0,7,8,8,0,43,43,18.7,63.0,2,20.0,0.67,0.67,8,14,-6,0.51,1,1,1,0,10,2,1,0,1,"€ 1,731 (£ 1,489, $1,893)","€ 90,000 (£ 77,428, $98,411)",1731,90000,DF,15540000,10,0.5263157894736842,0.005791505791505791,11.407564949312404,484,0.28169014084507044,0.0,0.7042253521126761,0.4225352112676057,0.9859154929577465,1.1267605633802817,1.4084507042253522,0.28169014084507044,0.14084507042253522,0.14084507042253522,0,0.4,60.0,0,12.119293045429245,-0.7117280961168415,-50.92046772877057,Underpaid
Chris Führich,2022-2023,24,GER,Stuttgart,Bundesliga,"MF,FW",33,1884,20.9,21,12,0,5,2,7,4,1,1,0,44,44,0.09,0.29,14,31.8,14,7,7,0,57,57,61.6,72.0,1,31.0,0.91,0.91,27,35,-8,-0.08,2,2,0,0,6,10,3,0,3,"€ 7,308 (£ 6,287, $7,991)","€ 380,000 (£ 326,918, $415,515)",7308,380000,MF,16100000,17,0.058823529411764705,0.02360248447204969,12.847926531702567,576,0.19138755980861244,0.09569377990430622,2.105263157894737,0.6698564593301436,0.6698564593301436,0.3349282296650718,0.28708133971291866,0.47846889952153115,0.09569377990430622,0.14354066985645933,0,0.09,31.8,0,13.545868108665177,-0.6979415769626094,-50.23914608148794,Underpaid
Ansgar Knauff,2024-2025,22,GER,Eintracht Frankfurt,Bundesliga,MF,30,1597,17.7,18,12,1,4,5,9,4,0,0,0,30,30,0.13,0.33,12,40.0,22,11,11,0,53,53,52.2,72.0,1,25.0,1.8,1.8,36,27,9,-0.29,3,3,0,0,27,28,11,0,11,"€ 10,385 (£ 8,765, $10,705)","€ 540,000 (£ 455,801, $556,648)",10385,540000,MF,41010000,8,0.5882352941176471,0.013167520117044623,13.199324418540456,484,0.22598870056497175,0.2824858757062147,1.6949152542372883,0.6779661016949153,1.2429378531073447,0.6214689265536724,1.5254237288135595,1.5819209039548023,0.16949152542372883,0.6214689265536724,0,0.13,40.0,0,13.88238749185093,-0.683063073310473,-49.49324384008935,Underpaid
Issa Soumaré,2024-2025,23,SEN,Le Havre,Ligue 1,"MF,FW",29,1902,21.1,21,8,1,5,4,9,5,0,0,0,43,43,0.12,0.26,19,44.2,14,14,14,0,66,66,62.2,82.0,12,23.0,1.07,1.07,28,39,-11,1.03,0,0,0,0,17,61,4,0,4,"€ 4,808 (£ 4,058, $4,956)","€ 250,000 (£ 211,019, $257,708)",4808,250000,MF,11510000,18,0.0,0.021720243266724587,12.429216196844385,529,0.23696682464454974,0.1895734597156398,2.037914691943128,0.9004739336492891,0.6635071090047393,0.6635071090047393,0.8056872037914692,2.890995260663507,0.0,0.1895734597156398,0,0.12,44.2,0,13.109387239863509,-0.6801710430191239,-49.34696535240255,Underpaid
Brahim Díaz,2024-2025,24,MAR,Real Madrid,La Liga,"MF,FW",31,1385,15.4,16,15,0,4,2,6,4,0,0,0,28,28,0.14,0.24,17,60.7,18,5,5,0,45,45,40.5,68.0,5,20.0,2.1,2.1,43,15,28,1.29,0,0,0,0,14,34,1,0,1,"€ 140,192 (£ 118,333, $144,514)","€ 7,290,000 (£ 6,153,316, $7,514,751)",140192,7290000,MF,272960000,1,1.0,0.026707209847596718,15.802014103984842,576,0.2597402597402597,0.12987012987012986,1.8181818181818181,1.103896103896104,1.1688311688311688,0.3246753246753247,0.9090909090909091,2.207792207792208,0.0,0.06493506493506493,0,0.14,60.7,0,16.481636592434437,-0.6796224884495956,-49.31917177633651,Underpaid
Eberechi Eze,2022-2023,24,ENG,Crystal Palace,Premier League,"MF,FW",38,2636,29.3,30,8,0,10,4,14,9,1,1,0,70,70,0.13,0.36,25,35.7,24,10,10,0,69,69,77.1,82.0,15,23.0,1.18,1.18,38,35,3,1.48,3,3,0,0,27,57,4,0,4,"£ 30,000 (€ 34,871, $38,130)","£ 1,560,000 (€ 1,813,299, $1,982,771)",34871,1813299,MF,77669646,12,0.42105263157894735,0.02334630184872994,14.41065839616124,576,0.30716723549488056,0.13651877133105803,2.3890784982935154,0.8532423208191126,0.8191126279863481,0.341296928327645,0.9215017064846416,1.9453924914675766,0.10238907849829351,0.13651877133105803,0,0.13,35.7,0,15.089386078529301,-0.678727682368061,-49.27380196746154,Underpaid
Lewis O'Brien,2022-2023,23,ENG,Nottingham Forest,Premier League,MF,13,584,6.5,6,7,2,1,0,1,1,0,0,0,7,7,0.14,0.5,2,28.6,7,6,6,0,45,45,17.1,77.0,3,17.0,0.92,0.92,5,14,-9,-0.72,2,2,0,0,5,16,0,0,0,"£ 15,000 (€ 17,436, $19,065)","£ 780,000 (€ 906,650, $991,386)",17436,906650,MF,62105496,14,0.3157894736842105,0.014598546962735794,13.717511767082172,529,0.15384615384615385,0.0,1.0769230769230769,0.3076923076923077,1.0769230769230769,0.9230769230769231,0.7692307692307693,2.4615384615384617,0.3076923076923077,0.0,0,0.14,28.6,0,14.391147794205203,-0.6736360271230311,-49.01486300062924,Underpaid
Oihan Sancet,2022-2023,22,ESP,Athletic Club,La Liga,MF,36,2532,28.1,32,4,0,10,2,12,8,2,2,0,58,58,0.14,0.36,22,37.9,15,4,4,0,70,70,74.0,75.0,6,36.0,1.39,1.39,39,29,10,0.96,6,6,1,0,41,54,2,0,2,"€ 11,538 (£ 9,927, $12,617)","€ 600,000 (£ 516,186, $656,076)",11538,600000,MF,63390000,5,0.7894736842105263,0.00946521533364884,13.304684934198283,484,0.2846975088967971,0.07117437722419928,2.0640569395017794,0.7829181494661921,0.5338078291814946,0.14234875444839856,1.4590747330960854,1.9217081850533806,0.21352313167259784,0.07117437722419928,0,0.14,37.9,0,13.970959702417245,-0.6662747682189618,-48.638163416385474,Underpaid
Jan Thielmann,2022-2023,20,GER,Köln,Bundesliga,"MF,FW",23,869,9.7,6,17,0,2,2,4,2,0,0,0,13,13,0.15,0.29,7,53.8,8,8,8,0,38,38,28.4,72.0,2,26.0,1.3,1.3,16,11,5,0.93,5,5,0,0,14,19,9,0,9,"€ 2,500 (£ 2,151, $2,734)","€ 130,000 (£ 111,840, $142,150)",2500,130000,MF,21380000,13,0.29411764705882354,0.00608044901777362,11.77528972943772,400,0.2061855670103093,0.2061855670103093,1.3402061855670104,0.7216494845360826,0.8247422680412372,0.8247422680412372,1.4432989690721651,1.9587628865979383,0.5154639175257733,0.9090909090909091,0,0.15,53.8,0,12.435205221619292,-0.6599154921815718,-48.310498568395374,Underpaid
Tanguy Coulibaly,2022-2023,21,FRA,Stuttgart,Bundesliga,MF,14,326,3.6,0,14,8,4,0,4,3,1,1,0,12,12,0.25,0.43,7,58.3,9,3,3,0,23,23,10.7,,0,23.0,1.0,1.0,11,6,5,1.94,3,3,0,0,8,5,3,0,3,"€ 3,846 (£ 3,309, $4,206)","€ 200,000 (£ 172,062, $218,692)",3846,200000,MF,16100000,17,0.058823529411764705,0.012422360248447204,12.206072645530172,441,0.6042938542938544,0.0,3.333333333333333,1.6261161290322586,2.5,0.8333333333333333,2.2222222222222223,1.3888888888888888,0.8333333333333333,0.8333333333333333,0,0.25,58.3,0,12.84099974482215,-0.6349270992919784,-47.00258776019186,Underpaid
Alexis Flips,2022-2023,22,FRA,Reims,Ligue 1,"MF,DF",33,1978,22.0,28,5,3,4,6,10,4,0,0,0,52,52,0.08,0.2,20,38.5,29,22,22,0,60,60,57.8,68.0,4,17.0,1.45,1.45,29,23,6,0.65,3,3,1,0,23,23,2,0,2,"€ 3,846 (£ 3,309, $4,206)","€ 200,000 (£ 172,062, $218,692)",3846,200000,MF,12610000,13,0.3684210526315789,0.01586042823156225,12.206072645530172,484,0.18181818181818182,0.2727272727272727,2.3636363636363638,0.9090909090909091,1.3181818181818181,1.0,1.0454545454545454,1.0454545454545454,0.13636363636363635,0.09090909090909091,0,0.08,38.5,0,12.839871478485504,-0.6337988329553319,-46.942758818888876,Underpaid
Jonathan Rowe,2024-2025,21,ENG,Marseille,Ligue 1,"MF,FW",28,807,9.0,6,22,5,3,3,6,3,0,0,0,36,36,0.08,0.2,15,41.7,11,2,2,0,29,29,26.4,60.0,0,20.0,1.79,1.79,22,15,7,-0.02,2,2,0,0,14,26,6,0,6,"€ 17,308 (£ 14,609, $17,841)","€ 900,000 (£ 759,669, $927,747)",17308,900000,MF,71750000,2,0.9411764705882353,0.012543554006968641,13.710150042306447,441,0.3333333333333333,0.3333333333333333,3.8058310906061776,1.6261161290322586,1.2222222222222223,0.2222222222222222,1.5555555555555556,2.888888888888889,0.2222222222222222,0.6666666666666666,0,0.08,41.7,0,14.342025027453891,-0.6318749851474443,-46.84058651127828,Underpaid
Riccardo Sottil,2023-2024,24,ITA,Fiorentina,Serie A,MF,22,1103,12.3,13,9,10,2,3,5,2,0,0,0,34,34,0.06,0.15,13,38.2,5,2,2,0,50,50,32.3,70.0,1,21.0,1.41,1.41,20,12,8,0.38,1,1,0,0,8,34,6,0,6,"€ 21,346 (£ 18,034, $22,940)","€ 1,110,000 (£ 937,760, $1,192,856)",21346,1110000,MF,59390000,7,0.6842105263157895,0.01869001515406634,13.919870573288517,576,0.16260162601626016,0.24390243902439024,2.7642276422764227,1.056910569105691,0.4065040650406504,0.16260162601626016,0.6504065040650406,2.7642276422764227,0.08130081300813008,0.4878048780487805,0,0.06,38.2,0,14.548468071808033,-0.6285974985195164,-46.66607141519249,Underpaid
Amad Diallo,2023-2024,21,CIV,Manchester Utd,Premier League,MF,9,390,4.3,3,6,8,1,1,2,1,0,0,0,10,10,0.1,0.25,4,40.0,4,1,1,0,43,43,11.4,75.0,0,28.0,1.22,1.22,10,6,4,1.07,1,1,0,0,5,4,0,0,0,"£ 28,846 (€ 34,145, $36,693)","£ 1,500,000 (€ 1,775,529, $1,908,058)",34145,1775529,MF,243550559,1,1.0,0.007290186511130118,14.389608964659095,441,0.23255813953488372,0.23255813953488372,2.3255813953488373,0.9302325581395349,0.9302325581395349,0.23255813953488372,1.1627906976744187,0.9302325581395349,0.23255813953488372,0.0,0,0.1,40.0,0,15.017960431649405,-0.6283514669903099,-46.65294797286008,Underpaid
Anthony Elanga,2024-2025,22,SWE,Nottingham Forest,Premier League,"MF,FW",38,2501,27.8,31,7,0,6,11,17,6,0,0,0,44,44,0.14,0.25,24,54.5,15,6,6,0,66,66,73.1,76.0,12,22.0,1.71,1.71,45,35,10,0.16,1,1,0,0,9,47,18,0,18,"£ 25,000 (€ 29,619, $30,531)","£ 1,300,000 (€ 1,540,171, $1,587,628)",29619,1540171,MF,75234815,14,0.3157894736842105,0.020471519734580328,14.247404007186482,484,0.2158273381294964,0.39568345323741005,1.5827338129496402,0.8633093525179856,0.539568345323741,0.2158273381294964,0.3237410071942446,1.6906474820143884,0.03597122302158273,0.6474820143884892,0,0.14,54.5,0,14.867988780709272,-0.6205847735227898,-46.23700461093295,Underpaid
Stéphane Diarra,2022-2023,23,FRA,Lorient,Ligue 1,"MF,FW",28,1066,11.8,14,14,9,2,0,2,2,0,0,0,20,20,0.1,0.25,8,40.0,17,18,18,0,38,38,31.2,62.0,0,14.0,1.46,1.46,21,22,-1,-0.08,1,1,0,0,7,21,4,0,4,"€ 4,231 (£ 3,640, $4,626)","€ 220,000 (£ 189,268, $240,561)",4231,220000,MF,8560000,17,0.15789473684210525,0.02570093457943925,12.301382825334498,529,0.1694915254237288,0.0,1.694915254237288,0.6779661016949152,1.4406779661016949,1.5254237288135593,0.5932203389830508,1.7796610169491525,0.0847457627118644,0.3389830508474576,0,0.1,40.0,0,12.915404447891728,-0.6140216225572299,-45.88298949928726,Underpaid
Enzo Millot,2023-2024,21,FRA,Stuttgart,Bundesliga,MF,31,2241,24.9,27,4,1,5,4,9,4,1,1,0,39,39,0.1,0.22,18,46.2,22,17,17,0,72,72,73.2,80.0,8,24.0,2.26,2.26,55,25,30,0.22,5,5,0,0,36,35,4,0,4,"€ 5,769 (£ 4,874, $6,200)","€ 300,000 (£ 253,449, $322,393)",5769,300000,MF,28080000,12,0.35294117647058826,0.010683760683760684,12.61153775363834,441,0.1606425702811245,0.1606425702811245,1.566265060240964,0.7228915662650602,0.8835341365461847,0.6827309236947792,1.4457831325301205,1.4056224899598395,0.20080321285140562,0.1606425702811245,0,0.1,46.2,0,13.224348299071059,-0.6128105454327191,-45.81740992287603,Underpaid
Javi Puado,2022-2023,24,ESP,Espanyol,La Liga,"MF,FW",37,2340,26.0,25,12,0,7,2,9,7,0,0,0,57,57,0.12,0.3,23,40.4,11,10,10,0,63,63,68.4,78.0,5,33.0,0.97,0.97,37,44,-7,0.56,4,4,0,0,16,26,4,0,4,"€ 7,308 (£ 6,287, $7,991)","€ 380,000 (£ 326,918, $415,515)",7308,380000,MF,24890000,12,0.42105263157894735,0.015267175572519083,12.847926531702567,576,0.2692307692307692,0.07692307692307693,2.1923076923076925,0.8846153846153846,0.4230769230769231,0.38461538461538464,0.6153846153846154,1.0,0.15384615384615385,0.15384615384615385,0,0.12,40.4,0,13.45418926954163,-0.6062627378390619,-45.46146870252361,Underpaid
Noni Madueke,2023-2024,21,ENG,Chelsea,Premier League,MF,23,1053,11.7,13,10,10,5,2,7,4,1,1,0,32,32,0.13,0.31,13,40.6,11,4,4,0,46,46,30.8,70.0,2,14.0,1.74,1.74,28,18,10,0.7,2,2,0,0,8,19,3,0,3,"£ 50,000 (€ 59,184, $63,602)","£ 2,600,000 (€ 3,077,584, $3,307,300)",59184,3077584,MF,185886099,4,0.8421052631578947,0.016556289128430202,14.939655431550456,441,0.3418803418803419,0.17094017094017094,2.735042735042735,1.1111111111111112,0.9401709401709403,0.3418803418803419,0.6837606837606838,1.623931623931624,0.17094017094017094,0.25641025641025644,0,0.13,40.6,0,15.540840234452677,-0.6011848029022211,-45.18382124779343,Underpaid
Antoine Semenyo,2023-2024,23,GHA,Bournemouth,Premier League,MF,33,2105,23.4,25,8,3,8,2,10,8,0,0,0,70,70,0.11,0.26,31,44.3,17,5,5,0,64,64,61.5,76.0,10,25.0,1.39,1.39,41,33,8,1.78,6,6,0,0,43,25,3,0,3,"£ 20,000 (€ 23,674, $25,441)","£ 1,040,000 (€ 1,231,034, $1,322,920)",23674,1231034,MF,64906255,15,0.2631578947368421,0.01896633845228014,14.023365024606454,529,0.3418803418803419,0.08547008547008547,2.9914529914529915,1.324786324786325,0.7264957264957266,0.2136752136752137,1.8376068376068377,1.0683760683760684,0.25641025641025644,0.12820512820512822,0,0.11,44.3,0,14.613751055897197,-0.590386031290743,-44.58866616450577,Underpaid
Lamine Yamal,2024-2025,17,ESP,Barcelona,La Liga,"MF,FW",35,2856,31.7,31,4,0,9,13,22,9,0,0,0,144,144,0.06,0.19,47,32.6,29,15,15,0,82,82,83.5,87.0,20,41.0,2.49,2.49,93,28,65,2.37,3,3,0,0,30,60,13,0,13,"€ 32,115 (£ 27,108, $33,106)","€ 1,670,000 (£ 1,409,607, $1,721,486)",32115,1670000,MF,196780000,2,0.9473684210526315,0.008486634820611851,14.328334184392938,289,0.28391167192429023,0.41009463722397477,3.8058310906061776,1.4826498422712935,0.9148264984227129,0.47318611987381703,0.9463722397476341,1.8927444794952681,0.09463722397476342,0.41009463722397477,0,0.06,32.6,0,14.915989290421663,-0.5876551060287252,-44.43713513735322,Underpaid
Diego López,2024-2025,22,ESP,Valencia,La Liga,MF,38,2737,30.4,35,3,0,8,5,13,8,0,0,0,44,44,0.18,0.57,14,31.8,18,13,13,0,72,72,80.0,76.0,9,25.0,1.21,1.21,40,40,0,1.32,3,3,0,0,21,33,13,0,13,"€ 15,385 (£ 12,986, $15,859)","€ 800,000 (£ 675,261, $824,664)",15385,800000,MF,37530000,9,0.5789473684210527,0.021316280309086066,13.592367006650063,484,0.2631578947368421,0.16447368421052633,1.4473684210526316,0.46052631578947373,0.5921052631578948,0.4276315789473684,0.6907894736842105,1.0855263157894737,0.09868421052631579,0.4276315789473684,0,0.18,31.8,0,14.176734384568435,-0.5843673779183725,-44.254158921446475,Underpaid
Rodrigo Riquelme,2022-2023,22,ESP,Girona,La Liga,"MF,FW",34,2179,24.2,25,9,1,4,4,8,4,0,0,0,55,55,0.07,0.18,22,40.0,8,12,12,0,64,64,63.7,77.0,6,28.0,1.32,1.32,37,41,-4,-0.67,1,1,0,0,27,36,5,0,5,"€ 6,923 (£ 5,956, $7,570)","€ 360,000 (£ 309,712, $393,646)",6923,360000,MF,17315000,17,0.15789473684210525,0.020791221484262202,12.793859310432293,484,0.1652892561983471,0.1652892561983471,2.272727272727273,0.9090909090909092,0.3305785123966942,0.49586776859504134,1.115702479338843,1.4876033057851241,0.04132231404958678,0.2066115702479339,0,0.07,40.0,0,13.376956737546942,-0.5830974271146498,-44.18331947397862,Underpaid
Tomáš Čvančara,2024-2025,23,CZE,Gladbach,Bundesliga,"MF,FW",28,831,9.2,7,21,5,2,0,2,2,0,0,0,24,24,0.08,0.22,9,37.5,0,4,4,0,30,30,27.2,76.0,2,14.0,1.25,1.25,12,21,-9,-1.26,5,5,1,1,11,6,1,0,1,"€ 15,385 (£ 12,986, $15,859)","€ 800,000 (£ 675,261, $824,664)",15385,800000,MF,41770000,7,0.6470588235294118,0.019152501795547044,13.592367006650063,529,0.2173913043478261,0.0,2.608695652173913,0.9782608695652175,0.0,0.4347826086956522,1.1956521739130437,0.6521739130434783,0.5434782608695653,0.10869565217391305,0,0.08,37.5,0,14.175186530662694,-0.5828195240126313,-44.16780568975152,Underpaid
Brahim Díaz,2023-2024,23,MAR,Real Madrid,La Liga,"MF,FW",31,1545,17.2,18,13,7,8,6,14,8,0,0,0,38,38,0.21,0.47,17,44.7,18,5,5,0,50,50,45.2,74.0,1,17.0,2.52,2.52,44,9,35,0.79,0,0,0,0,22,42,5,0,5,"€ 140,192 (£ 118,439, $150,657)","€ 7,290,000 (£ 6,158,804, $7,834,160)",140192,7290000,MF,285570000,1,1.0,0.02552789158525055,15.802014103984842,529,0.46511627906976744,0.3488372093023256,2.2093023255813953,0.9883720930232559,1.0465116279069768,0.29069767441860467,1.2790697674418605,2.441860465116279,0.0,0.29069767441860467,0,0.21,44.7,0,16.377944902640266,-0.5759307986554241,-43.781865244409445,Underpaid
Jamal Musiala,2024-2025,21,GER,Bayern Munich,Bundesliga,MF,25,1798,20.0,21,4,0,12,2,14,12,0,0,0,68,68,0.18,0.38,32,47.1,21,7,7,0,72,72,58.8,81.0,9,24.0,2.44,2.44,51,18,33,-0.77,3,3,0,0,20,55,2,0,2,"€ 96,154 (£ 81,161, $99,118)","€ 5,000,000 (£ 4,220,382, $5,154,150)",96154,5000000,MF,262170000,1,1.0,0.019071594766754397,15.424948470398373,441,0.6,0.1,3.4,1.6,1.05,0.35,1.0,2.75,0.15,0.1,0,0.18,47.1,0,15.99872574957839,-0.5737772791800175,-43.660667942806754,Underpaid
Conor Gallagher,2022-2023,22,ENG,Chelsea,Premier League,MF,35,1621,18.0,18,17,2,3,1,4,3,0,0,0,28,28,0.11,0.27,11,39.3,32,23,23,0,46,46,47.4,73.0,8,18.0,1.23,1.23,15,22,-7,-0.29,11,11,1,1,34,35,2,0,2,"£ 50,000 (€ 58,119, $63,550)","£ 2,600,000 (€ 3,022,165, $3,304,619)",58119,3022165,MF,220920267,3,0.8947368421052632,0.013679890220302875,14.92148401992723,484,0.16666666666666666,0.05555555555555555,1.5555555555555556,0.6111111111111112,1.7777777777777777,1.2777777777777777,1.8888888888888888,1.9444444444444444,0.6111111111111112,0.1111111111111111,0,0.11,39.3,0,15.491517342464888,-0.5700333225376593,-43.449340572921734,Underpaid
Jota Silva,2024-2025,24,POR,Nottingham Forest,Premier League,MF,31,854,9.5,5,26,6,3,1,4,3,0,0,0,23,23,0.13,0.43,7,30.4,16,11,11,0,28,28,25.0,68.0,0,20.0,1.71,1.71,16,16,0,-0.42,5,5,0,0,24,23,8,0,8,"£ 25,000 (€ 29,619, $30,531)","£ 1,300,000 (€ 1,540,171, $1,587,628)",29619,1540171,MF,75234815,14,0.3157894736842105,0.020471519734580328,14.247404007186482,576,0.3157894736842105,0.10526315789473684,2.4210526315789473,0.7368421052631579,1.6842105263157894,1.1578947368421053,2.526315789473684,2.4210526315789473,0.5263157894736842,0.8421052631578947,0,0.13,30.4,0,14.81223400475602,-0.5648299975695377,-43.15432224226284,Underpaid
Jeremy Doku,2024-2025,22,BEL,Manchester City,Premier League,"MF,FW",29,1516,16.8,16,13,4,3,6,9,3,0,0,0,29,29,0.1,0.33,9,31.0,23,3,3,0,52,52,44.3,81.0,6,17.0,1.9,1.9,34,14,20,0.81,1,1,0,0,10,33,5,0,5,"£ 50,000 (€ 59,237, $61,063)","£ 2,600,000 (€ 3,080,342, $3,175,256)",59237,3080342,MF,239198665,1,1.0,0.01287775581857867,14.940551187746427,484,0.17857142857142858,0.35714285714285715,1.726190476190476,0.5357142857142857,1.369047619047619,0.17857142857142858,0.5952380952380952,1.9642857142857142,0.05952380952380952,0.2976190476190476,0,0.1,31.0,0,15.499807911849793,-0.5592567241033652,-42.83662123981764,Underpaid
Moïse Sahi Dion,2023-2024,21,CIV,Strasbourg,Ligue 1,"MF,FW",18,628,7.0,7,11,4,3,1,4,3,0,0,0,24,24,0.13,0.43,7,29.2,5,1,1,0,35,35,20.5,61.0,0,18.0,1.06,1.06,7,12,-5,-0.46,0,0,0,0,11,1,2,0,2,"€ 5,192 (£ 4,387, $5,580)","€ 270,000 (£ 228,104, $290,154)",5192,270000,MF,17430000,11,0.4117647058823529,0.01549053356282272,12.506177237980511,441,0.42857142857142855,0.14285714285714285,3.4285714285714284,1.0,0.7142857142857143,0.14285714285714285,1.5714285714285714,0.14285714285714285,0.0,0.2857142857142857,0,0.13,29.2,0,13.064180904384758,-0.5580036664042467,-42.76494733156153,Underpaid
Yacine Adli,2024-2025,24,FRA,Fiorentina,Serie A,MF,26,1234,13.7,15,11,5,4,6,10,4,0,0,0,14,14,0.29,0.8,5,35.7,20,5,5,0,47,47,36.1,70.0,4,16.0,1.73,1.73,30,16,14,0.82,3,3,1,1,9,20,0,0,0,"€ 19,808 (£ 16,719, $20,418)","€ 1,030,000 (£ 869,399, $1,061,755)",19808,1030000,MF,56740000,7,0.6842105263157895,0.018152978498413817,13.84506936020582,576,0.29197080291970806,0.43795620437956206,1.0218978102189782,0.36496350364963503,1.4598540145985401,0.36496350364963503,0.6569343065693432,1.4598540145985401,0.21897810218978103,0.0,0,0.29,35.7,0,14.394790970071757,-0.5497216098659372,-42.28895501252663,Underpaid
Iván Martín,2022-2023,23,ESP,Girona,La Liga,MF,24,1586,17.6,18,6,7,3,3,6,3,0,0,0,18,18,0.17,0.38,8,44.4,8,10,10,0,66,66,46.4,79.0,5,27.0,1.63,1.63,27,25,2,0.06,2,2,0,0,18,13,3,0,3,"€ 6,731 (£ 5,791, $7,360)","€ 350,000 (£ 301,109, $382,711)",6731,350000,MF,17315000,17,0.15789473684210525,0.020213687554143805,12.765688433465597,529,0.17045454545454544,0.17045454545454544,1.0227272727272727,0.45454545454545453,0.45454545454545453,0.5681818181818181,1.0227272727272727,0.7386363636363635,0.11363636363636363,0.17045454545454544,0,0.17,44.4,0,13.312359680636954,-0.5466712471713571,-42.11264662828079,Underpaid
Cristian Volpato,2022-2023,18,ITA,Roma,Serie A,MF,7,227,2.5,2,5,27,1,1,2,1,0,0,0,4,4,0.25,1.0,1,25.0,2,3,3,0,32,32,6.6,59.0,0,22.0,0.86,0.86,3,0,3,0.94,0,0,0,0,7,6,0,0,0,"€ 7,115 (£ 6,121, $7,780)","€ 370,000 (£ 318,315, $404,580)",7115,370000,MF,93570000,3,0.8947368421052632,0.003954258843646468,12.821258284620406,324,0.4,0.4,1.6,0.4,0.8,1.2,2.8,2.4,0.0,0.0,0,0.25,25.0,0,13.356600021929749,-0.5353417373093432,-41.453082070796555,Underpaid
Lewis Ferguson,2023-2024,23,SCO,Bologna,Serie A,MF,31,2712,30.1,31,0,0,6,3,9,6,0,0,0,59,59,0.1,0.3,20,33.9,22,15,15,0,87,87,79.3,87.0,25,,1.87,1.87,41,24,17,-0.07,8,8,0,0,51,72,4,0,4,"€ 14,808 (£ 12,510, $15,913)","€ 770,000 (£ 650,518, $827,476)",14808,770000,MF,29780000,13,0.3684210526315789,0.025856279382135663,13.554145793829866,529,0.19933554817275748,0.09966777408637874,1.9601328903654485,0.6644518272425249,0.7308970099667774,0.4983388704318937,1.6943521594684385,2.3920265780730894,0.26578073089700993,0.13289036544850497,0,0.1,33.9,0,14.08926883861776,-0.5351230447878947,-41.440276897544805,Underpaid
Nathan N'Goumou,2024-2025,24,CMR,Gladbach,Bundesliga,MF,19,828,9.2,9,10,1,2,1,3,2,0,0,0,24,24,0.08,0.15,13,54.2,11,4,4,0,44,44,27.1,74.0,0,17.0,1.63,1.63,12,14,-2,-0.22,0,0,0,0,7,12,7,0,7,"€ 20,000 (£ 16,882, $20,617)","€ 1,040,000 (£ 877,839, $1,072,063)",20000,1040000,MF,41770000,7,0.6470588235294118,0.024898252334211158,13.854731271117556,576,0.2173913043478261,0.10869565217391305,2.608695652173913,1.4130434782608696,1.1956521739130437,0.4347826086956522,0.7608695652173914,1.3043478260869565,0.0,0.7608695652173914,0,0.08,54.2,0,14.387125003264892,-0.5323937321473355,-41.28023079648084,Underpaid
Lewis Ferguson,2022-2023,22,SCO,Bologna,Serie A,MF,32,2314,25.7,27,5,4,7,0,7,7,0,0,0,43,43,0.16,0.37,19,44.2,26,16,16,0,72,72,67.7,82.0,15,21.0,1.5,1.5,40,30,10,0.88,4,4,0,0,50,41,6,0,6,"€ 9,808 (£ 8,438, $10,724)","€ 510,000 (£ 438,758, $557,665)",9808,510000,MF,32992000,11,0.47368421052631576,0.015458292919495636,13.142166004700508,484,0.27237354085603116,0.0,1.6731517509727627,0.7392996108949417,1.0116731517509727,0.622568093385214,1.9455252918287937,1.595330739299611,0.1556420233463035,0.23346303501945526,0,0.16,44.2,0,13.650705857761734,-0.508539853061226,-39.86269689578864,Underpaid
Xavi Simons,2023-2024,20,NED,RB Leipzig,Bundesliga,MF,32,2653,29.5,32,0,0,8,11,19,7,1,2,1,81,81,0.09,0.21,33,40.7,18,17,17,0,83,83,86.7,83.0,10,,2.0,2.0,69,28,41,2.05,11,11,1,1,32,71,1,0,1,"€ 30,000 (£ 25,345, $32,239)","€ 1,560,000 (£ 1,317,933, $1,676,446)",30000,1560000,MF,101040000,3,0.8823529411764706,0.015439429928741092,14.26019637922572,400,0.23728813559322035,0.3728813559322034,2.7457627118644066,1.11864406779661,0.6101694915254238,0.576271186440678,1.0847457627118644,2.406779661016949,0.3728813559322034,0.03389830508474576,0,0.09,40.7,0,14.768718260261586,-0.5085218810358665,-39.86161609694017,Underpaid
Shavy Babicka,2024-2025,24,GAB,Toulouse,Ligue 1,MF,30,1186,13.2,11,19,2,4,2,6,4,0,0,0,20,20,0.2,0.44,9,45.0,13,5,5,0,40,40,38.8,75.0,2,19.0,1.23,1.23,20,22,-2,-0.3,2,2,0,0,15,21,7,0,7,"€ 4,615 (£ 3,896, $4,758)","€ 240,000 (£ 202,578, $247,399)",4615,240000,MF,14020000,17,0.058823529411764705,0.017118402282453638,12.388394202324127,576,0.30303030303030304,0.15151515151515152,1.5151515151515151,0.6818181818181819,0.9848484848484849,0.3787878787878788,1.1363636363636365,1.590909090909091,0.15151515151515152,0.5303030303030303,0,0.2,45.0,0,12.894255102967412,-0.5058609006432846,-39.70137593311813,Underpaid
Zakaria Aboukhlal,2024-2025,24,MAR,Toulouse,Ligue 1,"MF,FW",26,1901,21.1,22,4,0,7,2,9,6,1,2,1,63,63,0.1,0.21,29,46.0,14,6,6,0,73,73,62.1,82.0,9,25.0,1.31,1.31,22,23,-1,-0.2,4,4,0,0,35,25,13,0,13,"€ 5,769 (£ 4,870, $5,947)","€ 300,000 (£ 253,223, $309,249)",5769,300000,MF,14020000,17,0.058823529411764705,0.021398002853067047,12.61153775363834,576,0.2843601895734597,0.0947867298578199,2.985781990521327,1.3744075829383886,0.6635071090047393,0.2843601895734597,1.6587677725118481,1.1848341232227488,0.1895734597156398,0.6161137440758293,0,0.1,46.0,0,13.113740014859529,-0.5022022612211892,-39.48036094947849,Underpaid
Iván Martín,2023-2024,24,ESP,Girona,La Liga,MF,36,2729,30.3,33,3,1,5,4,9,5,0,0,0,19,19,0.26,0.45,11,57.9,25,23,23,0,76,76,79.8,81.0,12,15.0,2.25,2.25,71,35,36,0.8,5,5,0,0,27,34,4,0,4,"€ 10,577 (£ 8,936, $11,366)","€ 550,000 (£ 464,656, $591,055)",10577,550000,MF,28820000,11,0.47368421052631576,0.019083969465648856,13.217673557208654,576,0.16501650165016502,0.132013201320132,0.6270627062706271,0.36303630363036304,0.8250825082508251,0.759075907590759,0.8910891089108911,1.1221122112211221,0.16501650165016502,0.132013201320132,0,0.26,57.9,0,13.715056732080452,-0.49738317487179806,-39.188007711100745,Fair
Federico Valverde,2022-2023,24,URU,Real Madrid,La Liga,"MF,FW",34,2502,27.8,29,5,4,7,4,11,7,0,0,0,63,63,0.11,0.33,21,33.3,20,16,16,0,74,74,73.2,82.0,17,26.0,2.09,2.09,51,25,26,-0.34,2,2,0,0,11,15,5,0,5,"€ 156,346 (£ 134,506, $170,958)","€ 8,130,000 (£ 6,994,323, $8,889,835)",156346,8130000,MF,290950000,1,1.0,0.027942945523285787,15.911071481523994,576,0.2517985611510791,0.14388489208633093,2.2661870503597124,0.7553956834532374,0.7194244604316546,0.5755395683453237,0.39568345323741005,0.539568345323741,0.07194244604316546,0.17985611510791366,0,0.11,33.3,0,16.40797797070014,-0.49690648917614766,-39.159012594022904,Fair
Cheikh Tidiane Sabaly,2023-2024,24,SEN,Metz,Ligue 1,"MF,FW",29,1379,15.3,17,12,2,3,1,4,3,0,0,0,21,21,0.14,0.33,9,42.9,22,9,9,0,48,48,45.1,71.0,0,14.0,0.66,0.66,13,24,-11,-0.08,4,4,0,0,24,27,6,0,6,"€ 5,385 (£ 4,549, $5,787)","€ 280,000 (£ 236,552, $300,901)",5385,280000,MF,11710000,16,0.11764705882352941,0.02391118701964133,12.542544882151388,576,0.19607843137254902,0.06535947712418301,1.3725490196078431,0.5882352941176471,1.4379084967320261,0.5882352941176471,1.5686274509803921,1.7647058823529411,0.26143790849673204,0.39215686274509803,0,0.14,42.9,0,13.025380583457803,-0.4828357013064153,-38.29688075352623,Fair
Emran Soglo,2023-2024,18,FRA,Marseille,Ligue 1,MF,3,109,1.2,1,2,19,1,1,2,1,0,0,0,1,1,1.0,1.0,1,100.0,1,1,1,0,36,36,3.6,66.0,0,22.0,1.67,1.67,3,2,1,0.52,1,1,0,0,2,2,1,0,1,"€ 5,769 (£ 4,874, $6,200)","€ 300,000 (£ 253,449, $322,393)",5769,300000,MF,70690000,2,0.9411764705882353,0.004243881737162258,12.61153775363834,324,0.6042938542938544,0.5256021409455849,0.8333333333333334,0.8333333333333334,0.8333333333333334,0.8333333333333334,1.6666666666666667,1.6666666666666667,0.8333333333333334,0.8333333333333334,0,1.0,100.0,0,13.094146970582088,-0.48260921694374836,-38.28290437923376,Fair
Jack Hinshelwood,2024-2025,19,ENG,Brighton,Premier League,"MF,DF",26,1842,20.5,22,4,0,5,2,7,5,0,0,0,18,18,0.28,0.5,10,55.6,19,11,11,0,71,71,53.9,82.0,12,11.0,1.73,1.73,39,30,9,0.55,5,5,0,0,18,9,0,0,0,"£ 10,000 (€ 11,847, $12,213)","£ 520,000 (€ 616,068, $635,051)",11847,616068,MF,73417107,15,0.2631578947368421,0.008391341271455985,13.331112626033562,361,0.24390243902439024,0.0975609756097561,0.8780487804878049,0.4878048780487805,0.926829268292683,0.5365853658536586,0.8780487804878049,0.43902439024390244,0.24390243902439024,0.0,0,0.28,55.6,0,13.807808682061497,-0.47669605602793474,-37.9168801479992,Fair
Andu Kelati,2024-2025,21,GER,Holstein Kiel,Bundesliga,MF,8,288,3.2,2,6,7,1,1,2,1,0,0,0,6,6,0.17,0.33,3,50.0,4,3,3,0,36,36,9.4,71.0,0,25.0,0.25,0.25,9,6,3,2.04,2,2,1,1,4,5,0,0,0,"€ 2,692 (£ 2,273, $2,775)","€ 140,000 (£ 118,171, $144,316)",2692,140000,MF,11680000,18,0.0,0.011986301369863013,11.849397701591442,441,0.3125,0.3125,1.875,0.9375,1.25,0.9375,1.25,1.5625,0.625,0.0,0,0.17,50.0,0,12.32606053118339,-0.47666282959194817,-37.91481731292146,Fair
Jérémy Le Douaron,2022-2023,24,FRA,Brest,Ligue 1,"MF,FW",32,2071,23.0,24,8,0,10,3,13,10,0,0,0,55,55,0.18,0.43,23,41.8,10,12,12,0,65,65,60.6,77.0,7,29.0,1.31,1.31,26,29,-3,0.34,1,1,0,0,33,36,10,0,10,"€ 6,923 (£ 5,956, $7,570)","€ 360,000 (£ 309,712, $393,646)",6923,360000,MF,11410000,14,0.3157894736842105,0.03155127081507449,12.793859310432293,576,0.43478260869565216,0.13043478260869565,2.391304347826087,1.0,0.43478260869565216,0.5217391304347826,1.434782608695652,1.565217391304348,0.043478260869565216,0.43478260869565216,0,0.18,41.8,0,13.270105627195992,-0.47624631676369944,-37.888952651780464,Fair
Luis Henrique,2024-2025,22,BRA,Marseille,Ligue 1,MF,33,2613,29.0,29,4,1,7,7,14,7,0,0,0,30,30,0.23,0.5,14,46.7,9,10,10,0,79,79,85.4,85.0,17,34.0,1.88,1.88,61,41,20,-0.72,0,0,0,0,8,8,9,0,9,"€ 24,615 (£ 20,777, $25,374)","€ 1,280,000 (£ 1,080,418, $1,319,463)",24615,1280000,MF,71750000,2,0.9411764705882353,0.0178397212543554,14.0623706358958,484,0.2413793103448276,0.2413793103448276,1.0344827586206897,0.4827586206896552,0.3103448275862069,0.3448275862068966,0.27586206896551724,0.27586206896551724,0.0,0.3103448275862069,0,0.23,46.7,0,14.532272318806582,-0.46990168291078227,-37.493628029271406,Fair
Harvey Barnes,2022-2023,24,ENG,Leicester City,Premier League,"MF,FW",34,2711,30.1,32,2,0,13,1,14,13,0,0,0,72,72,0.18,0.38,34,47.2,14,8,8,0,80,80,79.3,83.0,21,27.0,0.88,0.88,42,51,-9,0.72,3,3,0,0,39,37,9,0,9,"£ 35,000 (€ 40,683, $44,485)","£ 1,820,000 (€ 2,115,516, $2,313,233)",40683,2115516,MF,91571604,11,0.47368421052631576,0.02310231455594029,14.564809312337482,576,0.4318936877076412,0.03322259136212624,2.3920265780730894,1.1295681063122922,0.46511627906976744,0.26578073089700993,1.2956810631229236,1.229235880398671,0.09966777408637874,0.2990033222591362,0,0.18,47.2,0,15.029954351819933,-0.4651450394824508,-37.19559925943776,Fair
Ansgar Knauff,2023-2024,21,GER,Eintracht Frankfurt,Bundesliga,"MF,FW",31,2109,23.4,24,7,1,7,2,9,7,0,0,0,37,37,0.19,0.54,13,35.1,28,17,17,0,68,68,68.9,78.0,5,35.0,1.35,1.35,35,37,-2,-0.37,7,7,1,1,32,24,2,0,2,"€ 10,385 (£ 8,773, $11,160)","€ 540,000 (£ 456,208, $580,308)",10385,540000,MF,36330000,8,0.5882352941176471,0.01486374896779521,13.199324418540456,441,0.29914529914529914,0.08547008547008547,1.5811965811965814,0.5555555555555556,1.1965811965811965,0.7264957264957266,1.3675213675213675,1.0256410256410258,0.29914529914529914,0.08547008547008547,0,0.19,35.1,0,13.657778351210561,-0.45845393267010515,-36.77395925975958,Fair
Ramón Sosa,2024-2025,24,PAR,Nottingham Forest,Premier League,MF,19,295,3.3,1,18,13,1,0,1,1,0,0,0,11,11,0.09,0.2,5,45.5,3,4,4,0,16,16,8.6,67.0,0,13.0,1.58,1.58,3,5,-2,-1.01,1,1,0,0,6,8,3,0,3,"£ 30,000 (€ 35,542, $36,638)","£ 1,560,000 (€ 1,848,205, $1,905,153)",35542,1848205,MF,75234815,14,0.3157894736842105,0.024565821023152645,14.429725455767338,576,0.30303030303030304,0.0,3.3333333333333335,1.5151515151515151,0.9090909090909092,1.2121212121212122,1.8181818181818183,2.4242424242424243,0.30303030303030304,0.9090909090909091,0,0.09,45.5,0,14.885971270660894,-0.4562458148935562,-36.634194463483226,Fair
Iker Muñoz,2023-2024,20,ESP,Osasuna,La Liga,MF,28,1854,20.6,20,8,10,4,0,4,4,0,0,0,23,23,0.17,0.67,6,26.1,17,11,11,0,66,66,54.2,83.0,13,24.0,1.32,1.32,28,26,2,0.84,5,5,0,0,37,55,0,0,0,"€ 3,462 (£ 2,924, $3,720)","€ 180,000 (£ 152,069, $193,436)",3462,180000,MF,17470000,16,0.21052631578947367,0.01030337721808815,12.100712129872347,400,0.1941747572815534,0.0,1.116504854368932,0.2912621359223301,0.8252427184466019,0.5339805825242718,1.7961165048543688,2.669902912621359,0.24271844660194172,0.0,0,0.17,26.1,0,12.555271085719257,-0.45455895584690964,-36.52721507696035,Fair
Crysencio Summerville,2022-2023,20,NED,Leeds United,Premier League,"MF,FW",28,1426,15.8,12,16,8,4,2,6,4,0,0,0,29,29,0.14,0.44,9,31.0,21,13,13,0,51,51,41.7,82.0,7,28.0,0.86,0.86,19,38,-19,-0.7,4,4,0,0,21,41,8,0,8,"£ 15,000 (€ 17,436, $19,065)","£ 780,000 (€ 906,650, $991,386)",17436,906650,MF,57390918,17,0.15789473684210525,0.015797795741828,13.717511767082172,400,0.2531645569620253,0.12658227848101264,1.8354430379746836,0.5696202531645569,1.3291139240506329,0.8227848101265822,1.3291139240506329,2.5949367088607596,0.2531645569620253,0.5063291139240506,0,0.14,31.0,0,14.169530965769109,-0.4520191986869371,-36.36580473221226,Fair
Jan-Niklas Beste,2023-2024,24,GER,Heidenheim,Bundesliga,MF,31,2603,28.9,31,0,0,8,11,19,8,0,1,1,49,49,0.16,0.42,19,38.8,50,17,17,0,84,84,85.1,84.0,5,,1.26,1.26,43,47,-4,0.06,4,4,0,0,28,51,4,0,4,"€ 5,577 (£ 4,712, $5,993)","€ 290,000 (£ 245,000, $311,647)",5577,290000,MF,10970000,18,0.0,0.02643573381950775,12.577636201962656,576,0.2768166089965398,0.3806228373702422,1.6955017301038062,0.6574394463667821,1.7301038062283738,0.5882352941176471,0.9688581314878894,1.7647058823529413,0.1384083044982699,0.1384083044982699,0,0.16,38.8,0,13.028904934798303,-0.45126873283564706,-36.318031517848624,Fair
Hamzat Ojediran,2024-2025,20,NGA,Lens,Ligue 1,MF,17,416,4.6,1,16,8,1,0,1,1,0,0,0,10,10,0.1,0.33,3,30.0,15,10,10,0,24,24,13.6,76.0,0,21.0,1.47,1.47,7,7,0,-0.1,5,5,0,0,17,3,1,0,1,"€ 2,308 (£ 1,948, $2,379)","€ 120,000 (£ 101,289, $123,700)",2308,120000,MF,26990000,8,0.5882352941176471,0.00444609114486847,11.695247021764182,400,0.2173913043478261,0.0,2.173913043478261,0.6521739130434783,2.7586206896551726,2.173408134642357,3.527365728900258,0.6521739130434783,0.9671274961597547,0.2173913043478261,0,0.1,30.0,0,12.142580547720142,-0.4473335259559601,-36.066936065124665,Fair
Lee Kang-in,2022-2023,21,KOR,Mallorca,La Liga,"MF,FW",36,2823,31.4,33,3,0,6,6,12,6,0,0,0,46,46,0.13,0.43,14,30.4,25,12,12,0,78,78,82.5,83.0,12,29.0,1.31,1.31,32,32,0,0.9,10,10,0,0,51,61,2,0,2,"€ 4,808 (£ 4,136, $5,257)","€ 250,000 (£ 215,078, $273,365)",4808,250000,MF,18240000,14,0.3157894736842105,0.013706140350877192,12.429216196844385,441,0.1910828025477707,0.1910828025477707,1.4649681528662422,0.445859872611465,0.7961783439490446,0.3821656050955414,1.624203821656051,1.9426751592356688,0.3184713375796179,0.06369426751592357,0,0.13,30.4,0,12.863195422689818,-0.4339792258454338,-35.20742845454994,Fair
Junior Dina Ebimbe,2022-2023,21,CMR,Eintracht Frankfurt,Bundesliga,MF,19,1063,11.8,10,9,3,3,1,4,3,0,0,0,26,26,0.12,0.3,10,38.5,19,9,9,0,56,56,34.7,84.0,4,25.0,1.79,1.79,24,19,5,0.38,4,4,0,0,15,11,2,0,2,"€ 8,077 (£ 6,949, $8,832)","€ 420,000 (£ 361,330, $459,253)",8077,420000,MF,33960000,9,0.5294117647058824,0.012367491166077738,12.948009990259552,441,0.2542372881355932,0.0847457627118644,2.2033898305084745,0.847457627118644,1.6101694915254237,0.7627118644067796,1.271186440677966,0.9322033898305084,0.3389830508474576,0.1694915254237288,0,0.12,38.5,0,13.379959838711555,-0.43194984845200324,-35.075806364318574,Fair
Rocco Reitz,2023-2024,21,GER,Gladbach,Bundesliga,MF,34,2136,23.7,24,10,0,6,3,9,6,0,0,0,34,34,0.18,0.43,14,41.2,37,40,40,0,63,63,69.8,80.0,7,21.0,1.0,1.0,39,45,-6,0.23,2,2,0,0,25,45,2,0,2,"€ 13,846 (£ 11,698, $14,880)","€ 720,000 (£ 608,277, $773,744)",13846,720000,MF,51480000,6,0.7058823529411765,0.013986013986013986,13.487006490992238,441,0.25316455696202533,0.12658227848101267,1.4345991561181435,0.5907172995780591,1.5611814345991561,1.6877637130801688,1.0548523206751055,1.89873417721519,0.08438818565400844,0.08438818565400844,0,0.18,41.2,0,13.91875128609902,-0.4317447951067823,-35.0624920762048,Fair
Faitout Maouassa,2022-2023,24,FRA,Montpellier,Ligue 1,"MF,DF",33,1923,21.4,23,10,0,5,5,10,5,0,0,0,34,34,0.15,0.38,13,38.2,35,17,17,0,58,58,56.2,71.0,4,28.0,1.3,1.3,39,37,2,0.03,0,0,0,0,35,31,2,0,2,"€ 5,192 (£ 4,467, $5,678)","€ 270,000 (£ 232,284, $295,234)",5192,270000,MF,14720000,11,0.47368421052631576,0.018342391304347828,12.506177237980511,576,0.23364485981308414,0.23364485981308414,1.5887850467289721,0.6074766355140188,1.6355140186915889,0.7943925233644861,1.6355140186915889,1.4485981308411215,0.0,0.09345794392523366,0,0.15,38.2,0,12.93324027327145,-0.4270630352909386,-34.757757470570326,Fair
Dwight McNeil,2022-2023,22,ENG,Everton,Premier League,"MF,FW",36,2498,27.8,28,8,2,7,3,10,7,0,0,0,46,46,0.15,0.47,15,32.6,39,28,28,0,69,69,73.0,83.0,19,22.0,0.97,0.97,26,46,-20,-0.43,5,5,0,0,22,21,1,0,1,"£ 25,000 (€ 29,059, $31,775)","£ 1,300,000 (€ 1,511,083, $1,652,309)",29059,1511083,MF,98583027,8,0.631578947368421,0.015328023960960339,14.228337170255847,484,0.2517985611510791,0.1079136690647482,1.6546762589928057,0.539568345323741,1.4028776978417266,1.0071942446043165,0.7913669064748201,0.7553956834532374,0.17985611510791366,0.03597122302158273,0,0.15,32.6,0,14.651281279213595,-0.4229441089577488,-34.488475283744336,Fair
Jeffinho,2023-2024,23,BRA,Lyon,Ligue 1,"MF,FW",10,308,3.4,3,7,5,1,1,2,1,0,0,0,11,11,0.09,0.33,3,27.3,4,0,0,0,31,31,10.1,64.0,0,16.0,0.8,0.8,9,8,1,0.52,0,0,0,0,4,5,1,0,1,"€ 23,077 (£ 19,496, $24,800)","€ 1,200,000 (£ 1,013,795, $1,289,574)",23077,1200000,MF,48400000,4,0.8235294117647058,0.024793388429752067,13.997832114758229,529,0.29411764705882354,0.29411764705882354,3.235294117647059,0.8823529411764706,1.1764705882352942,0.0,1.1764705882352942,1.4705882352941178,0.0,0.29411764705882354,0,0.09,27.3,0,14.412173760962661,-0.4143416462044325,-33.922483862788745,Fair
Valery Fernández,2023-2024,23,ESP,Girona,La Liga,MF,27,506,5.6,2,25,10,2,0,2,2,0,0,0,5,5,0.4,1.0,2,40.0,9,1,1,0,19,19,14.8,62.0,0,15.0,2.0,2.0,11,10,1,-1.0,1,1,0,0,7,13,3,0,3,"€ 6,923 (£ 5,849, $7,440)","€ 360,000 (£ 304,138, $386,872)",6923,360000,MF,28820000,11,0.47368421052631576,0.012491325468424705,12.793859310432293,529,0.35714285714285715,0.0,0.8928571428571429,0.35714285714285715,1.6071428571428572,0.17857142857142858,1.25,2.3214285714285716,0.17857142857142858,0.5357142857142857,0,0.4,40.0,0,13.206226425039112,-0.41236711460681974,-33.79188282377695,Fair
Matheus Henrique,2022-2023,24,BRA,Sassuolo,Serie A,MF,30,1947,21.6,21,9,8,4,1,5,4,0,0,0,25,25,0.16,0.33,12,48.0,12,14,14,0,65,65,56.9,80.0,9,30.0,1.17,1.17,27,38,-11,-0.33,4,4,0,0,22,33,1,0,1,"€ 10,962 (£ 9,430, $11,986)","€ 570,000 (£ 490,377, $623,273)",10962,570000,MF,31036000,13,0.3684210526315789,0.018365768784637197,13.253391639810733,576,0.18518518518518517,0.046296296296296294,1.1574074074074074,0.5555555555555555,0.5555555555555555,0.6481481481481481,1.0185185185185184,1.5277777777777777,0.18518518518518517,0.046296296296296294,0,0.16,48.0,0,13.654450494964719,-0.40105885515398576,-33.03893501597369,Fair
Diego López,2022-2023,20,ESP,Valencia,La Liga,MF,10,447,5.0,5,5,0,3,1,4,3,0,0,0,12,12,0.25,0.38,8,66.7,2,4,4,0,45,45,13.1,68.0,0,22.0,1.5,1.5,6,6,0,0.09,0,0,0,0,6,7,1,0,1,"€ 9,615 (£ 8,272, $10,514)","€ 500,000 (£ 430,155, $546,730)",9615,500000,MF,47620000,7,0.6842105263157895,0.010499790004199917,13.12236337740433,400,0.6,0.2,2.4,1.6,0.4,0.8,1.2,1.4,0.0,0.2,0,0.25,66.7,0,13.509107317837636,-0.3867439404333055,-32.07349950371362,Fair
Nabil Alioui,2023-2024,24,FRA,Le Havre,Ligue 1,"MF,FW",18,1009,11.2,12,6,1,4,1,5,4,0,0,0,28,28,0.14,0.44,9,32.1,2,3,3,0,56,56,33.0,71.0,0,26.0,1.11,1.11,10,14,-4,-0.05,1,1,0,0,10,20,6,0,6,"€ 5,962 (£ 5,036, $6,407)","€ 310,000 (£ 261,897, $333,140)",5962,310000,MF,11780000,15,0.17647058823529413,0.02631578947368421,12.644327576461329,576,0.35714285714285715,0.08928571428571429,2.5,0.8035714285714286,0.17857142857142858,0.26785714285714285,0.8928571428571429,1.7857142857142858,0.08928571428571429,0.5357142857142857,0,0.14,32.1,0,13.024174789353982,-0.37984721289265266,-31.60340975987014,Fair
Ander Barrenetxea,2023-2024,21,ESP,Real Sociedad,La Liga,"MF,FW",29,1427,15.9,20,9,1,4,1,5,4,0,0,0,37,37,0.11,0.33,12,32.4,21,7,7,0,49,49,41.7,60.0,0,26.0,1.45,1.45,24,18,6,0.11,1,1,0,0,27,22,3,0,3,"€ 12,500 (£ 10,560, $13,433)","€ 650,000 (£ 549,139, $698,519)",12500,650000,MF,48180000,6,0.7368421052631579,0.013491075134910751,13.38472764187182,441,0.25157232704402516,0.06289308176100629,2.3270440251572326,0.7547169811320754,1.320754716981132,0.44025157232704404,1.6981132075471699,1.3836477987421383,0.06289308176100629,0.18867924528301885,0,0.11,32.4,0,13.762236544216078,-0.3775089023442586,-31.44329015971954,Fair
Gustav Isaksen,2024-2025,23,DEN,Lazio,Serie A,MF,37,2210,24.6,29,8,0,4,2,6,4,0,0,0,55,55,0.07,0.16,25,45.5,9,10,10,0,60,60,64.6,67.0,2,34.0,1.68,1.68,35,33,2,-0.66,5,5,0,0,23,46,3,0,3,"€ 36,923 (£ 31,166, $38,061)","€ 1,920,000 (£ 1,620,627, $1,979,194)",36923,1920000,MF,73860000,6,0.7368421052631579,0.025995125913891144,14.467835744003963,529,0.16260162601626016,0.08130081300813008,2.2357723577235773,1.0162601626016259,0.36585365853658536,0.4065040650406504,0.9349593495934959,1.8699186991869918,0.2032520325203252,0.12195121951219512,0,0.07,45.5,0,14.837944321589935,-0.37010857758597204,-30.9340663557396,Fair
Mamadou Diakhon,2024-2025,18,FRA,Reims,Ligue 1,"MF,FW",28,858,9.5,5,23,4,2,1,3,2,0,0,0,18,18,0.11,0.25,8,44.4,8,4,4,0,31,31,28.0,72.0,1,22.0,0.79,0.79,6,9,-3,0.13,2,2,0,0,5,22,0,0,0,"€ 2,308 (£ 1,948, $2,379)","€ 120,000 (£ 101,289, $123,700)",2308,120000,MF,16890000,12,0.35294117647058826,0.007104795737122558,11.695247021764182,324,0.21052631578947367,0.10526315789473684,1.894736842105263,0.8421052631578947,0.8421052631578947,0.42105263157894735,0.5263157894736842,2.3157894736842106,0.21052631578947367,0.0,0,0.11,44.4,0,12.061484337098499,-0.3662373153343168,-30.666175811236542,Fair
Marco Brescianini,2023-2024,23,ITA,Frosinone,Serie A,MF,36,2321,25.8,24,12,1,4,2,6,4,0,0,0,31,31,0.13,0.36,11,35.5,12,9,9,0,64,64,67.9,83.0,11,28.0,0.94,0.94,29,49,-20,-0.37,1,1,0,0,35,24,5,0,5,"€ 8,846 (£ 7,473, $9,506)","€ 460,000 (£ 388,621, $494,337)",8846,460000,MF,19700000,19,0.05263157894736842,0.023350253807106598,13.038981768465277,529,0.15503875968992248,0.07751937984496124,1.2015503875968991,0.4263565891472868,0.46511627906976744,0.3488372093023256,1.3565891472868217,0.9302325581395349,0.03875968992248062,0.19379844961240308,0,0.13,35.5,0,13.402690534087872,-0.36370876562259546,-30.49063995803095,Fair
Samuele Vignato,2023-2024,19,ITA,Monza,Serie A,MF,10,343,3.8,3,7,12,1,0,1,1,0,0,0,7,7,0.14,0.25,4,57.1,4,1,1,0,34,34,10.0,65.0,0,21.0,1.5,1.5,4,2,2,0.93,2,2,0,0,4,4,1,0,1,"€ 3,269 (£ 2,762, $3,513)","€ 170,000 (£ 143,621, $182,690)",3269,170000,MF,28880000,14,0.3157894736842105,0.005886426592797784,12.043553716032399,361,0.2631578947368421,0.0,1.842105263157895,1.0526315789473684,1.0526315789473684,0.2631578947368421,1.0526315789473684,1.0526315789473684,0.5263157894736842,0.2631578947368421,0,0.14,57.1,0,12.396872348099613,-0.35331863206721437,-29.764663458498507,Fair
