Team,Comp,position_group,n_players,mean_eff,std_eff,total_wage_EUR,total_excess_EUR,n_overpaid,n_underpaid,priority_rank,priority_label,n_suggestions,eff_threshold
Alavés,La Liga,Defenders,7,0.09897320422556151,0.4962327546645935,3570000,367482.9653838036,2,2,3,MEDIUM,3,-0.25
Alavés,La Liga,Forwards,3,0.22424287062804105,0.6298798950759108,3150000,835954.1547492989,1,1,2,HIGH,5,-0.2
Alavés,La Liga,Goalkeepers,2,0.022670767835861298,0.14722237751630063,1120000,84416.93555609419,0,0,3,MEDIUM,3,-0.25
Alavés,La Liga,Midfielders,12,0.09539889969627029,0.8741454055925014,11600000,2805633.2037121067,3,4,3,MEDIUM,3,-0.25
Angers,Ligue 1,Defenders,8,-0.14711899691457495,0.589424549326027,2640000,-501958.3364058768,1,3,4,LOW,2,-0.3
Angers,Ligue 1,Forwards,4,-0.15107136834125212,0.6242026268098229,1870000,27039.591154626803,1,2,4,LOW,2,-0.3
Angers,Ligue 1,Goalkeepers,2,-0.45565297354009626,0.19074881082150372,360000,-238571.0954920689,0,2,4,LOW,2,-0.3
Angers,Ligue 1,Midfielders,12,-0.13564812361090572,0.65639138851937,5940000,291304.54102594976,2,5,4,LOW,2,-0.3
Arsenal,Premier League,Defenders,9,0.14523205621414545,0.3623590178575023,71956798,11023316.810261145,2,2,2,HIGH,5,-0.2
Arsenal,Premier League,Forwards,6,0.11161885541112115,0.6009006426943612,72234031,10086102.582544288,3,1,2,HIGH,5,-0.2
Arsenal,Premier League,Goalkeepers,1,-0.4924734965056139,,6160685,-3920405.7807768136,0,1,4,LOW,2,-0.3
Arsenal,Premier League,Midfielders,6,0.10492253041812884,0.36224936233205457,65919328,8418583.318534138,2,1,2,HIGH,5,-0.2
Aston Villa,Premier League,Defenders,9,0.10142135823230246,0.5754402394940755,51318506,9355088.319485663,2,1,2,HIGH,5,-0.2
Aston Villa,Premier League,Forwards,2,-0.2959036825749468,0.37625968565621476,12629404,-6179545.369519907,0,1,4,LOW,2,-0.3
Aston Villa,Premier League,Goalkeepers,2,-0.00378343693096371,0.2852146488319013,12321369,956564.4786348045,0,0,3,MEDIUM,3,-0.25
Aston Villa,Premier League,Midfielders,8,0.08576506507805015,0.6954367926409452,51318505,10407902.123938363,2,1,3,MEDIUM,3,-0.25
Atalanta,Serie A,Defenders,7,-0.006016384021020409,0.2367507266583572,10900000,-247995.79512729845,0,1,3,MEDIUM,3,-0.25
Atalanta,Serie A,Forwards,1,-0.5128489686080879,,2820000,-1889519.3479720429,0,1,4,LOW,2,-0.3
Atalanta,Serie A,Goalkeepers,2,-0.8979121105189822,1.7813117488795294,2110000,-870695.0199746706,1,1,4,LOW,2,-0.3
Atalanta,Serie A,Midfielders,11,0.20269899740142658,0.5103749417554447,25460685,5564857.709748319,4,2,2,HIGH,5,-0.2
Athletic Club,La Liga,Defenders,9,0.05367088696605529,0.6427240655681647,16780000,4010055.3340039384,3,2,3,MEDIUM,3,-0.25
Athletic Club,La Liga,Forwards,1,-0.743146050132804,,2080000,-2293282.817243872,0,1,4,LOW,2,-0.3
Athletic Club,La Liga,Goalkeepers,3,-0.26196842767499007,0.9075670529534504,5180000,1463569.8542219973,1,2,4,LOW,2,-0.3
Athletic Club,La Liga,Midfielders,12,-0.09239221167547829,1.0151192276180192,35150000,13895382.988989515,3,5,3,MEDIUM,3,-0.25
Atlético Madrid,La Liga,Defenders,10,-0.16434167996108381,0.9042244984527115,45030000,7742567.507169199,5,4,4,LOW,2,-0.3
Atlético Madrid,La Liga,Forwards,4,0.1409806032858394,0.45064621710009795,29320000,5656390.432869348,2,0,2,HIGH,5,-0.2
Atlético Madrid,La Liga,Goalkeepers,1,1.400022427210649,,20830000,15693500.439745761,1,0,1,CRITICAL,8,-0.15
Atlético Madrid,La Liga,Midfielders,9,-0.5086902089354073,1.0057274690081113,34990000,-284657.40206385124,2,5,4,LOW,2,-0.3
Augsburg,Bundesliga,Defenders,6,0.042054713024404826,0.33545080256727766,4500000,548873.1894258749,2,1,3,MEDIUM,3,-0.25
Augsburg,Bundesliga,Forwards,2,-0.6537707657830625,0.011703089605793174,1500000,-1384265.0363605444,0,2,4,LOW,2,-0.3
Augsburg,Bundesliga,Goalkeepers,2,0.13593120039003995,0.21057468447821087,1590000,174929.70656479488,0,0,2,HIGH,5,-0.2
Augsburg,Bundesliga,Midfielders,12,-0.22799629677875202,0.7012400620156833,13010000,912445.859416449,4,5,4,LOW,2,-0.3
Auxerre,Ligue 1,Defenders,8,0.5523986454635281,0.7039843037868877,7150000,3467685.0072534075,6,0,1,CRITICAL,8,-0.15
Auxerre,Ligue 1,Forwards,3,-0.16398565338715856,0.4895792151421285,1810000,-227170.81783715822,1,1,4,LOW,2,-0.3
Auxerre,Ligue 1,Goalkeepers,2,-0.49941665403952396,0.14611453676094732,640000,-488418.76873108826,0,2,4,LOW,2,-0.3
Auxerre,Ligue 1,Midfielders,9,0.3484237522570811,0.7795187369736996,7050000,2869503.0792643838,5,1,1,CRITICAL,8,-0.15
Barcelona,La Liga,Defenders,8,0.049745822161670436,0.4872350365622013,51440000,5891618.593043504,2,2,3,MEDIUM,3,-0.25
Barcelona,La Liga,Forwards,3,-0.16128873217515446,1.6210935773416686,43710000,22833821.496039554,2,1,4,LOW,2,-0.3
Barcelona,La Liga,Goalkeepers,3,0.24499787820245147,0.578294250284022,12550000,2727946.1432999712,2,1,2,HIGH,5,-0.2
Barcelona,La Liga,Midfielders,12,-0.37871432630934737,1.2530408120285192,83730000,7820190.860360179,4,6,4,LOW,2,-0.3
Bayern Munich,Bundesliga,Defenders,9,-0.2555287910857806,0.4505075082754044,68630000,-16708018.479748184,1,4,4,LOW,2,-0.3
Bayern Munich,Bundesliga,Forwards,1,0.8088781244106684,,25000000,13866064.457921743,1,0,1,CRITICAL,8,-0.15
Bayern Munich,Bundesliga,Goalkeepers,3,0.3753263253763042,0.8635582833425564,24500000,14706905.27702647,1,1,1,CRITICAL,8,-0.15
Bayern Munich,Bundesliga,Midfielders,11,-0.2787104395366223,0.33604739113973714,142170000,-29634863.058557674,0,4,4,LOW,2,-0.3
Bochum,Bundesliga,Defenders,8,0.04150743403637837,0.38502525022695844,7850000,871615.1896595273,2,2,3,MEDIUM,3,-0.25
Bochum,Bundesliga,Forwards,5,-0.053788046288322275,0.9130881726049741,3210000,441457.57499184954,1,1,3,MEDIUM,3,-0.25
Bochum,Bundesliga,Goalkeepers,2,-0.04966357919652786,0.7962675787575128,1310000,64632.933442553855,1,1,3,MEDIUM,3,-0.25
Bochum,Bundesliga,Midfielders,12,0.15951604714355425,0.42377124596280463,10240000,2068457.2271327144,4,1,2,HIGH,5,-0.2
Bologna,Serie A,Defenders,7,-0.20263470992728777,0.6236187281012636,7340000,-845804.9876786172,1,4,4,LOW,2,-0.3
Bologna,Serie A,Forwards,2,0.22336414651861247,0.6000288915319061,3890000,1204156.30296604,1,0,2,HIGH,5,-0.2
Bologna,Serie A,Goalkeepers,2,-0.07713763118379721,0.002875637690889233,2410000,-195307.742832775,0,0,3,MEDIUM,3,-0.25
Bologna,Serie A,Midfielders,12,-0.011681674189714712,0.2895043213701561,16320000,69879.7494843739,2,4,3,MEDIUM,3,-0.25
Bournemouth,Premier League,Defenders,8,0.006107027017060673,0.6733070096570346,17865984,1283448.5331235146,3,2,3,MEDIUM,3,-0.25
Bournemouth,Premier League,Forwards,2,-0.08840249579616355,1.244831706947367,6160685,1354027.7942710305,1,1,3,MEDIUM,3,-0.25
Bournemouth,Premier League,Goalkeepers,2,0.5473478864801384,0.07820676224735786,5852651,2570270.300531198,2,0,1,CRITICAL,8,-0.15
Bournemouth,Premier League,Midfielders,10,0.22804027022694112,0.33843442690534387,33575732,6251502.863825048,4,0,2,HIGH,5,-0.2
Brentford,Premier League,Defenders,6,0.024189612619383436,0.3129151740534973,13245473,498645.888708652,1,1,3,MEDIUM,3,-0.25
Brentford,Premier League,Forwards,3,0.778763190427925,1.1380789047075002,7084787,3138794.077713921,2,1,1,CRITICAL,8,-0.15
Brentford,Premier League,Goalkeepers,2,0.0929740567209594,0.5585487994334567,2464273,-413688.8485348059,1,1,3,MEDIUM,3,-0.25
Brentford,Premier League,Midfielders,8,-0.12599578211682716,0.4319438483316075,16633848,-1244767.6839396607,0,2,4,LOW,2,-0.3
Brest,Ligue 1,Defenders,8,0.34286706646020226,0.7277821838558678,7180000,2575556.9227639977,5,2,1,CRITICAL,8,-0.15
Brest,Ligue 1,Forwards,3,0.07780196555754297,0.15540328859138744,4550000,378316.8330881302,0,0,3,MEDIUM,3,-0.25
Brest,Ligue 1,Goalkeepers,2,-0.34928015856338135,0.4383757087088871,1230000,-862183.105935008,0,1,4,LOW,2,-0.3
Brest,Ligue 1,Midfielders,9,0.35858987786116026,0.7677035992126148,10490000,4140645.2444107155,5,2,1,CRITICAL,8,-0.15
Brighton,Premier League,Defenders,10,0.11671949707746287,0.4323774786497459,30957440,5003450.895756027,2,2,2,HIGH,5,-0.2
Brighton,Premier League,Forwards,2,0.26765888622600364,0.4223557655773129,6776753,1215537.6202402308,1,0,2,HIGH,5,-0.2
Brighton,Premier League,Goalkeepers,2,-0.10174592411572284,0.7326364055766386,3388377,-323608.0517949392,1,1,4,LOW,2,-0.3
Brighton,Premier League,Midfielders,14,0.13036427508157908,0.6391004502616617,38843118,9992029.639054207,7,4,2,HIGH,5,-0.2
Cagliari,Serie A,Defenders,7,-0.012091563571573514,0.42465190847765055,7750000,267713.31106508046,2,3,3,MEDIUM,3,-0.25
Cagliari,Serie A,Forwards,5,-0.15095975471767425,0.7172010125314678,5250000,-114869.28749013529,2,2,4,LOW,2,-0.3
Cagliari,Serie A,Goalkeepers,1,-0.5523411032510666,,220000,-162209.40903792542,0,1,4,LOW,2,-0.3
Cagliari,Serie A,Midfielders,11,-0.10053870991607493,0.34189850153533674,9890000,-1308831.0805653357,2,3,4,LOW,2,-0.3
Celta Vigo,La Liga,Defenders,6,-0.1609373330180451,0.6951686754820039,7710000,788842.8168210717,1,1,4,LOW,2,-0.3
Celta Vigo,La Liga,Forwards,5,-1.0498937708615048,1.1511247970409406,5090000,-2320207.818471459,1,3,4,LOW,2,-0.3
Celta Vigo,La Liga,Goalkeepers,2,0.32308996642494314,0.45513207804082517,3440000,497334.8926601539,1,0,1,CRITICAL,8,-0.15
Celta Vigo,La Liga,Midfielders,10,0.09658481077429286,0.6290541359842304,13400000,3588030.843514085,4,2,3,MEDIUM,3,-0.25
Chelsea,Premier League,Defenders,8,0.04084700977868263,0.4624250181059772,69615739,7234665.55353941,2,2,3,MEDIUM,3,-0.25
Chelsea,Premier League,Forwards,1,-0.6685565090897931,,6160685,-5861389.261740878,0,1,4,LOW,2,-0.3
Chelsea,Premier League,Goalkeepers,2,-0.19854035868208175,0.658347149555314,6776753,-2762723.823139512,0,1,4,LOW,2,-0.3
Chelsea,Premier League,Midfielders,11,-0.09500969712610864,0.4242252232646413,91794204,-2183068.8260788163,1,3,3,MEDIUM,3,-0.25
Como,Serie A,Defenders,9,-6.887916163359856e-13,0.7539388172861756,7430000,965563.1143442912,2,2,3,MEDIUM,3,-0.25
Como,Serie A,Forwards,4,-0.6063267455246435,0.8442211278740888,5680000,-3289873.268059319,0,2,4,LOW,2,-0.3
Como,Serie A,Goalkeepers,2,0.2706633535900052,0.6874553490312463,2600000,662888.3769680442,1,0,2,HIGH,5,-0.2
Como,Serie A,Midfielders,8,3.0620991853247403e-13,0.8989787858141944,9810000,1654144.879220476,3,2,3,MEDIUM,3,-0.25
Crystal Palace,Premier League,Defenders,7,-0.05747818796505729,0.18499611266567506,22486498,-2122504.512016806,0,0,3,MEDIUM,3,-0.25
Crystal Palace,Premier League,Forwards,1,-0.6793911961960184,,3080342,-2996175.947877409,0,1,4,LOW,2,-0.3
Crystal Palace,Premier League,Goalkeepers,1,0.5241074828819272,,6160685,2513044.6109870346,1,0,1,CRITICAL,8,-0.15
Crystal Palace,Premier League,Midfielders,12,-0.004203820037955132,0.5536185389680954,55138128,2773929.233163068,4,6,3,MEDIUM,3,-0.25
Dortmund,Bundesliga,Defenders,9,-0.06441478317098712,0.6521284529995599,41660000,6994800.063357495,3,2,3,MEDIUM,3,-0.25
Dortmund,Bundesliga,Forwards,1,0.0730147100667792,,9430000,663993.1223517582,0,0,3,MEDIUM,3,-0.25
Dortmund,Bundesliga,Goalkeepers,2,0.2967044987370082,1.030467547207001,10140000,5156090.878605158,1,1,2,HIGH,5,-0.2
Dortmund,Bundesliga,Midfielders,13,0.028610997604640184,0.6911783457488739,59480685,5325704.840901858,5,3,3,MEDIUM,3,-0.25
Eintracht Frankfurt,Bundesliga,Defenders,8,0.27036294740544475,0.5297469661012,12900000,4780789.549738266,5,1,2,HIGH,5,-0.2
Eintracht Frankfurt,Bundesliga,Forwards,2,-0.3441255992665866,1.0740616393344269,3780000,625417.6190095462,1,1,4,LOW,2,-0.3
Eintracht Frankfurt,Bundesliga,Goalkeepers,2,0.4728401134372602,0.396050439052468,4060000,1949681.4621753574,1,0,1,CRITICAL,8,-0.15
Eintracht Frankfurt,Bundesliga,Midfielders,14,0.08827743010010433,0.5322570356715383,20790000,4660814.116501495,5,2,3,MEDIUM,3,-0.25
Empoli,Serie A,Defenders,6,-0.2979013830141568,0.45746666614902354,3080000,-395497.16384552675,0,3,4,LOW,2,-0.3
Empoli,Serie A,Forwards,3,0.06836615748922921,0.5120122899141865,1860000,381899.47073310066,1,1,3,MEDIUM,3,-0.25
Empoli,Serie A,Goalkeepers,2,-0.1706566442477522,0.6036798977429758,420000,-228597.0707808957,0,1,4,LOW,2,-0.3
Empoli,Serie A,Midfielders,12,-0.06110119082872215,0.5772737001197265,12350000,757861.5217196853,2,3,3,MEDIUM,3,-0.25
Espanyol,La Liga,Defenders,8,0.035878874839475605,0.7284975552453119,8130000,2335643.360988131,2,3,3,MEDIUM,3,-0.25
Espanyol,La Liga,Forwards,1,1.61145772474344,,1500000,1200605.3321583348,1,0,1,CRITICAL,8,-0.15
Espanyol,La Liga,Goalkeepers,1,-0.7935773725044797,,240000,-290710.298870828,0,1,4,LOW,2,-0.3
Espanyol,La Liga,Midfielders,9,-0.13006288169947844,0.5934807343771437,7190000,-382608.42734960734,1,3,4,LOW,2,-0.3
Everton,Premier League,Defenders,9,-0.197732037516601,0.09913132566848284,28400758,-5414749.709349246,0,1,4,LOW,2,-0.3
Everton,Premier League,Forwards,3,-0.17862829762925378,0.35200075430992583,11705301,-2394538.383752799,0,1,4,LOW,2,-0.3
Everton,Premier League,Goalkeepers,1,0.6228695230806593,,7700856,3570093.6908324864,1,0,1,CRITICAL,8,-0.15
Everton,Premier League,Midfielders,7,-0.18147999928446318,0.38910774300706724,28339149,-1031504.7326970596,0,3,4,LOW,2,-0.3
Fiorentina,Serie A,Defenders,8,0.05974452308515475,0.31398968771230734,16900000,640282.1432371227,1,0,3,MEDIUM,3,-0.25
Fiorentina,Serie A,Forwards,2,-0.3447652130501062,0.5395221130829674,5640000,-2908199.857088232,0,1,4,LOW,2,-0.3
Fiorentina,Serie A,Goalkeepers,2,0.08914782770052196,0.5122221231525583,3890000,-90407.58482760494,1,0,3,MEDIUM,3,-0.25
Fiorentina,Serie A,Midfielders,8,0.10336786315883839,0.4335244829224663,18590000,1787278.3754331225,2,2,2,HIGH,5,-0.2
Freiburg,Bundesliga,Defenders,7,0.10831765488020581,0.9337676993654399,10360000,6042426.157894858,1,2,2,HIGH,5,-0.2
Freiburg,Bundesliga,Forwards,4,0.05102646318896964,0.4348559683908157,2910000,173955.1952352603,1,1,3,MEDIUM,3,-0.25
Freiburg,Bundesliga,Goalkeepers,2,-0.35072195609455026,0.49934944215799787,670000,-172462.28284560633,0,1,4,LOW,2,-0.3
Freiburg,Bundesliga,Midfielders,8,0.3379787541904751,0.4596637464450255,6360000,1446050.236811121,4,0,1,CRITICAL,8,-0.15
Fulham,Premier League,Defenders,7,-0.004870456165575775,0.21251059457011928,21562395,217589.31485953205,0,0,3,MEDIUM,3,-0.25
Fulham,Premier League,Forwards,2,-0.9922048180115333,1.194103663192098,6622736,-3418899.2655150197,0,1,4,LOW,2,-0.3
Fulham,Premier League,Goalkeepers,1,0.4541080879091339,,8008890,2923131.9871934997,1,0,1,CRITICAL,8,-0.15
Fulham,Premier League,Midfielders,14,0.2023827285413519,0.6097742189084644,47596319,5775265.1706884075,4,2,2,HIGH,5,-0.2
Genoa,Serie A,Defenders,7,0.2062354144377839,0.5514130466187929,6440000,554134.6902031465,2,1,2,HIGH,5,-0.2
Genoa,Serie A,Forwards,2,-0.1765001254741368,1.1600995100826514,5210000,791314.3110009078,1,1,4,LOW,2,-0.3
Genoa,Serie A,Goalkeepers,1,-1.1799248680797003,,460000,-1036899.6641580248,0,1,4,LOW,2,-0.3
Genoa,Serie A,Midfielders,12,-0.06973122452156798,0.7601235412758592,15460000,565120.0018627016,3,4,3,MEDIUM,3,-0.25
Getafe,La Liga,Defenders,6,-0.12944108464291837,0.7650042200810417,6420000,651765.4069139593,1,1,4,LOW,2,-0.3
Getafe,La Liga,Forwards,4,-0.029398695732982802,1.2346963790954428,6090000,3017582.079523217,1,1,3,MEDIUM,3,-0.25
Getafe,La Liga,Goalkeepers,1,-0.2197591295955501,,1510000,-371122.70182654704,0,0,4,LOW,2,-0.3
Getafe,La Liga,Midfielders,8,-0.02651113031715352,1.0518287639901698,13800000,4310913.3373243045,3,3,3,MEDIUM,3,-0.25
Girona,La Liga,Defenders,7,0.2825677241451637,0.6836785629711379,9460000,3612766.7401965335,5,2,2,HIGH,5,-0.2
Girona,La Liga,Forwards,4,-0.1089478307769709,0.45112381484906455,5380000,-387039.7586828107,1,2,4,LOW,2,-0.3
Girona,La Liga,Goalkeepers,1,-0.4661365615128083,,1240000,-736342.5530933856,0,1,4,LOW,2,-0.3
Girona,La Liga,Midfielders,11,0.545526021189208,0.774130706371278,22490000,12781548.111441683,7,2,1,CRITICAL,8,-0.15
Gladbach,Bundesliga,Defenders,8,-0.11081810197361408,0.5829418740157813,14170000,123197.2099140163,1,3,4,LOW,2,-0.3
Gladbach,Bundesliga,Forwards,1,-0.3092964663550699,,2450000,-888042.2782810847,0,1,4,LOW,2,-0.3
Gladbach,Bundesliga,Goalkeepers,2,0.443848094260753,0.9078639702608156,4040000,1759251.5417686196,1,0,1,CRITICAL,8,-0.15
Gladbach,Bundesliga,Midfielders,10,-0.4054439029512686,0.5480610869549835,19700000,-4245509.764762629,1,7,4,LOW,2,-0.3
Heidenheim,Bundesliga,Defenders,6,-0.0028218886388868916,0.660184756765832,3390000,844698.7754242583,2,3,3,MEDIUM,3,-0.25
Heidenheim,Bundesliga,Forwards,4,0.07660384431553434,0.7341302886378223,2020000,274824.1842003123,1,1,3,MEDIUM,3,-0.25
Heidenheim,Bundesliga,Goalkeepers,2,-0.025920100900939297,0.09365409162007733,1250000,28973.82974872188,0,0,3,MEDIUM,3,-0.25
Heidenheim,Bundesliga,Midfielders,12,0.24319240415466284,0.9892711415209069,6950000,1989866.935248529,4,5,2,HIGH,5,-0.2
Hellas Verona,Serie A,Defenders,9,-0.044604672100571,0.46947603516123004,6230000,-48858.51766385784,1,2,3,MEDIUM,3,-0.25
Hellas Verona,Serie A,Forwards,3,0.42412851276499747,0.7390635353230335,2600000,1078462.334665649,1,0,1,CRITICAL,8,-0.15
Hellas Verona,Serie A,Goalkeepers,2,0.0647976605039764,0.4716615756674559,960000,-3010.624954453553,1,0,3,MEDIUM,3,-0.25
Hellas Verona,Serie A,Midfielders,12,-0.1266263191428559,0.6264429502948063,9660000,39766.78606649174,2,3,4,LOW,2,-0.3
Hoffenheim,Bundesliga,Defenders,10,-0.04172492261792833,0.6140357544538655,15200000,361628.5466146617,3,2,3,MEDIUM,3,-0.25
Hoffenheim,Bundesliga,Forwards,3,-0.39645473609149984,0.7383091597198833,4250000,-1196075.431490351,1,2,4,LOW,2,-0.3
Hoffenheim,Bundesliga,Goalkeepers,2,0.030648065444419892,0.6395110773409637,3880000,1141178.0253286888,1,1,3,MEDIUM,3,-0.25
Hoffenheim,Bundesliga,Midfielders,13,0.07714605341065368,0.7401700511198077,24230000,5149573.045825104,6,3,3,MEDIUM,3,-0.25
Holstein Kiel,Bundesliga,Defenders,8,-6.368273963719417e-13,0.5068743024784573,2720000,139464.66238729353,2,1,3,MEDIUM,3,-0.25
Holstein Kiel,Bundesliga,Forwards,6,0.38610419292589765,0.5899680605870566,3500000,1277128.255195993,3,0,1,CRITICAL,8,-0.15
Holstein Kiel,Bundesliga,Goalkeepers,2,0.16746586953632475,0.3723047928250861,860000,147799.7037132788,1,0,2,HIGH,5,-0.2
Holstein Kiel,Bundesliga,Midfielders,11,3.2588452138846624e-13,0.699922891316294,5230000,634196.9241524966,3,4,3,MEDIUM,3,-0.25
Inter,Serie A,Defenders,8,-0.01874202308672524,0.5081839059678853,37150000,3724732.883782901,1,4,3,MEDIUM,3,-0.25
Inter,Serie A,Forwards,5,-0.08613396255253994,0.37221318131155656,40890000,388924.12642671075,1,2,3,MEDIUM,3,-0.25
Inter,Serie A,Goalkeepers,2,-0.11824296380554955,0.7077329015718982,5990000,-1866278.7701049082,1,1,4,LOW,2,-0.3
Inter,Serie A,Midfielders,10,0.05903942925134211,0.4118437839802863,62890000,8765860.701577162,3,2,3,MEDIUM,3,-0.25
Ipswich Town,Premier League,Defenders,9,-5.992243738243511e-13,0.6704344288500217,12044138,1642596.2968038379,5,3,3,MEDIUM,3,-0.25
Ipswich Town,Premier League,Forwards,3,0.2362605416509158,0.3962036082937893,3542393,934391.4917970845,1,0,2,HIGH,5,-0.2
Ipswich Town,Premier League,Goalkeepers,2,0.7020424313117397,0.42781852369200263,3388377,1772431.058521927,2,0,1,CRITICAL,8,-0.15
Ipswich Town,Premier League,Midfielders,11,2.7840356282963924e-13,0.6361978433254428,11828512,1311137.1881841617,3,4,3,MEDIUM,3,-0.25
Juventus,Serie A,Defenders,11,-0.3450311452720766,0.6852391493705955,34250171,-2332115.133196389,1,5,4,LOW,2,-0.3
Juventus,Serie A,Forwards,1,1.2350780402246162,,22220000,15758155.883630335,1,0,1,CRITICAL,8,-0.15
Juventus,Serie A,Goalkeepers,2,0.1272741330319018,0.2270306074347166,6480000,570130.3934059422,0,0,2,HIGH,5,-0.2
Juventus,Serie A,Midfielders,11,0.15810216139734334,0.5386189345053766,46890000,10523246.61115339,3,1,2,HIGH,5,-0.2
Las Palmas,La Liga,Defenders,8,0.5104006859681383,1.1031924182173414,8792259,4127897.240901781,3,1,1,CRITICAL,8,-0.15
Las Palmas,La Liga,Forwards,3,0.44151365408740934,1.0156409073733084,7660000,3924999.446511198,1,1,1,CRITICAL,8,-0.15
Las Palmas,La Liga,Goalkeepers,2,-0.2408544483967807,0.34443100268700527,1360000,-522094.51030076464,0,1,4,LOW,2,-0.3
Las Palmas,La Liga,Midfielders,11,0.44847223801252284,0.9037120535971476,13182259,5155282.548469743,6,2,1,CRITICAL,8,-0.15
Lazio,Serie A,Defenders,9,0.15935597922714032,0.34785350473194243,31280000,5981571.000926831,4,1,2,HIGH,5,-0.2
Lazio,Serie A,Forwards,1,-0.721753981969325,,2310000,-2444071.964528811,0,1,4,LOW,2,-0.3
Lazio,Serie A,Goalkeepers,2,-0.711724419682767,1.3036276649543421,3830000,165227.89801096148,0,1,4,LOW,2,-0.3
Lazio,Serie A,Midfielders,10,-0.051982965034585306,0.38103028824009694,29770000,-3009119.549596104,2,3,3,MEDIUM,3,-0.25
Le Havre,Ligue 1,Defenders,8,0.05723524449631312,0.5573381726491432,3850000,20540.30738852982,3,3,3,MEDIUM,3,-0.25
Le Havre,Ligue 1,Forwards,2,0.5047281060286508,0.9709094680602947,480000,226692.6272743533,1,0,1,CRITICAL,8,-0.15
Le Havre,Ligue 1,Goalkeepers,2,-0.14847663607913114,0.030206121935026753,650000,-105453.69014998741,0,0,4,LOW,2,-0.3
Le Havre,Ligue 1,Midfielders,13,-0.06116798755591504,0.6261237527229334,6650000,422635.8483518214,3,4,3,MEDIUM,3,-0.25
Lecce,Serie A,Defenders,4,0.19208933815692353,0.4021684520971457,3560000,341761.0254396617,1,0,2,HIGH,5,-0.2
Lecce,Serie A,Forwards,2,0.08125263040994302,1.402983464228609,2300000,548685.1746466237,1,1,3,MEDIUM,3,-0.25
Lecce,Serie A,Goalkeepers,1,0.2599701780864407,,1110000,254107.2157780031,0,0,2,HIGH,5,-0.2
Lecce,Serie A,Midfielders,11,-0.09163091591253303,0.6603272223386855,5460000,-61203.79322411257,3,1,3,MEDIUM,3,-0.25
Leganés,La Liga,Defenders,9,-6.432262130336616e-13,0.5658873980579393,6510000,1328873.6354433782,2,3,3,MEDIUM,3,-0.25
Leganés,La Liga,Goalkeepers,2,0.22964436504888658,1.0007951550471657,1140000,58458.856402274454,1,1,2,HIGH,5,-0.2
Leganés,La Liga,Midfielders,12,2.9499088357217335e-13,0.94739978880054,7540000,2117104.38355219,5,4,3,MEDIUM,3,-0.25
Leicester City,Premier League,Defenders,7,-0.16800254015955624,0.4336768932135643,20638294,-1312877.022830256,1,2,4,LOW,2,-0.3
Leicester City,Premier League,Forwards,1,0.5089161482874225,,8624959,3440092.671133714,1,0,1,CRITICAL,8,-0.15
Leicester City,Premier League,Goalkeepers,3,-0.20469651318728785,0.8176419447126402,3696410,39193.96663784131,1,2,4,LOW,2,-0.3
Leicester City,Premier League,Midfielders,12,-0.13817745574244328,0.7112700995815244,35115903,-1453574.8719964412,4,4,4,LOW,2,-0.3
Lens,Ligue 1,Defenders,7,0.36595272674886026,0.7633715094895733,7620000,3413433.7311514355,4,1,1,CRITICAL,8,-0.15
Lens,Ligue 1,Forwards,3,-0.6403805917918852,0.7739165919069297,3870000,-1744842.9715655043,0,2,4,LOW,2,-0.3
Lens,Ligue 1,Goalkeepers,1,0.2154161466249622,,720000,139531.77323493082,0,0,2,HIGH,5,-0.2
Lens,Ligue 1,Midfielders,13,0.2935505655964579,0.6511208385597285,11940000,4147800.8847202784,9,3,2,HIGH,5,-0.2
Leverkusen,Bundesliga,Defenders,5,0.021662441579487556,0.5409022337198538,15530000,1154636.2705344744,2,2,3,MEDIUM,3,-0.25
Leverkusen,Bundesliga,Forwards,2,-0.09245767089176751,0.4164022697082899,8000000,152533.8722295505,0,1,3,MEDIUM,3,-0.25
Leverkusen,Bundesliga,Goalkeepers,2,-0.32417016559841905,0.14182303793802623,3350000,-1562961.4916539309,0,1,4,LOW,2,-0.3
Leverkusen,Bundesliga,Midfielders,12,0.10913020755498515,0.4074795588266424,44890000,5842960.194362678,5,2,2,HIGH,5,-0.2
Lille,Ligue 1,Defenders,7,0.10478264421983952,0.6222352613283422,11490000,2805978.2646688265,3,1,2,HIGH,5,-0.2
Lille,Ligue 1,Forwards,2,-0.22220248060312814,0.11252690685783907,3750000,-962844.1103103706,0,1,4,LOW,2,-0.3
Lille,Ligue 1,Goalkeepers,1,-0.0268428194619119,,1140000,-31015.219881861703,0,0,3,MEDIUM,3,-0.25
Lille,Ligue 1,Midfielders,14,0.19153420963745052,0.5703183020178791,17340000,3828756.765021,7,1,2,HIGH,5,-0.2
Liverpool,Premier League,Defenders,9,-0.2668250967331029,0.6843896042678188,52057787,2315002.868786936,2,2,4,LOW,2,-0.3
Liverpool,Premier League,Forwards,4,-0.17250482937428924,0.703254616868598,29879322,-4085255.2974260096,1,1,4,LOW,2,-0.3
Liverpool,Premier League,Goalkeepers,2,-0.6952933579167171,1.055784185147575,9857095,-1527222.325030427,0,1,4,LOW,2,-0.3
Liverpool,Premier League,Midfielders,8,-0.12618456370566175,0.735374538192637,61298814,5375715.982713157,2,2,4,LOW,2,-0.3
Lyon,Ligue 1,Defenders,7,0.15055980485624557,0.4776118489573549,16700000,3927213.8571293466,2,1,2,HIGH,5,-0.2
Lyon,Ligue 1,Forwards,4,0.12793527579321037,0.24861884627997913,15360000,2656376.409914544,1,0,2,HIGH,5,-0.2
Lyon,Ligue 1,Goalkeepers,2,-0.8950677555437929,0.04517468355152397,1170000,-1645775.3563609682,0,2,4,LOW,2,-0.3
Lyon,Ligue 1,Midfielders,8,0.2088431705354361,0.4954297384125743,26630000,4423882.100216092,3,1,2,HIGH,5,-0.2
Mainz 05,Bundesliga,Defenders,6,-0.12998920170054676,0.28545131651971056,8120000,-978920.4350782735,0,1,4,LOW,2,-0.3
Mainz 05,Bundesliga,Forwards,2,-0.14409132955979143,0.40930487927050857,2250000,60288.213824579725,0,1,4,LOW,2,-0.3
Mainz 05,Bundesliga,Goalkeepers,2,0.04372922996835975,0.05949101929949509,2180000,148624.27915879613,0,0,3,MEDIUM,3,-0.25
Mainz 05,Bundesliga,Midfielders,11,-0.04702374850657345,0.43477752550686405,13050000,978089.5376664206,2,3,3,MEDIUM,3,-0.25
Mallorca,La Liga,Defenders,9,0.18731933220275543,1.0159416314886476,10320000,3280687.931526109,2,3,2,HIGH,5,-0.2
Mallorca,La Liga,Forwards,3,-0.09003233004776412,0.9186598647022988,5940000,1690101.7543276504,1,2,3,MEDIUM,3,-0.25
Mallorca,La Liga,Goalkeepers,2,-0.7995855430755379,0.7198511829254712,570000,-901336.0576123747,0,1,4,LOW,2,-0.3
Mallorca,La Liga,Midfielders,9,0.10502675834540653,0.48642328464962503,8360000,1230019.6983622657,3,1,2,HIGH,5,-0.2
Manchester City,Premier League,Defenders,8,-0.03970826982946152,0.4037345910898105,78548732,1026840.9012142867,2,2,3,MEDIUM,3,-0.25
Manchester City,Premier League,Forwards,1,0.0809209483731336,,23102568,1795841.2693914846,0,0,3,MEDIUM,3,-0.25
Manchester City,Premier League,Goalkeepers,2,-0.4782958339893275,0.23606005832954627,11705301,-7609494.661775467,0,2,4,LOW,2,-0.3
Manchester City,Premier League,Midfielders,13,-0.10131837057516245,0.5636224809953153,137075239,18485582.209813252,4,5,4,LOW,2,-0.3
Manchester Utd,Premier League,Defenders,9,-0.04195815213003565,0.5762310063241204,72388048,-5895614.30244479,2,3,3,MEDIUM,3,-0.25
Manchester Utd,Premier League,Forwards,2,-0.23399383231790064,0.16324070719913178,11705301,-3004475.268900574,0,1,4,LOW,2,-0.3
Manchester Utd,Premier League,Goalkeepers,2,-0.2586540925065552,0.12096450073858217,9549062,-2283182.578855884,0,1,4,LOW,2,-0.3
Manchester Utd,Premier League,Midfielders,12,-0.18738822981452627,0.7786199070008437,96651668,15176477.845574478,3,5,4,LOW,2,-0.3
Marseille,Ligue 1,Defenders,8,-0.21741760147183586,0.7372094872261536,18180000,841624.0764130754,3,4,4,LOW,2,-0.3
Marseille,Ligue 1,Goalkeepers,1,-0.2939929484693309,,2540000,-868107.0828577564,0,0,4,LOW,2,-0.3
Marseille,Ligue 1,Midfielders,10,-0.27820580550279883,0.6408006915697346,27920000,400445.2036273619,3,5,4,LOW,2,-0.3
Milan,Serie A,Defenders,9,-0.06821617259604215,0.3991117176086082,25630000,807326.4918701577,1,2,3,MEDIUM,3,-0.25
Milan,Serie A,Forwards,2,0.1833878489627274,0.35441723685065574,11540000,2709679.846085327,1,0,2,HIGH,5,-0.2
Milan,Serie A,Goalkeepers,2,-0.3328788968867426,0.460121895466358,4520000,-893293.9151589684,0,1,4,LOW,2,-0.3
Milan,Serie A,Midfielders,10,0.0022893196478781298,0.38618333628373774,39820000,903079.9463076792,2,1,3,MEDIUM,3,-0.25
Monaco,Ligue 1,Defenders,9,0.044730151406018076,0.35027762892788533,21400000,3308245.1425956823,3,2,3,MEDIUM,3,-0.25
Monaco,Ligue 1,Forwards,3,0.31722225257910824,0.5112609401098648,10460000,3941507.902113003,1,0,1,CRITICAL,8,-0.15
Monaco,Ligue 1,Goalkeepers,2,0.023763326604313156,0.42895605162616657,2420000,13452.20907594706,1,0,3,MEDIUM,3,-0.25
Monaco,Ligue 1,Midfielders,10,0.251759231146435,0.42981526984119695,22960000,8201896.47496088,5,0,2,HIGH,5,-0.2
Montpellier,Ligue 1,Defenders,8,-0.13704893022232012,0.6406632089108159,2890000,-170204.44036677768,2,3,4,LOW,2,-0.3
Montpellier,Ligue 1,Forwards,1,1.684477153736628,,3000000,2443375.751291979,1,0,1,CRITICAL,8,-0.15
Montpellier,Ligue 1,Goalkeepers,2,0.19903662581578185,1.2093427059238782,1940000,1074493.4004806702,1,1,2,HIGH,5,-0.2
Montpellier,Ligue 1,Midfielders,8,-0.1976299364881302,0.555033098774249,4140000,196031.22249707681,2,3,4,LOW,2,-0.3
Monza,Serie A,Defenders,5,-0.1676587517331079,0.7558421007749146,7570000,265292.25725379237,1,1,4,LOW,2,-0.3
Monza,Serie A,Forwards,2,0.42106099003549513,0.31583379064625544,3340000,1421017.0794527452,1,0,1,CRITICAL,8,-0.15
Monza,Serie A,Goalkeepers,2,0.17004096148159148,0.590283647985009,1070000,315872.7325554644,1,0,2,HIGH,5,-0.2
Monza,Serie A,Midfielders,11,0.07517342971932074,0.6541280560465303,13930000,3088347.9345608926,5,3,3,MEDIUM,3,-0.25
Nantes,Ligue 1,Defenders,8,0.12879049573822,0.3143591307130401,6760000,572906.9453881846,3,1,2,HIGH,5,-0.2
Nantes,Ligue 1,Forwards,3,0.26187516280453116,0.25170993763965716,5080000,1281164.7771817509,1,0,2,HIGH,5,-0.2
Nantes,Ligue 1,Goalkeepers,2,0.6071143346627963,0.7627711682101505,2040000,1058742.7297042527,1,0,1,CRITICAL,8,-0.15
Nantes,Ligue 1,Midfielders,9,-0.008500969965696444,0.34781017784164286,8950000,-252503.44285608432,1,2,3,MEDIUM,3,-0.25
Napoli,Serie A,Defenders,8,-0.08379817869763294,0.4744960112794373,24570000,-1380315.0092960289,2,4,3,MEDIUM,3,-0.25
Napoli,Serie A,Forwards,6,0.006342040400581901,0.28435532206337893,28680000,914199.0130786165,1,1,3,MEDIUM,3,-0.25
Napoli,Serie A,Goalkeepers,1,0.3518505730153141,,3700000,1097474.6902316278,1,0,1,CRITICAL,8,-0.15
Napoli,Serie A,Midfielders,4,-0.23428490288206658,0.16356667136512953,12230000,-2860304.054230122,0,1,4,LOW,2,-0.3
Newcastle United,Premier League,Defenders,7,-0.0735832904916747,0.7375618867702127,25998090,351125.8235308062,3,3,3,MEDIUM,3,-0.25
Newcastle United,Premier League,Forwards,7,-0.473052422645351,0.5280067094769834,31481100,-12908876.857320858,1,5,4,LOW,2,-0.3
Newcastle United,Premier League,Goalkeepers,2,-0.4615826958478877,0.11526910631664203,6160685,-3486725.079308348,0,2,4,LOW,2,-0.3
Newcastle United,Premier League,Midfielders,6,0.008876463917522948,0.5787903463330438,34807869,7563816.174772681,4,2,3,MEDIUM,3,-0.25
Nice,Ligue 1,Defenders,8,-0.22664155427930563,0.8281460679420448,8160000,1297800.375538602,3,3,4,LOW,2,-0.3
Nice,Ligue 1,Forwards,3,0.24098758620415772,0.9337181296547249,6060000,921640.1800271305,1,1,2,HIGH,5,-0.2
Nice,Ligue 1,Goalkeepers,1,-1.1740151031045372,,360000,-804583.899692931,0,1,4,LOW,2,-0.3
Nice,Ligue 1,Midfielders,13,-0.18029315928980802,0.843231797238344,17300000,4230018.709607977,5,6,4,LOW,2,-0.3
Nottingham Forest,Premier League,Defenders,8,-0.02298734761837329,0.36634566313066114,22794534,554169.3425002464,2,2,3,MEDIUM,3,-0.25
Nottingham Forest,Premier League,Forwards,2,0.17227150235786223,0.30232269042562837,8008890,777659.2902934295,1,0,2,HIGH,5,-0.2
Nottingham Forest,Premier League,Goalkeepers,1,-0.800199107998953,,2156240,-2643515.946320096,0,1,4,LOW,2,-0.3
Nottingham Forest,Premier League,Midfielders,10,-0.062383679767576625,0.4553310284983434,30187355,402634.1482989271,2,4,3,MEDIUM,3,-0.25
Osasuna,La Liga,Defenders,7,-0.20323300223274007,0.44008781006616515,4020000,-428070.2870829618,1,3,4,LOW,2,-0.3
Osasuna,La Liga,Forwards,4,-0.11264696000473817,0.32855852991704987,3950000,-413822.1001611081,1,2,4,LOW,2,-0.3
Osasuna,La Liga,Goalkeepers,2,0.07317135337487635,0.6973371614361717,1790000,-132568.33973332652,1,1,3,MEDIUM,3,-0.25
Osasuna,La Liga,Midfielders,9,0.21514354218002632,1.0687703178835228,11750000,5666302.393616241,4,4,2,HIGH,5,-0.2
Paris Saint-Germain,Ligue 1,Defenders,10,0.2645581560034449,0.9105628437481303,93900000,39198884.77134423,6,2,2,HIGH,5,-0.2
Paris Saint-Germain,Ligue 1,Forwards,5,0.13770268354517193,1.1434904185179462,39490000,18859927.54972457,3,1,2,HIGH,5,-0.2
Paris Saint-Germain,Ligue 1,Goalkeepers,3,0.9441819494827186,0.7452216082386282,17020000,12495392.70288712,3,0,1,CRITICAL,8,-0.15
Paris Saint-Germain,Ligue 1,Midfielders,6,0.1308770737535854,0.9173340805835799,35480000,6249235.335927791,2,1,2,HIGH,5,-0.2
Parma,Serie A,Defenders,8,-5.377920331284258e-13,0.6774117205344665,6340000,-246703.48030944797,2,4,3,MEDIUM,3,-0.25
Parma,Serie A,Forwards,4,-0.2637632133385015,0.5756935070053845,2410000,-230736.56777080306,1,2,4,LOW,2,-0.3
Parma,Serie A,Goalkeepers,2,0.635577248632222,0.0353512042067071,1670000,787757.8061342144,2,0,1,CRITICAL,8,-0.15
Parma,Serie A,Midfielders,12,3.4638958368304884e-13,0.5177144426283623,14560000,1597104.1765867043,4,4,3,MEDIUM,3,-0.25
RB Leipzig,Bundesliga,Defenders,9,0.1321075081440208,0.37438733850522504,43520000,5945892.204771513,3,1,2,HIGH,5,-0.2
RB Leipzig,Bundesliga,Forwards,2,0.4089121709746051,0.3627333184858628,11320000,3550558.3527659765,1,0,1,CRITICAL,8,-0.15
RB Leipzig,Bundesliga,Goalkeepers,2,0.5958944761308702,0.22922200579923846,6920000,2672433.4720625775,2,0,1,CRITICAL,8,-0.15
RB Leipzig,Bundesliga,Midfielders,10,0.033188009031179,0.4397249853645267,39432137,2515500.151212992,3,2,3,MEDIUM,3,-0.25
Rayo Vallecano,La Liga,Defenders,9,-0.07758079975912123,0.31195011678091866,4440000,22730.575349998253,1,1,3,MEDIUM,3,-0.25
Rayo Vallecano,La Liga,Forwards,2,-0.44297652581506947,0.8465218066615818,880000,-328067.7201077333,0,1,4,LOW,2,-0.3
Rayo Vallecano,La Liga,Goalkeepers,2,-0.10937427674326544,0.09573560549266294,1230000,-170248.91376087663,0,0,4,LOW,2,-0.3
Rayo Vallecano,La Liga,Midfielders,12,0.1242450438733519,0.6322081673640002,12710000,3764743.8870663564,2,3,2,HIGH,5,-0.2
Real Betis,La Liga,Defenders,8,0.10253530490312013,0.5148863712157908,17040000,2556129.663253639,3,2,2,HIGH,5,-0.2
Real Betis,La Liga,Forwards,2,-0.02365433364257008,1.632468449192793,4700000,-327236.6736851982,1,1,3,MEDIUM,3,-0.25
Real Betis,La Liga,Goalkeepers,3,-1.182589410324401,0.42245349955564815,1900000,-3528391.6088841045,0,3,4,LOW,2,-0.3
Real Betis,La Liga,Midfielders,11,0.003125674946547202,0.9810534678227772,37763507,13719623.085650258,3,4,3,MEDIUM,3,-0.25
Real Madrid,La Liga,Defenders,11,-0.06598471991724028,0.7189223412859154,130560000,4575233.029967967,3,3,3,MEDIUM,3,-0.25
Real Madrid,La Liga,Forwards,3,0.9919543850267262,0.14642574330731445,56240000,34691102.505529344,3,0,1,CRITICAL,8,-0.15
Real Madrid,La Liga,Goalkeepers,2,0.9368512760707696,0.049302843427204326,19500000,11997562.060282936,2,0,1,CRITICAL,8,-0.15
Real Madrid,La Liga,Midfielders,9,-0.10335066366081157,0.48327159324788144,108330000,-12480555.82388331,2,3,4,LOW,2,-0.3
Real Sociedad,La Liga,Defenders,9,-0.1463854986136316,0.5248002918118814,12790000,414790.3553288957,1,2,4,LOW,2,-0.3
Real Sociedad,La Liga,Forwards,1,0.3216119104867712,,3600000,990073.8263536519,1,0,1,CRITICAL,8,-0.15
Real Sociedad,La Liga,Goalkeepers,2,-0.20595453508506445,0.47062576221064734,2980000,205030.4193430483,0,1,4,LOW,2,-0.3
Real Sociedad,La Liga,Midfielders,10,-0.08207519572096285,0.5851246025752905,16390000,260175.79592466168,4,3,3,MEDIUM,3,-0.25
Reims,Ligue 1,Defenders,7,-0.09111562529246675,0.35494182179842354,4390000,190745.54245726453,0,3,3,MEDIUM,3,-0.25
Reims,Ligue 1,Forwards,1,0.2701548176096011,,500000,118369.34055181145,0,0,2,HIGH,5,-0.2
Reims,Ligue 1,Goalkeepers,1,0.0400422163810727,,600000,23550.672626767424,0,0,3,MEDIUM,3,-0.25
Reims,Ligue 1,Midfielders,6,-0.16220207717348306,0.3018698526316276,3290000,82130.2224107683,0,3,4,LOW,2,-0.3
Rennes,Ligue 1,Defenders,5,0.1145694655710304,0.5310519102354578,4780000,950188.0222043477,3,1,2,HIGH,5,-0.2
Rennes,Ligue 1,Forwards,1,-0.1434637068291095,,1500000,-231397.3771694654,0,0,4,LOW,2,-0.3
Rennes,Ligue 1,Goalkeepers,1,0.561113747424443,,2280000,979093.0233631784,1,0,1,CRITICAL,8,-0.15
Rennes,Ligue 1,Midfielders,9,-0.17584347049031973,0.5464152896560154,12580000,-577025.206318974,1,3,4,LOW,2,-0.3
Roma,Serie A,Defenders,4,-0.15078856043794842,0.30515359601181397,16440000,-1712754.9505227958,0,1,4,LOW,2,-0.3
Roma,Serie A,Forwards,3,-0.34332631604434144,0.57329379958704,14520000,-3491956.019079702,0,1,4,LOW,2,-0.3
Roma,Serie A,Goalkeepers,1,-0.6953396063144375,,1280000,-1285618.7670456315,0,1,4,LOW,2,-0.3
Roma,Serie A,Midfielders,13,-0.10848017461726003,0.7036345345297341,46780000,2455311.6675631246,4,4,4,LOW,2,-0.3
Saint-Étienne,Ligue 1,Defenders,7,-7.549476916628756e-13,0.39653639376856564,4600000,124918.24416657293,1,1,3,MEDIUM,3,-0.25
Saint-Étienne,Ligue 1,Forwards,4,0.14778539526044776,0.5957842502506776,2640000,303363.1765641844,1,1,2,HIGH,5,-0.2
Saint-Étienne,Ligue 1,Goalkeepers,1,-0.3113125270271073,,470000,-171651.43604044884,0,1,4,LOW,2,-0.3
Saint-Étienne,Ligue 1,Midfielders,9,2.725720883568607e-13,0.4713587353770383,4700000,89424.13968446315,3,1,3,MEDIUM,3,-0.25
Sevilla,La Liga,Defenders,8,-0.15673728278689206,0.863123342649323,20800000,1793596.9705642979,3,4,4,LOW,2,-0.3
Sevilla,La Liga,Forwards,2,-0.0219570231554016,0.5623566918031347,6880000,418860.0527329198,1,1,3,MEDIUM,3,-0.25
Sevilla,La Liga,Goalkeepers,2,-0.982744059204939,0.6575817630840558,1450000,-2863354.8229918727,0,2,4,LOW,2,-0.3
Sevilla,La Liga,Midfielders,11,-0.2975097076172018,0.6438772608032169,27150000,-1107531.281834057,3,4,4,LOW,2,-0.3
Southampton,Premier League,Defenders,10,-0.27249821134773367,0.6161535099695978,18020002,-1756070.370951483,2,4,4,LOW,2,-0.3
Southampton,Premier League,Forwards,6,0.22250634931565147,0.4476780863232774,13861541,2843958.1002764916,4,1,2,HIGH,5,-0.2
Southampton,Premier League,Goalkeepers,2,0.14515095816455315,0.6759101047521702,3080342,899466.6690162509,1,1,2,HIGH,5,-0.2
Southampton,Premier League,Midfielders,12,-0.4071618725402222,0.71609690804581,22486498,-8182059.778089665,1,6,4,LOW,2,-0.3
St Pauli,Bundesliga,Defenders,6,-6.685300461365765e-13,0.8611680959264175,3180000,735065.3414477701,3,3,3,MEDIUM,3,-0.25
St Pauli,Bundesliga,Forwards,5,0.2086807591031466,0.3287678428224153,3250000,763204.7226739689,3,0,2,HIGH,5,-0.2
St Pauli,Bundesliga,Goalkeepers,2,0.6243159761134773,0.19233979032612147,1280000,535433.526301346,2,0,1,CRITICAL,8,-0.15
St Pauli,Bundesliga,Midfielders,10,3.257616398855134e-13,0.7828485592142573,4500000,1155097.0284142443,4,4,3,MEDIUM,3,-0.25
Strasbourg,Ligue 1,Defenders,8,0.4740589795187482,0.8564293812011838,5320000,2094934.1524280412,5,1,1,CRITICAL,8,-0.15
Strasbourg,Ligue 1,Forwards,2,0.4653683540473361,0.7319354929906935,2300000,929786.3199354048,1,0,1,CRITICAL,8,-0.15
Strasbourg,Ligue 1,Goalkeepers,2,0.44967540613965795,0.49286328985792816,2150000,910004.5785946758,1,0,1,CRITICAL,8,-0.15
Strasbourg,Ligue 1,Midfielders,11,0.29288486002999553,0.5512180192255398,8510000,2476017.8144948957,7,1,2,HIGH,5,-0.2
Stuttgart,Bundesliga,Defenders,8,-0.2537537803029317,0.7311042196001827,6870000,-24478.849078976316,2,3,4,LOW,2,-0.3
Stuttgart,Bundesliga,Forwards,3,-0.07980152394138551,0.6815396602508725,7080000,1165446.9291124803,1,1,3,MEDIUM,3,-0.25
Stuttgart,Bundesliga,Goalkeepers,1,0.7852691540712495,,3500000,1904010.6685915259,1,0,1,CRITICAL,8,-0.15
Stuttgart,Bundesliga,Midfielders,10,0.38539706276583396,0.5697017156231915,13110000,4692157.150504202,7,1,1,CRITICAL,8,-0.15
Torino,Serie A,Defenders,6,-0.009960393671634362,0.3498120463855115,7660000,368749.768512059,1,1,3,MEDIUM,3,-0.25
Torino,Serie A,Forwards,3,0.24225218784089422,0.43765167656294657,11290000,2359187.679213013,1,0,2,HIGH,5,-0.2
Torino,Serie A,Goalkeepers,2,-0.19095886505318743,0.006872503354252373,1860000,-387035.7825179612,0,0,4,LOW,2,-0.3
Torino,Serie A,Midfielders,11,0.0688094133526714,0.466942772210769,20230000,1698846.9729928053,2,2,3,MEDIUM,3,-0.25
Tottenham Hotspur,Premier League,Defenders,9,0.09688733910623981,0.5622239943959516,44233717,2689723.4133426603,4,2,3,MEDIUM,3,-0.25
Tottenham Hotspur,Premier League,Forwards,6,-0.11280589253046475,0.2617611049292558,38812313,-1690671.5107810516,1,1,4,LOW,2,-0.3
Tottenham Hotspur,Premier League,Goalkeepers,3,-0.054281724539497,0.38776374087394777,10165131,760067.7502777141,0,1,3,MEDIUM,3,-0.25
Tottenham Hotspur,Premier League,Midfielders,7,0.05545847616533955,0.5773478754299795,35115904,1201667.7269255726,2,3,3,MEDIUM,3,-0.25
Toulouse,Ligue 1,Defenders,6,0.3840980965836982,0.47070291357972244,5030000,2063335.516349887,3,0,1,CRITICAL,8,-0.15
Toulouse,Ligue 1,Forwards,1,0.1825933585320811,,500000,83446.5686680752,0,0,2,HIGH,5,-0.2
Toulouse,Ligue 1,Goalkeepers,2,0.9053833742273172,0.7777783792888282,940000,580411.3024608943,2,0,1,CRITICAL,8,-0.15
Toulouse,Ligue 1,Midfielders,11,-0.06420725069854473,0.5409313485782837,5760000,651417.7788319067,2,4,3,MEDIUM,3,-0.25
Udinese,Serie A,Defenders,9,-0.049567226860164924,0.3689076394610714,8650000,-121345.29749551631,2,3,3,MEDIUM,3,-0.25
Udinese,Serie A,Forwards,5,-0.11779037274733425,0.6740336938215884,6730000,784849.4009586435,1,3,4,LOW,2,-0.3
Udinese,Serie A,Goalkeepers,3,-0.04186395757926853,0.7995732459569121,1920000,-85534.94632783852,2,1,3,MEDIUM,3,-0.25
Udinese,Serie A,Midfielders,11,-0.08665157151844918,0.3194087154771427,9200000,-658058.0361579591,1,3,3,MEDIUM,3,-0.25
Union Berlin,Bundesliga,Defenders,7,0.07550290304732779,0.6906234667451419,7140000,480566.76501352363,3,1,3,MEDIUM,3,-0.25
Union Berlin,Bundesliga,Forwards,3,-0.6231664076477846,0.28387277127665056,1590000,-1241400.3699017419,0,3,4,LOW,2,-0.3
Union Berlin,Bundesliga,Goalkeepers,2,0.11128260133753094,0.02810350797347905,2100000,215454.51351002313,0,0,2,HIGH,5,-0.2
Union Berlin,Bundesliga,Midfielders,12,-0.06472454222731742,0.6105430739469007,12850000,799191.7484415742,2,4,3,MEDIUM,3,-0.25
Valencia,La Liga,Defenders,9,-0.18920310007851884,0.9648289078991871,16970000,3734760.2352276603,4,4,4,LOW,2,-0.3
Valencia,La Liga,Forwards,3,-0.07536856696653461,1.054360978847681,6620000,1333978.9116031444,1,1,3,MEDIUM,3,-0.25
Valencia,La Liga,Goalkeepers,2,0.2714486558650763,0.08152010041682245,2740000,659327.8654773027,1,0,2,HIGH,5,-0.2
Valencia,La Liga,Midfielders,7,-0.45357267594728284,0.5649047749630368,7480000,-2933153.897725734,1,5,4,LOW,2,-0.3
Valladolid,La Liga,Defenders,4,-0.11410321133681878,0.4115491249250005,2490000,-203619.35077614093,1,1,4,LOW,2,-0.3
Valladolid,La Liga,Forwards,4,0.5637134424897416,0.3635522626208946,3960000,1755568.520328148,3,0,1,CRITICAL,8,-0.15
Valladolid,La Liga,Goalkeepers,2,0.31747725420017575,0.4288562643185652,940000,291237.3560577322,1,0,1,CRITICAL,8,-0.15
Valladolid,La Liga,Midfielders,10,0.1332245528943922,0.605262300467316,9070000,1822155.7340353138,6,2,2,HIGH,5,-0.2
Venezia,Serie A,Defenders,7,-5.783310338561672e-13,0.6912155850737729,6180000,1285192.1908848023,3,3,3,MEDIUM,3,-0.25
Venezia,Serie A,Forwards,5,0.43626116719886027,0.2874159929024943,5540000,1776801.4132127617,3,0,1,CRITICAL,8,-0.15
Venezia,Serie A,Goalkeepers,3,1.0076530680015512,0.2564590865217393,3800000,2494713.6794142392,3,0,1,CRITICAL,8,-0.15
Venezia,Serie A,Midfielders,13,3.141418749062443e-13,0.8258263051035603,13160000,3150631.412448466,5,5,3,MEDIUM,3,-0.25
Villarreal,La Liga,Defenders,8,0.021127352010838367,0.599123749134739,16240000,1354436.533095994,3,2,3,MEDIUM,3,-0.25
Villarreal,La Liga,Forwards,4,-0.3191608485140822,0.5434475274854689,9740000,-2737606.2258294215,1,2,4,LOW,2,-0.3
Villarreal,La Liga,Goalkeepers,1,-0.5108647981800054,,840000,-560054.845253879,0,1,4,LOW,2,-0.3
Villarreal,La Liga,Midfielders,8,-0.10972617571942256,0.3165864580856289,15520000,-1269039.9602010085,0,2,4,LOW,2,-0.3
Werder Bremen,Bundesliga,Defenders,7,-0.1143183775990982,0.24357532485591143,6130000,-436027.1035808051,0,2,4,LOW,2,-0.3
Werder Bremen,Bundesliga,Forwards,5,0.29672999380222154,0.17023715576367457,5860000,1500754.2806046333,3,0,2,HIGH,5,-0.2
Werder Bremen,Bundesliga,Goalkeepers,1,-0.5406734011808378,,780000,-559386.9936701406,0,1,4,LOW,2,-0.3
Werder Bremen,Bundesliga,Midfielders,8,0.010988878510927981,0.6557104120180037,9110000,941572.1090934532,3,3,3,MEDIUM,3,-0.25
West Ham United,Premier League,Defenders,7,-0.1304406024894796,0.44199362371936685,27107013,-206994.08954092534,1,2,4,LOW,2,-0.3
West Ham United,Premier League,Forwards,3,0.007825193253392398,0.14374914533757455,18482054,389113.0958250994,0,0,3,MEDIUM,3,-0.25
West Ham United,Premier League,Goalkeepers,2,0.3480155648224761,0.4424285601991215,11397267,3713509.603679133,1,0,1,CRITICAL,8,-0.15
West Ham United,Premier League,Midfielders,12,-0.08186223701399784,0.7476155268011412,57602402,5226633.840596832,4,2,3,MEDIUM,3,-0.25
Wolfsburg,Bundesliga,Defenders,8,-0.05008338549006263,0.5254023350209778,13100000,1582165.2418525557,2,2,3,MEDIUM,3,-0.25
Wolfsburg,Bundesliga,Forwards,4,-0.70744438823984,0.8742817765186752,5810000,-4540529.168318086,0,2,4,LOW,2,-0.3
Wolfsburg,Bundesliga,Goalkeepers,2,-0.2922884754707979,0.36449868530390106,2250000,-602705.21866989,0,1,4,LOW,2,-0.3
Wolfsburg,Bundesliga,Midfielders,11,0.05581179958734531,0.5283518324141332,28290000,3539923.6563869775,2,2,3,MEDIUM,3,-0.25
Wolves,Premier League,Defenders,8,-0.021937288580336858,0.49772222225442114,18050805,2797417.2063345877,2,2,3,MEDIUM,3,-0.25
Wolves,Premier League,Forwards,1,-0.6300521099747449,,924103,-811092.9877931413,0,1,4,LOW,2,-0.3
Wolves,Premier League,Goalkeepers,2,0.13276250644230544,0.07124280931381816,3696411,401079.0805267643,0,0,2,HIGH,5,-0.2
Wolves,Premier League,Midfielders,14,-0.19858061086496395,0.5251750564707108,40044449,-4414493.145045909,3,5,4,LOW,2,-0.3
