player,from_team,to_team,from_league,to_league,season,prev_eff,arrival_eff,cross_league,selling_value_captured
Aaron Ramsey,Nice,Burnley,Ligue 1,Premier League,2023-2024,1.1993099262582216,0.9320941466938386,True,0.267215779564383
Aaron Wan-Bissaka,Manchester Utd,West Ham United,Premier League,Premier League,2024-2025,-0.3001579526607774,0.3283800362590678,False,-0.6285379889198452
Aarón Martín,Mainz 05,Genoa,Bundesliga,Serie A,2023-2024,0.9987109464029889,0.4659157277412475,True,0.5327952186617413
Abdallah Sima,Angers,Brest,Ligue 1,Ligue 1,2024-2025,0.6110811417043607,0.2094278941626139,False,0.4016532475417468
Abde Ezzalzouli,Osasuna,Real Betis,La Liga,La Liga,2024-2025,-0.6519664798971192,-0.5772244052727249,False,-0.0747420746243943
Abdou Harroui,Sassuolo,Frosinone,Serie A,Serie A,2023-2024,-1.690063519317162,-0.097122932220218,False,-1.592940587096944
Abdou Harroui,Frosinone,Hellas Verona,Serie A,Serie A,2024-2025,-0.097122932220218,-0.0326358100798156,False,-0.0644871221404024
Abner,Real Betis,Lyon,La Liga,Ligue 1,2024-2025,0.0359794831349944,0.1728559945281578,True,-0.13687651139316342
Adam Hložek,Leverkusen,Hoffenheim,Bundesliga,Bundesliga,2024-2025,0.2463963699487195,0.4289038613959572,False,-0.1825074914472377
Adam Lallana,Brighton,Southampton,Premier League,Premier League,2024-2025,0.3908529928266109,-0.1660462636634943,False,0.5568992564901052
Adam Masina,Udinese,Torino,Serie A,Serie A,2023-2024,0.7545949219297139,-0.1745481705359921,False,0.929143092465706
Adama Traoré,Wolves,Fulham,Premier League,Premier League,2023-2024,0.1471852584691877,0.1697022320769026,False,-0.022516973607714902
Adnan Januzaj,Sevilla,Las Palmas,La Liga,La Liga,2024-2025,0.3049854436216961,1.1408323463973993,False,-0.8358469027757032
Ado Onaiwu,Toulouse,Auxerre,Ligue 1,Ligue 1,2024-2025,0.499747981790744,0.2449300681436632,False,0.2548179136470808
Adri Embarba,Almería,Rayo Vallecano,La Liga,La Liga,2024-2025,-0.189010562824933,0.136695786620999,False,-0.325706349445932
Adrien Rabiot,Juventus,Marseille,Serie A,Ligue 1,2024-2025,0.4621314270509984,0.3000825670062106,True,0.1620488600447878
Adrien Tameze,Hellas Verona,Torino,Serie A,Serie A,2023-2024,-0.461822467432821,-0.2640229902574447,False,-0.19779947717537633
Adrià Pedrosa,Espanyol,Sevilla,La Liga,La Liga,2023-2024,0.3050987476380982,-0.6572270398571174,False,0.9623257874952156
Ainsley Maitland-Niles,Southampton,Lyon,Premier League,Ligue 1,2023-2024,0.2019047740620241,0.4435428073820819,True,-0.24163803332005782
Albert Guðmundsson,Genoa,Fiorentina,Serie A,Serie A,2024-2025,-0.2640313036093964,0.0367345317109553,False,-0.3007658353203517
Alberto Dossena,Cagliari,Como,Serie A,Serie A,2024-2025,-0.1446764909991795,1.0153351414551717,False,-1.1600116324543512
Alberto Moreno,Villarreal,Como,La Liga,Serie A,2024-2025,-0.5392021301206267,0.2492438673207377,True,-0.7884459974413643
Aleix García,Girona,Leverkusen,La Liga,Bundesliga,2024-2025,-0.101055728194316,0.3468267546767176,True,-0.4478824828710336
Aleksei Miranchuk,Torino,Atalanta,Serie A,Serie A,2023-2024,0.3816322273265911,0.1184560696914651,False,0.263176157635126
Alessandro Buongiorno,Torino,Napoli,Serie A,Serie A,2024-2025,0.3652565162818444,0.6220898823534622,False,-0.2568333660716178
Alessandro Zanoli,Sampdoria,Salernitana,Serie A,Serie A,2023-2024,0.5842661691509505,-0.1585374730943858,False,0.7428036422453363
Alessandro Zanoli,Salernitana,Genoa,Serie A,Serie A,2024-2025,-0.1585374730943858,-0.1368066028701875,False,-0.021730870224198284
Alessio Cragno,Monza,Sassuolo,Serie A,Serie A,2023-2024,1.0591005174293944,0.7511758438444502,False,0.30792467358494413
Alex Iwobi,Everton,Fulham,Premier League,Premier League,2024-2025,0.4566164141257296,0.0676872141623441,False,0.3889291999633855
Alex Král,Schalke 04,Union Berlin,Bundesliga,Bundesliga,2023-2024,0.3915488725152016,0.6146924296248546,False,-0.223143557109653
Alex Král,Union Berlin,Espanyol,Bundesliga,La Liga,2024-2025,0.6146924296248546,0.7771888398929931,True,-0.16249641026813855
Alex Sola,Real Sociedad,Getafe,La Liga,La Liga,2024-2025,-1.1036598203461487,0.1848498831447784,False,-1.2885097034909272
Alexander Nübel,Monaco,Stuttgart,Ligue 1,Bundesliga,2023-2024,0.9912756625530276,1.051738328084488,True,-0.06046266553146051
Alexander Schwolow,Schalke 04,Union Berlin,Bundesliga,Bundesliga,2023-2024,-0.4503829496351237,0.3824539081956022,False,-0.8328368578307259
Alexander Sørloth,Villarreal,Atlético Madrid,La Liga,La Liga,2024-2025,-0.1643605992658869,-0.1995619993083384,False,0.03520140004245151
Alexis Claude-Maurice,Nice,Augsburg,Ligue 1,Bundesliga,2024-2025,0.4191793258343494,-0.1837687339371996,True,0.6029480597715491
Alexis Mac Allister,Brighton,Liverpool,Premier League,Premier League,2023-2024,0.1584249485764779,0.5200155069354295,False,-0.3615905583589516
Alexis Saelemaekers,Milan,Bologna,Serie A,Serie A,2023-2024,-0.6236710752393364,-0.0444625367200952,False,-0.5792085385192411
Alexis Saelemaekers,Bologna,Milan,Serie A,Serie A,2024-2025,-0.0444625367200952,-0.6611829064228143,False,0.616720369702719
Alexis Saelemaekers,Milan,Roma,Serie A,Serie A,2024-2025,-0.6611829064228143,-1.012464270843866,False,0.35128136442105173
Alexis Sánchez,Marseille,Inter,Ligue 1,Serie A,2023-2024,0.0249267360401095,-0.4811148766176032,True,0.5060416126577127
Alexis Sánchez,Inter,Udinese,Serie A,Serie A,2024-2025,-0.4811148766176032,0.8143745951382648,False,-1.295489471755868
Alfonso Espino,Cádiz,Rayo Vallecano,La Liga,La Liga,2023-2024,-0.4397727220429956,0.0257183753129357,False,-0.4654910973559313
Alfred Duncan,Fiorentina,Venezia,Serie A,Serie A,2024-2025,-0.2251826556937732,0.6060054611604233,False,-0.8311881168541965
Alidu Seidu,Clermont Foot,Rennes,Ligue 1,Ligue 1,2024-2025,0.4246815906061219,0.3337826151817324,False,0.09089897542438946
Amadou Onana,Everton,Aston Villa,Premier League,Premier League,2024-2025,1.1710352031865838,1.0270405045601283,False,0.14399469862645553
Amath,Mallorca,Valladolid,La Liga,La Liga,2024-2025,-0.5739230422846422,0.3537297698917108,False,-0.927652812176353
Ameen Al-Dakhil,Burnley,Stuttgart,Premier League,Bundesliga,2024-2025,0.4596286223026684,0.928235549303821,True,-0.46860692700115264
Amine Salama,Angers,Reims,Ligue 1,Ligue 1,2023-2024,-0.9604760748019778,-0.3477932704442281,False,-0.6126828043577497
Amir Richardson,Reims,Fiorentina,Ligue 1,Serie A,2024-2025,0.207136539988868,0.6504127900126111,True,-0.4432762500237431
Anass Zaroury,Burnley,Lens,Premier League,Ligue 1,2024-2025,0.2055074992036338,1.013720287033724,True,-0.8082127878300903
Ander Guevara,Real Sociedad,Alavés,La Liga,La Liga,2023-2024,-0.2791108073222208,0.0023755254289579,False,-0.28148633275117874
Andoni Gorosabel,Real Sociedad,Alavés,La Liga,La Liga,2023-2024,-0.3090467304669921,0.5479909300845307,False,-0.8570376605515229
Andoni Gorosabel,Alavés,Athletic Club,La Liga,La Liga,2024-2025,0.5479909300845307,0.0667762032360812,False,0.4812147268484495
Andrea Belotti,Roma,Como,Serie A,Serie A,2024-2025,-0.1512459580378831,0.2875801345886,False,-0.4388260926264831
Andrea Cambiaso,Bologna,Juventus,Serie A,Serie A,2023-2024,0.8763211494630934,-0.4302468857069002,False,1.3065680351699935
Andrea Colpani,Monza,Fiorentina,Serie A,Serie A,2024-2025,0.0065764476938721,0.0085905191482442,False,-0.002014071454372099
Andrea Pinamonti,Sassuolo,Genoa,Serie A,Serie A,2024-2025,0.6400192849794717,0.6438141049564976,False,-0.0037948199770259095
André Ferreira,Granada,Valladolid,La Liga,La Liga,2024-2025,-1.5071340365197372,0.0142300815461879,False,-1.5213641180659252
André Gomes,Everton,Lille,Premier League,Ligue 1,2024-2025,0.45628806424223,1.2109990599338882,True,-0.7547109956916582
André Onana,Inter,Manchester Utd,Serie A,Premier League,2023-2024,0.3600655595530995,-0.3521664454287254,True,0.7122320049818249
André Silva,RB Leipzig,Real Sociedad,Bundesliga,La Liga,2023-2024,0.2625866772907113,0.7746202312195525,True,-0.5120335539288412
Angeliño,Hoffenheim,Roma,Bundesliga,Serie A,2024-2025,1.1610037091454153,-0.2563232397356039,True,1.4173269488810192
Angelo Stiller,Hoffenheim,Stuttgart,Bundesliga,Bundesliga,2024-2025,0.8889984567433622,0.3904261903355266,False,0.4985722664078356
Ante Rebić,Milan,Lecce,Serie A,Serie A,2024-2025,-0.0165256687620871,1.0733117518585864,False,-1.0898374206206736
Anthony Elanga,Manchester Utd,Nottingham Forest,Premier League,Premier League,2023-2024,-2.109372432225909,-0.3224367868950892,False,-1.7869356453308196
Anton Stach,Mainz 05,Hoffenheim,Bundesliga,Bundesliga,2024-2025,0.3288697346681353,0.0130860221482986,False,0.31578371251983667
Antonio Blanco,Cádiz,Alavés,La Liga,La Liga,2023-2024,0.4747318377711504,-0.1482688395773763,False,0.6230006773485267
Aridane Hernández,Osasuna,Rayo Vallecano,La Liga,La Liga,2023-2024,-0.0869419624335527,-0.0752228380192949,False,-0.011719124414257806
Arijanet Muric,Burnley,Ipswich Town,Premier League,Premier League,2024-2025,1.0595876033192138,1.0045558105315724,False,0.055031792787641365
Armando Broja,Chelsea,Everton,Premier League,Premier League,2024-2025,-0.2838646675028862,0.0650110282419049,False,-0.3488756957447911
Artem Dovbyk,Girona,Roma,La Liga,Serie A,2024-2025,-0.1401151083901215,-0.2338784081382705,True,0.09376329974814898
Arthur Atta,Metz,Udinese,Ligue 1,Serie A,2024-2025,0.3671051991659162,-0.4292172010162005,True,0.7963224001821168
Arthur Melo,Fiorentina,Girona,Serie A,La Liga,2024-2025,0.3009035799551345,1.801940312524844,True,-1.5010367325697096
Arthur Theate,Rennes,Eintracht Frankfurt,Ligue 1,Bundesliga,2024-2025,1.6561374814894538,1.1014442878290431,True,0.5546931936604107
Asier Villalibre,Athletic Club,Alavés,La Liga,La Liga,2024-2025,-0.2460292669056514,0.243826344693776,False,-0.4898556115994274
Aurélio Buta,Eintracht Frankfurt,Reims,Bundesliga,Ligue 1,2024-2025,-1.195965202347267,-0.5106537860909519,True,-0.6853114162563152
Axel Disasi,Monaco,Chelsea,Ligue 1,Premier League,2023-2024,-1.221006916264093,-0.7299321524820037,True,-0.49107476378208936
Ayoze Pérez,Real Betis,Villarreal,La Liga,La Liga,2024-2025,-1.0005853411495576,-0.7996358122330633,False,-0.2009495289164942
Azor Matusiwa,Reims,Rennes,Ligue 1,Ligue 1,2024-2025,0.4579842938598819,-0.3164035543225907,False,0.7743878481824726
Aïssa Mandi,Villarreal,Lille,La Liga,Ligue 1,2024-2025,-0.2912639400431711,-0.251528672876427,True,-0.03973526716674408
Bamba Dieng,Lorient,Angers,Ligue 1,Ligue 1,2024-2025,0.070271047867692,0.6566469622065458,False,-0.5863759143388538
Bartol Franjić,Wolfsburg,Darmstadt 98,Bundesliga,Bundesliga,2023-2024,-0.2107625814946629,1.4128753200887143,False,-1.6236379015833773
Bartosz Bereszyński,Sampdoria,Empoli,Serie A,Serie A,2023-2024,-0.0027590391911118,-0.1186329270141399,False,0.1158738878230281
Ben Chilwell,Chelsea,Crystal Palace,Premier League,Premier League,2024-2025,0.2574734978556705,1.1757112482237009,False,-0.9182377503680303
Ben Johnson,West Ham United,Ipswich Town,Premier League,Premier League,2024-2025,-0.6272795861223646,0.6547960942740065,False,-1.282075680396371
Benjamin Pavard,Bayern Munich,Inter,Bundesliga,Serie A,2024-2025,-0.7699557965271886,0.282610923645473,True,-1.0525667201726616
Bertuğ Yıldırım,Rennes,Getafe,Ligue 1,La Liga,2024-2025,-0.4471287077707568,-0.2056320798529167,True,-0.2414966279178401
Beto,Udinese,Everton,Serie A,Premier League,2024-2025,-1.2631432686216275,-0.5822004054549215,True,-0.680942863166706
Bobby De Cordova-Reid,Fulham,Leicester City,Premier League,Premier League,2024-2025,-0.5661497762158447,-0.7614462756726432,False,0.1952964994567985
Borja Iglesias,Real Betis,Celta Vigo,La Liga,La Liga,2024-2025,-0.6749008536238392,-0.2744446431877971,False,-0.4004562104360421
Borna Sosa,Stuttgart,Torino,Bundesliga,Serie A,2024-2025,-0.1158790552255624,0.4468255272937629,True,-0.5627045825193253
Boubakary Soumaré,Leicester City,Sevilla,Premier League,La Liga,2023-2024,0.9829024078146826,0.9215601700848416,True,0.06134223772984104
Boubakary Soumaré,Sevilla,Leicester City,La Liga,Premier League,2024-2025,0.9215601700848416,0.3884306778660971,True,0.5331294922187445
Boulaye Dia,Salernitana,Lazio,Serie A,Serie A,2024-2025,0.908052683890519,-0.5164111981147865,False,1.4244638820053055
Bradley Barcola,Lyon,Paris Saint-Germain,Ligue 1,Ligue 1,2024-2025,-0.7422518037620858,0.6910074484108115,False,-1.4332592521728973
Bradley Locko,Reims,Brest,Ligue 1,Ligue 1,2023-2024,-1.4982896710333886,0.4437052175641796,False,-1.9419948885975682
Brahim Díaz,Milan,Real Madrid,Serie A,La Liga,2023-2024,-0.2591185245943421,-0.5759307986553068,True,0.31681227406096474
Brajan Gruda,Mainz 05,Brighton,Bundesliga,Premier League,2024-2025,-1.0384279542352155,0.887716100577979,True,-1.9261440548131945
Brenden Aaronson,Leeds United,Union Berlin,Premier League,Bundesliga,2023-2024,0.3249709735094814,1.4486516424343652,True,-1.1236806689248837
Brennan Johnson,Nottingham Forest,Tottenham Hotspur,Premier League,Premier League,2024-2025,-0.0401099594460436,-0.2329990142821039,False,0.1928890548360603
Bryan Gil,Tottenham Hotspur,Girona,Premier League,La Liga,2024-2025,-0.1702630940373559,1.1137261506850642,True,-1.2839892447224202
Caleb Okoli,Atalanta,Leicester City,Serie A,Premier League,2024-2025,0.6182462566213207,-0.1999991010760808,True,0.8182453576974015
Carles Pérez,Celta Vigo,Getafe,La Liga,La Liga,2024-2025,0.8672453160565468,0.9608804658357376,False,-0.09363514977919085
Carlos Augusto,Monza,Inter,Serie A,Serie A,2023-2024,-0.0119896834524322,-0.1152414472395069,False,0.1032517637870747
Carlos Baleba,Lille,Brighton,Ligue 1,Premier League,2024-2025,-0.8764378373228876,-0.6325788909708407,True,-0.24385894635204686
Carney Chukwuemeka,Chelsea,Dortmund,Premier League,Bundesliga,2024-2025,0.793727732737949,1.3104244462524868,True,-0.5166967135145377
Castello Lukeba,Lyon,RB Leipzig,Ligue 1,Bundesliga,2023-2024,-1.6968191432457207,0.4411622127366215,True,-2.137981355982342
Catena,Rayo Vallecano,Osasuna,La Liga,La Liga,2023-2024,-0.3438926139269238,0.2776292675645422,False,-0.621521881491466
Chadi Riad,Real Betis,Crystal Palace,La Liga,Premier League,2024-2025,-1.1153835081459338,0.2804223314319145,True,-1.3958058395778483
Charles De Ketelaere,Milan,Atalanta,Serie A,Serie A,2023-2024,0.6504235098858011,0.5664683865202349,False,0.08395512336556621
Charlie Taylor,Burnley,Southampton,Premier League,Premier League,2024-2025,0.0220919344951653,-0.1759759197030224,False,0.1980678541981877
Che Adams,Southampton,Torino,Premier League,Serie A,2024-2025,-0.2469712336986962,-0.2078607928008402,True,-0.03911044089785601
Chidera Ejuke,Hertha BSC,Sevilla,Bundesliga,La Liga,2024-2025,0.669643637087928,-0.3560683838495304,True,1.0257120209374584
Chiedozie Ogbene,Luton Town,Ipswich Town,Premier League,Premier League,2024-2025,-0.3519460495965578,0.5733551906741123,False,-0.9253012402706702
Christian Gytkjær,Monza,Venezia,Serie A,Serie A,2024-2025,-0.9439263503539176,0.22747726291424,False,-1.1714036132681576
Christian Mawissa,Toulouse,Monaco,Ligue 1,Ligue 1,2024-2025,0.4085189572361454,-0.3497396223917146,False,0.75825857962786
Christian Pulisic,Chelsea,Milan,Premier League,Serie A,2023-2024,0.4052296121339633,0.1231593225887657,True,0.2820702895451976
Christoph Baumgartner,Hoffenheim,RB Leipzig,Bundesliga,Bundesliga,2023-2024,-0.912292223122142,-0.2071119584668785,False,-0.7051802646552635
Christopher Nkunku,RB Leipzig,Chelsea,Bundesliga,Premier League,2023-2024,0.9418598744964476,0.14449370903165,True,0.7973661654647977
Clément Lenglet,Tottenham Hotspur,Aston Villa,Premier League,Premier League,2023-2024,0.3312094747576264,-0.4795495527875477,False,0.8107590275451741
Clément Lenglet,Aston Villa,Atlético Madrid,Premier League,La Liga,2024-2025,-0.4795495527875477,-0.7828552148674959,True,0.3033056620799482
Cole Palmer,Manchester City,Chelsea,Premier League,Premier League,2024-2025,-0.8194576167169298,-0.3107451875230804,False,-0.5087124291938494
Conor Gallagher,Chelsea,Atlético Madrid,Premier League,La Liga,2024-2025,-1.0819110779221752,1.0784971252100046,True,-2.16040820313218
Cristian Volpato,Roma,Sassuolo,Serie A,Serie A,2023-2024,-0.5353417373092952,1.4556652435396131,False,-1.9910069808489084
Crysencio Summerville,Leeds United,West Ham United,Premier League,Premier League,2024-2025,-0.4520191986868624,-0.2541652868771233,False,-0.1978539118097391
Cyril Ngonge,Hellas Verona,Napoli,Serie A,Serie A,2024-2025,0.5560759931453276,-0.3103482887521416,False,0.8664242818974692
César Azpilicueta,Chelsea,Atlético Madrid,Premier League,La Liga,2023-2024,-0.033429885126214,0.7437189033880891,True,-0.7771487885143031
Daichi Kamada,Eintracht Frankfurt,Lazio,Bundesliga,Serie A,2023-2024,0.2887352392151818,0.3463523875452754,True,-0.057617148330093626
Daichi Kamada,Lazio,Crystal Palace,Serie A,Premier League,2024-2025,0.3463523875452754,0.4827717400676761,True,-0.13641935252240067
Daley Sinkgraven,Leverkusen,Las Palmas,Bundesliga,La Liga,2024-2025,-0.6178769982350989,1.115154875758391,True,-1.7330318739934898
Dani Olmo,RB Leipzig,Barcelona,Bundesliga,La Liga,2024-2025,0.7720282246118675,-0.2694830576993183,True,1.0415112823111858
Danilo D'Ambrosio,Inter,Monza,Serie A,Serie A,2023-2024,-0.0057918083124857,0.1712752587399766,False,-0.1770670670524623
Dara O'Shea,Burnley,Ipswich Town,Premier League,Premier League,2024-2025,-9.558624244476732e-05,0.4204602847718135,False,-0.4205558710142583
Darko Brašanac,Osasuna,Leganés,La Liga,La Liga,2024-2025,0.0537381359905211,-0.103236430950421,False,0.15697456694094208
Darwin Machís,Cádiz,Valladolid,La Liga,La Liga,2024-2025,0.4396381957435373,0.3149999805079151,False,0.12463821523562219
David López,Girona,Mallorca,La Liga,La Liga,2024-2025,1.196626564588101,2.553191837341963,False,-1.356565272753862
David López,Mallorca,Girona,La Liga,La Liga,2024-2025,2.553191837341963,1.1284152825895577,False,1.4247765547524052
David Raya,Brentford,Arsenal,Premier League,Premier League,2023-2024,-0.0326430369111196,-0.5449296664493417,False,0.5122866295382221
David de Gea,Manchester Utd,Fiorentina,Premier League,Serie A,2024-2025,0.5039223181731813,-0.2730479090544229,True,0.7769702272276042
Davide Faraoni,Hellas Verona,Fiorentina,Serie A,Serie A,2023-2024,0.0061778030808685,-0.9060633680832186,False,0.9122411711640871
Davide Faraoni,Fiorentina,Hellas Verona,Serie A,Serie A,2023-2024,-0.9060633680832186,-0.0092251661813662,False,-0.8968382019018525
Davide Frattesi,Sassuolo,Inter,Serie A,Serie A,2023-2024,0.5768090096468619,0.3571844724788136,False,0.2196245371680483
Dean Henderson,Nottingham Forest,Crystal Palace,Premier League,Premier League,2024-2025,1.571667510551439,0.5241074828819272,False,1.0475600276695118
Declan Rice,West Ham United,Arsenal,Premier League,Premier League,2023-2024,0.2394431850643386,0.6435674821111093,False,-0.40412429704677066
Denis Suárez,Espanyol,Villarreal,La Liga,La Liga,2023-2024,1.84150750665815,0.4592750938588406,False,1.3822324127993095
Deniz Undav,Brighton,Stuttgart,Premier League,Bundesliga,2023-2024,-0.900562183827665,-0.5873165901407358,True,-0.31324559368692917
Dennis Appiah,Nantes,Saint-Étienne,Ligue 1,Ligue 1,2024-2025,0.0716319490983288,-0.2357282063600081,False,0.3073601554583369
Destiny Udogie,Udinese,Tottenham Hotspur,Serie A,Premier League,2023-2024,-0.0247017994696872,0.6733374630309985,True,-0.6980392625006857
Diego Llorente,Roma,Real Betis,Serie A,La Liga,2024-2025,-0.2257701988855647,0.3289872788652097,True,-0.5547574777507744
Diego López,Valencia,Rayo Vallecano,La Liga,La Liga,2022-2023,-0.3867439404332238,0.5917958825230638,False,-0.9785398229562876
Diego López,Rayo Vallecano,Valencia,La Liga,La Liga,2023-2024,0.5917958825230638,-0.3233888037459635,False,0.9151846862690274
Diego Rico,Real Sociedad,Getafe,La Liga,La Liga,2024-2025,-0.308927097017639,0.1185858027241213,False,-0.42751289974176027
Dion Lopy,Reims,Almería,Ligue 1,La Liga,2023-2024,-0.665158558921016,0.3952779269642352,True,-1.0604364858852513
Divock Origi,Milan,Nottingham Forest,Serie A,Premier League,2023-2024,0.1954369402429669,0.7229284728935674,True,-0.5274915326506006
Djed Spence,Genoa,Tottenham Hotspur,Serie A,Premier League,2024-2025,0.9162150773078892,-0.2981598819258853,True,1.2143749592337745
Djibril Sow,Eintracht Frankfurt,Sevilla,Bundesliga,La Liga,2023-2024,0.3007004887764477,0.6161667364254537,True,-0.315466247649006
Dodi Lukebakio,Hertha BSC,Sevilla,Bundesliga,La Liga,2023-2024,0.6047536042360537,0.1591152567804581,True,0.4456383474555956
Domagoj Bradarić,Salernitana,Hellas Verona,Serie A,Serie A,2024-2025,0.5055817520940948,0.6209449343217095,False,-0.11536318222761466
Domen Črnigoj,Salernitana,Venezia,Serie A,Serie A,2024-2025,-0.3205233512591672,-0.4075978734900989,False,0.0870745222309317
Dominic Solanke,Bournemouth,Tottenham Hotspur,Premier League,Premier League,2024-2025,0.2100664021002209,-0.376788908843757,False,0.5868553109439779
Dominik Szoboszlai,RB Leipzig,Liverpool,Bundesliga,Premier League,2023-2024,0.5392143947001493,0.6096084199796845,True,-0.0703940252795352
Dominique Heintz,Bochum,Köln,Bundesliga,Bundesliga,2023-2024,0.5204743207238387,0.345305569954581,False,0.1751687507692577
Donny van de Beek,Manchester Utd,Girona,Premier League,La Liga,2024-2025,0.4872622249506175,1.0619875092127558,True,-0.5747252842621382
Douglas Luiz,Aston Villa,Juventus,Premier League,Serie A,2024-2025,-0.3181979346133907,0.9460762558144804,True,-1.2642741904278711
Duván Zapata,Atalanta,Torino,Serie A,Serie A,2024-2025,0.0829921817916936,0.6662753047394823,False,-0.5832831229477886
Désiré Doué,Rennes,Paris Saint-Germain,Ligue 1,Ligue 1,2024-2025,0.0889996478137025,-0.1790512875586678,False,0.2680509353723703
Edimilson Fernandes,Mainz 05,Brest,Bundesliga,Ligue 1,2024-2025,0.4072073060648034,1.0285062168131134,True,-0.62129891074831
Edoardo Goldaniga,Cagliari,Como,Serie A,Serie A,2024-2025,0.0622352906073011,-0.3733407615830924,False,0.43557605219039347
El Chadaille Bitshiabu,Paris Saint-Germain,RB Leipzig,Ligue 1,Bundesliga,2024-2025,-0.7720935765178414,0.1891360923983409,True,-0.9612296689161823
Eldor Shomurodov,Cagliari,Roma,Serie A,Serie A,2024-2025,0.4107110662470177,-0.9634542381795814,False,1.3741653044265991
Elliot Anderson,Newcastle United,Nottingham Forest,Premier League,Premier League,2024-2025,0.0751940677505178,0.2325053434162622,False,-0.15731127566574438
Ellyes Skhiri,Köln,Eintracht Frankfurt,Bundesliga,Bundesliga,2023-2024,0.6909177116409833,0.2802416833828758,False,0.41067602825810745
Emanuele Valeri,Cremonese,Parma,Serie A,Serie A,2024-2025,-0.9991170651206324,-0.3068138882527123,False,-0.6923031768679201
Emerson,Tottenham Hotspur,Milan,Premier League,Serie A,2024-2025,-0.4227128493774685,0.4420170488452495,True,-0.8647298982227181
Emil Audero,Sampdoria,Inter,Serie A,Serie A,2023-2024,1.0273295747563758,0.0081952919829699,False,1.0191342827734058
Emil Audero,Inter,Como,Serie A,Serie A,2024-2025,0.0081952919829699,0.7567676926529643,False,-0.7485724006699944
Emil Bohinen,Salernitana,Genoa,Serie A,Serie A,2024-2025,0.7924735450057412,0.1571603474846501,False,0.635313197521091
Emil Holm,Spezia,Atalanta,Serie A,Serie A,2023-2024,-0.5421798750904241,-1.4067973322051426,False,0.8646174571147185
Emil Holm,Atalanta,Bologna,Serie A,Serie A,2024-2025,-1.4067973322051426,0.2281619740610612,False,-1.6349593062662038
Emile Smith Rowe,Arsenal,Fulham,Premier League,Premier League,2024-2025,-0.7244418759618299,0.4493087251195291,False,-1.173750601081359
Emmanuel Gyasi,Spezia,Empoli,Serie A,Serie A,2023-2024,0.0053555672943517,-0.1471473221977017,False,0.1525028894920534
Enes Ünal,Getafe,Bournemouth,La Liga,Premier League,2024-2025,-1.057487498116748,-0.9686314372146718,True,-0.0888560609020761
Enzo Barrenechea,Frosinone,Valencia,Serie A,La Liga,2024-2025,-0.7986726460112905,-0.3274979361341579,True,-0.4711747098771326
Enzo Le Fée,Lorient,Rennes,Ligue 1,Ligue 1,2023-2024,-1.4942384630296086,0.7877257531892692,False,-2.281964216218878
Enzo Le Fée,Rennes,Roma,Ligue 1,Serie A,2024-2025,0.7877257531892692,0.63738503691315,True,0.15034071627611922
Eray Cömert,Valencia,Nantes,La Liga,Ligue 1,2023-2024,-0.1319776772675371,0.4584847868986763,True,-0.5904624641662134
Eray Cömert,Nantes,Valladolid,Ligue 1,La Liga,2024-2025,0.4584847868986763,0.4375252845442965,True,0.020959502354379766
Eren Dinkçi,Werder Bremen,Heidenheim,Bundesliga,Bundesliga,2023-2024,-0.0190648699452129,0.0074857783092472,False,-0.0265506482544601
Eren Dinkçi,Heidenheim,Freiburg,Bundesliga,Bundesliga,2024-2025,0.0074857783092472,0.8362825842218484,False,-0.8287968059126012
Eric Bailly,Marseille,Villarreal,Ligue 1,La Liga,2024-2025,1.1538733915407828,0.343195953436286,True,0.8106774381044968
Eric Dier,Tottenham Hotspur,Bayern Munich,Premier League,Bundesliga,2024-2025,-0.428969035842389,-0.9503705955685752,True,0.5214015597261862
Ermedin Demirović,Augsburg,Stuttgart,Bundesliga,Bundesliga,2024-2025,-0.1269879310919446,0.223290801111986,False,-0.3502787322039306
Evann Guessand,Nantes,Nice,Ligue 1,Ligue 1,2023-2024,-0.3040937015200757,-1.1040903140904952,False,0.7999966125704194
Ezequiel Ávila,Osasuna,Real Betis,La Liga,La Liga,2024-2025,0.2190063644771687,-0.2178810226428389,False,0.43688738712000763
Fabian Rieder,Rennes,Stuttgart,Ligue 1,Bundesliga,2024-2025,0.6309401182294785,0.6953714177202599,True,-0.06443129949078141
Fabiano Parisi,Empoli,Fiorentina,Serie A,Serie A,2023-2024,-0.5770310306604216,0.911490193937535,False,-1.4885212245979567
Fabien Centonze,Hellas Verona,Nantes,Serie A,Ligue 1,2024-2025,0.2508959155514461,0.2121573440283874,True,0.03873857152305868
Fabio Carvalho,Liverpool,RB Leipzig,Premier League,Bundesliga,2023-2024,0.4602274232461791,0.5117249920676006,True,-0.05149756882142148
Fabio Carvalho,RB Leipzig,Brentford,Bundesliga,Premier League,2024-2025,0.5117249920676006,1.41041570998755,True,-0.8986907179199495
Fabio Depaoli,Sampdoria,Hellas Verona,Serie A,Serie A,2022-2023,0.1361655096590279,0.0034616717293651,False,0.1327038379296628
Fabio Miretti,Juventus,Genoa,Serie A,Serie A,2024-2025,0.5054612741509956,1.173670025718904,False,-0.6682087515679085
Facundo Buonanotte,Brighton,Leicester City,Premier League,Premier League,2024-2025,0.2002118715268306,0.2862491280004153,False,-0.0860372564735847
Faitout Maouassa,Montpellier,Granada,Ligue 1,La Liga,2023-2024,-0.4270630352908053,-0.1399731372658532,True,-0.2870898980249521
Fares Chaïbi,Toulouse,Eintracht Frankfurt,Ligue 1,Bundesliga,2024-2025,-0.2646020015329604,0.0185860859905773,True,-0.2831880875235377
Faride Alidou,Eintracht Frankfurt,Köln,Bundesliga,Bundesliga,2023-2024,-0.3463482208681476,0.0424103276550216,False,-0.3887585485231692
Federico Bonazzoli,Salernitana,Hellas Verona,Serie A,Serie A,2023-2024,0.5045633743370121,0.971929984471112,False,-0.46736661013409986
Federico Chiesa,Juventus,Liverpool,Serie A,Premier League,2024-2025,0.222218858156177,0.4706819983529691,True,-0.24846314019679208
Felix Nmecha,Wolfsburg,Dortmund,Bundesliga,Bundesliga,2023-2024,-2.387548027487496,0.7915599429320714,False,-3.1791079704195675
Fernando,Sevilla,Almería,La Liga,La Liga,2022-2023,0.1000625551213172,1.1417420155693616,False,-1.0416794604480444
Fernando,Almería,Sevilla,La Liga,La Liga,2023-2024,1.1417420155693616,0.2350230058430273,False,0.9067190097263343
Fernando,Sevilla,Almería,La Liga,La Liga,2023-2024,0.2350230058430273,1.9172813255065613,False,-1.682258319663534
Filip Jørgensen,Villarreal,Chelsea,La Liga,Premier League,2024-2025,-0.5429316275392644,0.266981375143315,True,-0.8099130026825794
Filippo Ranocchia,Monza,Empoli,Serie A,Serie A,2023-2024,0.217181904532465,0.0479247748325963,False,0.1692571296998687
Filippo Terracciano,Hellas Verona,Milan,Serie A,Serie A,2024-2025,-0.5795614608845412,-0.0089979131830677,False,-0.5705635477014734
Finn Dahmen,Mainz 05,Augsburg,Bundesliga,Bundesliga,2023-2024,-1.349934085918079,0.0945933956637041,False,-1.4445274815817832
Flavius Daniliuc,Salernitana,Hellas Verona,Serie A,Serie A,2024-2025,-0.2689625595139109,0.2169215992581996,False,-0.4858841587721105
Florian Müller,Stuttgart,Freiburg,Bundesliga,Bundesliga,2024-2025,-0.1444598440083258,0.0023714206370897,False,-0.1468312646454155
Florian Tardieu,Troyes,Saint-Étienne,Ligue 1,Ligue 1,2024-2025,0.5326017045217686,-0.2065773747518449,False,0.7391790792736135
Flynn Downes,West Ham United,Southampton,Premier League,Premier League,2024-2025,-0.2916688394201401,-0.3755297654504819,False,0.08386092603034179
Folarin Balogun,Reims,Monaco,Ligue 1,Ligue 1,2023-2024,0.7113585827173825,0.6804814254317506,False,0.030877157285631895
Fran Garcia,Rayo Vallecano,Real Madrid,La Liga,La Liga,2023-2024,-0.2879514370466509,-0.2058205811400437,False,-0.08213085590660718
Franck Honorat,Brest,Gladbach,Ligue 1,Bundesliga,2023-2024,-0.0248613193075062,-0.680392010683148,True,0.6555306913756418
Frederic Guilbert,Strasbourg,Lecce,Ligue 1,Serie A,2024-2025,-0.0115626219389817,-0.0364141787396956,True,0.024851556800713902
Fábio Silva,Wolves,Las Palmas,Premier League,La Liga,2024-2025,1.582066298382692,1.5635881627195864,True,0.018478135663105633
Gabriel Osho,Luton Town,Auxerre,Premier League,Ligue 1,2024-2025,-0.3431578608581684,0.4581054265699489,True,-0.8012632874281174
Gabriel Strefezza,Lecce,Como,Serie A,Serie A,2024-2025,-0.0173118008103543,-0.896745804658643,False,0.8794340038482886
Gaetano Oristanio,Cagliari,Venezia,Serie A,Serie A,2024-2025,-0.8592077879783435,0.1951673555683513,False,-1.0543751435466948
Geoffrey Kondogbia,Atlético Madrid,Marseille,La Liga,Ligue 1,2023-2024,0.6194460301684348,0.4751331369179219,True,0.14431289325051289
Georges Mikautadze,Metz,Lyon,Ligue 1,Ligue 1,2024-2025,0.7144722295828174,0.052031115159405,False,0.6624411144234125
Gerard Gumbau,Elche,Granada,La Liga,La Liga,2023-2024,-0.9249561688440604,-0.4375896794403004,False,-0.48736648940376
Gerard Gumbau,Granada,Rayo Vallecano,La Liga,La Liga,2024-2025,-0.4375896794403004,0.0033696708892598,False,-0.44095935032956024
Gerónimo Rulli,Villarreal,Marseille,La Liga,Ligue 1,2024-2025,1.2336150746023122,-0.2939929484693309,True,1.5276080230716431
Gianluca Scamacca,West Ham United,Atalanta,Premier League,Serie A,2023-2024,0.6809499634284712,0.6400882117821318,True,0.04086175164633943
Giovani Lo Celso,Villarreal,Tottenham Hotspur,La Liga,Premier League,2023-2024,0.8023953007011819,-0.497389683992127,True,1.299784984693309
Giovani Lo Celso,Tottenham Hotspur,Real Betis,Premier League,La Liga,2024-2025,-0.497389683992127,0.2569227135286809,True,-0.7543123975208079
Giuliano Simeone,Alavés,Atlético Madrid,La Liga,La Liga,2024-2025,0.5981997639015404,-1.4495382373671664,False,2.0477380012687068
Giuseppe Pezzella,Lecce,Empoli,Serie A,Serie A,2023-2024,0.1447132357396103,0.4134673641863742,False,-0.2687541284467639
Granit Xhaka,Arsenal,Leverkusen,Premier League,Bundesliga,2023-2024,-0.4314936700795808,-0.1746549909604873,True,-0.25683867911909347
Grigoris Kastanos,Salernitana,Hellas Verona,Serie A,Serie A,2024-2025,-1.6404905348236465,-1.4346446380505782,False,-0.2058458967730683
Guela Doué,Rennes,Strasbourg,Ligue 1,Ligue 1,2024-2025,-0.7461400771641546,0.672562683479601,False,-1.4187027606437557
Guglielmo Vicario,Empoli,Tottenham Hotspur,Serie A,Premier League,2023-2024,0.3731762025224832,-0.3470982130638731,True,0.7202744155863563
Guido Rodríguez,Real Betis,West Ham United,La Liga,Premier League,2024-2025,-0.3936109623801798,-0.0503103150880637,True,-0.34330064729211607
Hamari Traoré,Rennes,Real Sociedad,Ligue 1,La Liga,2023-2024,0.5473742843889866,0.0702961316404984,True,0.4770781527484882
Hans Hateboer,Atalanta,Rennes,Serie A,Ligue 1,2024-2025,-0.2453439796128371,0.1485749725717777,True,-0.3939189521846148
Hans Nicolussi Caviglia,Salernitana,Juventus,Serie A,Serie A,2023-2024,0.0825054363176391,-1.903937513207376,False,1.986442949525015
Hans Nicolussi Caviglia,Juventus,Venezia,Serie A,Serie A,2024-2025,-1.903937513207376,-0.981008420189042,False,-0.9229290930183339
Haris Belkebla,Brest,Angers,Ligue 1,Ligue 1,2024-2025,-0.3174565909893516,0.1662663939941016,False,-0.4837229849834532
Harry Kane,Tottenham Hotspur,Bayern Munich,Premier League,Bundesliga,2023-2024,-0.1483734819481199,0.4710918569858471,True,-0.619465338933967
Harry Winks,Sampdoria,Leicester City,Serie A,Premier League,2024-2025,0.5523770528093745,0.2374474583255565,True,0.3149295944838181
Harvey Barnes,Leicester City,Newcastle United,Premier League,Premier League,2023-2024,-0.4651450394823229,0.1049676314544516,False,-0.5701126709367745
Hiroki Ito,Stuttgart,Bayern Munich,Bundesliga,Bundesliga,2024-2025,0.9432144942880748,-0.4955619919457081,False,1.4387764862337828
Houssem Aouar,Lyon,Roma,Ligue 1,Serie A,2023-2024,0.7023893061431039,0.2532881810036613,True,0.4491011251394426
Hugo Ekitike,Paris Saint-Germain,Eintracht Frankfurt,Ligue 1,Bundesliga,2024-2025,0.9783531454731555,0.4153506693191264,True,0.5630024761540291
Hugo Novoa,RB Leipzig,Alavés,Bundesliga,La Liga,2024-2025,-1.2132756399218536,0.537668121604332,True,-1.7509437615261856
Héctor Bellerín,Barcelona,Real Betis,La Liga,La Liga,2023-2024,-0.9412938847105092,0.61770291696374,False,-1.5589968016742493
Ian Maatsen,Dortmund,Aston Villa,Bundesliga,Premier League,2024-2025,-0.2899146822384928,0.8198945328697196,True,-1.1098092151082124
Ibrahim Salah,Rennes,Brest,Ligue 1,Ligue 1,2024-2025,0.213879308913242,1.0681669447954167,False,-0.8542876358821747
Ibrahim Sulemana,Hellas Verona,Cagliari,Serie A,Serie A,2023-2024,-0.901534175795085,0.4226667775233022,False,-1.3242009533183872
Ibrahim Sulemana,Cagliari,Atalanta,Serie A,Serie A,2024-2025,0.4226667775233022,0.2942403923048289,False,0.12842638521847327
Ibrahima Sissoko,Strasbourg,Bochum,Ligue 1,Bundesliga,2024-2025,-0.915041481244632,0.6970723490562172,True,-1.6121138303008493
Iddrisu Baba,Mallorca,Almería,La Liga,La Liga,2023-2024,0.274816903986526,0.1651076816875605,False,0.10970922229896549
Igor,Fiorentina,Brighton,Serie A,Premier League,2023-2024,-0.653458940034815,0.13425910036689,True,-0.787718040401705
Ilaix Moriba,Valencia,Celta Vigo,La Liga,La Liga,2024-2025,1.2200181713045026,0.8422524421095119,False,0.37776572919499074
Iliman Ndiaye,Marseille,Everton,Ligue 1,Premier League,2024-2025,-0.1604087087080952,-0.3499074854594273,True,0.1894987767513321
Ionuț Radu,Bournemouth,Venezia,Premier League,Serie A,2024-2025,0.7085282636034922,1.2910952091945624,True,-0.5825669455910703
Isak Hien,Hellas Verona,Atalanta,Serie A,Serie A,2024-2025,0.3287817608204566,0.1211954621428166,False,0.20758629867764003
Isco,Sevilla,Real Betis,La Liga,La Liga,2023-2024,-0.1224869272451272,0.4846644866080467,False,-0.6071514138531738
Ismaila Sarr,Marseille,Crystal Palace,Ligue 1,Premier League,2024-2025,0.4932039040920557,-0.3026568380697298,True,0.7958607421617856
Issa Kaboré,Marseille,Luton Town,Ligue 1,Premier League,2023-2024,-0.3226922897183844,0.7543394882857015,True,-1.077031778004086
Iñigo Martínez,Athletic Club,Barcelona,La Liga,La Liga,2023-2024,1.77035872500384,-0.0141878115522118,False,1.7845465365560518
Iñigo Ruiz de Galarreta,Mallorca,Athletic Club,La Liga,La Liga,2023-2024,-0.2071203303879532,-1.0747757457149003,False,0.8676554153269471
Jack Harrison,Leeds United,Everton,Premier League,Premier League,2023-2024,0.3408307235699244,0.2157342262244732,False,0.1250964973454512
Jacob Bruun Larsen,Hoffenheim,Burnley,Bundesliga,Premier League,2023-2024,-0.7912497752732595,0.1435025480099394,True,-0.9347523232831989
Jadon Sancho,Manchester Utd,Chelsea,Premier League,Premier League,2024-2025,1.6754991242716066,-0.0094099349386738,False,1.6849090592102804
Jaime Báez,Cremonese,Frosinone,Serie A,Serie A,2023-2024,-0.930251265175448,-0.2716178372024629,False,-0.6586334279729851
Jaime Mata,Getafe,Las Palmas,La Liga,La Liga,2024-2025,0.2406850008395231,0.5662825193820318,False,-0.3255975185425087
Jake O'Brien,Lyon,Everton,Ligue 1,Premier League,2024-2025,-0.6779248663591595,-0.2387654136352601,True,-0.4391594527238994
Jakub Kiwior,Spezia,Arsenal,Serie A,Premier League,2023-2024,-1.1932869754940807,-0.1758812984956357,True,-1.017405676998445
James Maddison,Leicester City,Tottenham Hotspur,Premier League,Premier League,2023-2024,0.460674222789958,0.1886836429336931,False,0.2719905798562649
James Milner,Liverpool,Brighton,Premier League,Premier League,2023-2024,-0.4570944977205684,0.4419938662312628,False,-0.8990883639518312
James Ward-Prowse,Southampton,West Ham United,Premier League,Premier League,2023-2024,0.4901687440736655,0.1173344359961579,False,0.3728343080775076
Jamie Leweling,Union Berlin,Stuttgart,Bundesliga,Bundesliga,2023-2024,1.365762259588891,0.4080517723764494,False,0.9577104872124416
Javi Galán,Celta Vigo,Atlético Madrid,La Liga,La Liga,2024-2025,0.3399228908349965,-0.1820058971863094,False,0.5219287880213059
Javi Hernández,Girona,Cádiz,La Liga,La Liga,2023-2024,-1.028459667125686,-1.0954828602076834,False,0.06702319308199733
Javi Hernández,Cádiz,Leganés,La Liga,La Liga,2024-2025,-1.0954828602076834,0.2902417159297279,False,-1.3857245761374113
Javi López,Alavés,Real Sociedad,La Liga,La Liga,2024-2025,-0.4975292724645328,-0.2152224609441244,False,-0.28230681152040843
Jean-Clair Todibo,Nice,West Ham United,Ligue 1,Premier League,2024-2025,0.4674467860265761,-0.78671862873321,True,1.254165414759786
Jean-Daniel Akpa-Akpro,Empoli,Monza,Serie A,Serie A,2023-2024,-0.040012042080459,-0.4798776844222221,False,0.4398656423417631
Jean-Eudes Aholou,Strasbourg,Angers,Ligue 1,Ligue 1,2024-2025,-0.0905499989116904,0.2492635606041933,False,-0.3398135595158837
Jean-Kevin Duverne,Brest,Nantes,Ligue 1,Ligue 1,2023-2024,-0.851649101050846,-0.1356213900719236,False,-0.7160277109789224
Jean-Ricner Bellegarde,Strasbourg,Wolves,Ligue 1,Premier League,2024-2025,-0.9689975038220986,-0.4940229174036901,True,-0.4749745864184085
Jefferson Lerma,Bournemouth,Crystal Palace,Premier League,Premier League,2023-2024,0.0523954468835334,-0.067462447596915,False,0.1198578944804484
Jens Cajuste,Reims,Napoli,Ligue 1,Serie A,2023-2024,0.850315467581181,0.0326705881941897,True,0.8176448793869914
Jeong Woo-yeong,Freiburg,Stuttgart,Bundesliga,Bundesliga,2023-2024,0.3926825314574085,0.1275253687709057,False,0.2651571626865028
Jeong Woo-yeong,Stuttgart,Union Berlin,Bundesliga,Bundesliga,2024-2025,0.1275253687709057,-0.1792960289179301,False,0.30682139768883576
Jeremie Boga,Atalanta,Nice,Serie A,Ligue 1,2023-2024,0.7068835143719294,0.6277082759401313,True,0.07917523843179808
Jeremy Doku,Rennes,Manchester City,Ligue 1,Premier League,2024-2025,0.9172964292285464,-0.5592567241032533,True,1.4765531533317997
Jesús Vallejo,Granada,Real Madrid,La Liga,La Liga,2024-2025,1.1657060029326711,-1.7185164925358016,False,2.8842224954684728
Jim Allevinah,Clermont Foot,Angers,Ligue 1,Ligue 1,2024-2025,-1.1215596869687534,0.1762768684609117,False,-1.2978365554296651
Joakim Mæhle,Atalanta,Wolfsburg,Serie A,Bundesliga,2023-2024,-0.0966387973270634,0.0292778642476587,True,-0.1259166615747221
Joan Jordán,Sevilla,Alavés,La Liga,La Liga,2024-2025,0.376688120630078,1.2152090141717302,False,-0.8385208935416522
Johan Mojica,Elche,Osasuna,La Liga,La Liga,2023-2024,1.0443382599243645,0.3841289638121026,False,0.6602092961122619
Johan Mojica,Osasuna,Mallorca,La Liga,La Liga,2024-2025,0.1225852614011238,-0.0862885722183559,False,0.2088738336194797
Johan Vásquez,Cremonese,Genoa,Serie A,Serie A,2023-2024,0.4943251379415674,-0.3469717424196172,False,0.8412968803611847
Johann Lepenant,Lyon,Nantes,Ligue 1,Ligue 1,2024-2025,-0.177076631743704,0.3813991951848514,False,-0.5584758269285554
Jonas Hofmann,Gladbach,Leverkusen,Bundesliga,Bundesliga,2023-2024,-0.328926461566553,-0.2890601408257236,False,-0.03986632074082935
Jonas Martin,Lille,Brest,Ligue 1,Ligue 1,2023-2024,-0.187842490950489,0.0296270199990988,False,-0.2174695109495878
Jonathan Bamba,Lille,Celta Vigo,Ligue 1,La Liga,2023-2024,-0.1025050409186558,0.8294996969336701,True,-0.9320047378523258
Jonathan Clauss,Marseille,Nice,Ligue 1,Ligue 1,2024-2025,-0.2284132261959097,0.7174905618832472,False,-0.945903788079157
Jonny Evans,Leicester City,Manchester Utd,Premier League,Premier League,2023-2024,0.6983914508456586,-0.8083609423028335,False,1.506752393148492
Jordan Amavi,Getafe,Brest,La Liga,Ligue 1,2023-2024,0.4244801984815645,0.9207642660495026,True,-0.4962840675679381
Jordan Veretout,Marseille,Lyon,Ligue 1,Ligue 1,2024-2025,0.2824552416741959,-0.2135904220484779,False,0.4960456637226738
Jordan Zemura,Bournemouth,Udinese,Premier League,Serie A,2023-2024,-0.8695906332941394,0.0274794320390867,True,-0.8970700653332261
Jorge Cuenca,Villarreal,Fulham,La Liga,Premier League,2024-2025,-0.2248385567073985,-0.226448898899612,True,0.0016103421922135097
Joselu,Espanyol,Real Madrid,La Liga,La Liga,2023-2024,-0.0996643084020796,-1.2195046325400174,False,1.1198403241379378
Josep Martinez,Genoa,Inter,Serie A,Serie A,2024-2025,-0.5644166414107712,0.382199770164771,False,-0.9466164115755422
Joshua Zirkzee,Bologna,Manchester Utd,Serie A,Premier League,2024-2025,-0.1503746981290792,-0.1185652212917069,True,-0.0318094768373723
Josip Stanišić,Bayern Munich,Leverkusen,Bundesliga,Bundesliga,2023-2024,-0.7882091065876136,0.0607384019107843,False,-0.8489475084983978
Josip Stanišić,Leverkusen,Bayern Munich,Bundesliga,Bundesliga,2024-2025,0.1267589192761136,-0.0229041500543161,False,0.1496630693304297
José Luis Palomino,Atalanta,Cagliari,Serie A,Serie A,2024-2025,-0.0831365405023412,0.0419008837259085,False,-0.1250374242282497
João Cancelo,Bayern Munich,Barcelona,Bundesliga,La Liga,2023-2024,0.2085431075841306,0.1645657029492397,True,0.043977404634890915
João Palhinha,Fulham,Bayern Munich,Premier League,Bundesliga,2024-2025,0.3385952604478994,-0.2466372092609852,True,0.5852324697088847
Joško Gvardiol,RB Leipzig,Manchester City,Bundesliga,Premier League,2023-2024,-0.5181682301547088,0.927060847325004,True,-1.4452290774797127
Juan Bernat,Paris Saint-Germain,Villarreal,Ligue 1,La Liga,2024-2025,0.0045652123455646,0.8223936288843223,True,-0.8178284165387577
Juan Bernat,Villarreal,Getafe,La Liga,La Liga,2024-2025,0.8223936288843223,1.312727835655476,False,-0.4903342067711536
Juan Cruz,Hellas Verona,Leganés,Serie A,La Liga,2024-2025,0.0586256359466776,0.0198483692736068,True,0.0387772666730708
Juan Cuadrado,Juventus,Inter,Serie A,Serie A,2023-2024,0.569664847009193,0.2625986714612232,False,0.3070661755479698
Juan Cuadrado,Inter,Atalanta,Serie A,Serie A,2024-2025,-0.0834321876991559,0.2393267372535472,False,-0.3227589249527031
Juan David Cabal,Hellas Verona,Juventus,Serie A,Serie A,2024-2025,0.0057510966188782,-0.0140531811832307,False,0.0198042778021089
Juan Miranda,Real Betis,Bologna,La Liga,Serie A,2024-2025,0.2871192757444039,0.7850669371991561,True,-0.4979476614547522
Juanmi Latasa,Getafe,Valladolid,La Liga,La Liga,2024-2025,-0.2619412946292634,0.6621529210060899,False,-0.9240942156353533
Jude Bellingham,Dortmund,Real Madrid,Bundesliga,La Liga,2023-2024,-0.1413722182900745,0.8654727827745585,True,-1.006845001064633
Julian Araujo,Las Palmas,Bournemouth,La Liga,Premier League,2024-2025,0.7763138769705975,0.1198674570495548,True,0.6564464199210427
Julian Chabot,Köln,Stuttgart,Bundesliga,Bundesliga,2024-2025,0.0211874007874541,-0.1545425668597246,False,0.1757299676471787
Julian Ryerson,Dortmund,Union Berlin,Bundesliga,Bundesliga,2022-2023,-1.4748700041550986,-0.2542598384103467,False,-1.220610165744752
Julian Ryerson,Union Berlin,Dortmund,Bundesliga,Bundesliga,2023-2024,-0.2542598384103467,-0.4564796588088207,False,0.20221982039847397
Julián Álvarez,Manchester City,Atlético Madrid,Premier League,La Liga,2024-2025,-0.2693341780385339,0.4574376972480358,True,-0.7267718752865697
Junior Messias,Milan,Genoa,Serie A,Serie A,2023-2024,-1.0176756997976852,0.8089212737081155,False,-1.8265969735058007
Junior Sambia,Salernitana,Empoli,Serie A,Serie A,2024-2025,0.7188974428109987,0.7390592075193183,False,-0.02016176470831965
Justin Kluivert,Valencia,Bournemouth,La Liga,Premier League,2023-2024,0.8429885835653224,0.7582588416098854,True,0.08472974195543692
Jørgen Strand Larsen,Celta Vigo,Wolves,La Liga,Premier League,2024-2025,-1.131380009188275,-0.6300521099747449,True,-0.5013278992135302
Kai Havertz,Chelsea,Arsenal,Premier League,Premier League,2023-2024,0.3935629631700408,0.718395294725477,False,-0.3248323315554362
Kamory Doumbia,Reims,Brest,Ligue 1,Ligue 1,2024-2025,-1.4134400222603745,0.6944083149349467,False,-2.107848337195321
Kelechi Iheanacho,Leicester City,Sevilla,Premier League,La Liga,2024-2025,0.0861682536970604,0.3756892070642283,True,-0.28952095336716793
Kelvin Amian,Spezia,Nantes,Serie A,Ligue 1,2024-2025,0.0456459293646194,0.0345262982959972,True,0.011119631068622196
Kepa Arrizabalaga,Chelsea,Real Madrid,Premier League,La Liga,2023-2024,0.3552939830386581,1.2134055764831544,True,-0.8581115934444963
Kepa Arrizabalaga,Real Madrid,Bournemouth,La Liga,Premier League,2024-2025,1.2134055764831544,0.6026484183998893,True,0.6107571580832651
Kevin Behrens,Union Berlin,Wolfsburg,Bundesliga,Bundesliga,2024-2025,-1.3417533304256324,-0.6707145315849967,False,-0.6710387988406357
Kevin Stöger,Bochum,Gladbach,Bundesliga,Bundesliga,2024-2025,-0.5024780295561708,-0.8167237788123689,False,0.3142457492561981
Kevin Vogt,Hoffenheim,Union Berlin,Bundesliga,Bundesliga,2024-2025,-0.2149158118217418,-0.2346808850537982,False,0.019765073232056396
Khéphren Thuram,Nice,Juventus,Ligue 1,Serie A,2024-2025,0.3377043655609775,0.1695565777773211,True,0.16814778778365638
Kieran Tierney,Arsenal,Real Sociedad,Premier League,La Liga,2023-2024,0.3194373588219381,1.5826616992266231,True,-1.263224340404685
Kieran Tierney,Real Sociedad,Arsenal,La Liga,Premier League,2024-2025,1.5826616992266231,0.0443473472336908,True,1.5383143519929323
Kiernan Dewsbury-Hall,Leicester City,Chelsea,Premier League,Premier League,2024-2025,-0.5914351907317759,-0.4831862416539696,False,-0.10824894907780624
Kike Pérez,Valladolid,Rayo Vallecano,La Liga,La Liga,2023-2024,-0.4865565896790897,-0.1957450827934774,False,-0.2908115068856123
Kiké,Osasuna,Alavés,La Liga,La Liga,2023-2024,-0.5425334153456483,-0.0514514323118451,False,-0.4910819830338031
Kim Min-jae,Napoli,Bayern Munich,Serie A,Bundesliga,2023-2024,0.587239666885246,0.1431287642665601,True,0.4441109026186859
Koni De Winter,Empoli,Genoa,Serie A,Serie A,2023-2024,-0.4732973000433365,0.4568571132305745,False,-0.930154413273911
Konrad Laimer,RB Leipzig,Bayern Munich,Bundesliga,Bundesliga,2023-2024,-0.2311242818918319,-0.0569324333072174,False,-0.1741918485846145
Konstantinos Mavropanos,Stuttgart,West Ham United,Bundesliga,Premier League,2023-2024,-0.2530981262410652,0.092977053973648,True,-0.3460751802147132
Kristijan Jakić,Eintracht Frankfurt,Augsburg,Bundesliga,Bundesliga,2024-2025,-1.300631146445344,0.5501681751812431,False,-1.850799321626587
Kylian Mbappé,Paris Saint-Germain,Real Madrid,Ligue 1,La Liga,2024-2025,2.1647594339305414,0.8505740304780645,True,1.314185403452477
Lamine Camara,Metz,Monaco,Ligue 1,Ligue 1,2024-2025,-0.4180972356640087,0.0799550778949083,False,-0.498052313558917
Lassana Coulibaly,Salernitana,Lecce,Serie A,Serie A,2024-2025,-0.7548069119419925,-0.0536773904162739,False,-0.7011295215257185
Lazar Samardzic,Udinese,Atalanta,Serie A,Serie A,2024-2025,0.0231856276806734,0.6702777341472199,False,-0.6470921064665465
Lee Kang-in,Mallorca,Paris Saint-Germain,La Liga,Ligue 1,2023-2024,-0.4339792258453485,0.4083607568373129,True,-0.8423399826826614
Leny Yoro,Lille,Manchester Utd,Ligue 1,Premier League,2024-2025,0.3497506623569357,1.227312039379294,True,-0.8775613770223583
Leonardo Bonucci,Juventus,Union Berlin,Serie A,Bundesliga,2023-2024,1.083008316469666,1.327163036592539,True,-0.2441547201228731
Leonardo Spinazzola,Roma,Napoli,Serie A,Serie A,2024-2025,0.2903539906869756,-0.0907798110566648,False,0.3811338017436404
Lesley Ugochukwu,Rennes,Chelsea,Ligue 1,Premier League,2023-2024,-2.0143626163474124,0.2893977930656923,True,-2.303760409413105
Lesley Ugochukwu,Chelsea,Southampton,Premier League,Premier League,2024-2025,0.2893977930656923,0.9858508847728676,False,-0.6964530917071754
Levi Colwill,Brighton,Chelsea,Premier League,Premier League,2023-2024,-0.841519115708131,0.4740517609728947,False,-1.3155708766810257
Lewis Hall,Chelsea,Newcastle United,Premier League,Premier League,2023-2024,-1.277894793468061,-0.5666890426914843,False,-0.7112057507765766
Lorenzo Colombo,Lecce,Empoli,Serie A,Serie A,2024-2025,0.6799910044991098,0.4790498427226151,False,0.20094116177649468
Lorenzo Venuti,Fiorentina,Lecce,Serie A,Serie A,2023-2024,-0.9987016703092576,-0.2342042079100021,False,-0.7644974623992555
Loum Tchaouna,Salernitana,Lazio,Serie A,Serie A,2024-2025,0.0745260439840294,0.4679159988041554,False,-0.393389954820126
Lovro Majer,Rennes,Wolfsburg,Ligue 1,Bundesliga,2024-2025,0.2745953344296037,0.5057775792604815,True,-0.2311822448308778
Loïs Openda,Lens,RB Leipzig,Ligue 1,Bundesliga,2023-2024,0.0177956214054759,-0.0709420786916457,True,0.0887377000971216
Luca Mazzitelli,Frosinone,Como,Serie A,Serie A,2024-2025,0.8372008774489501,0.6875455221667828,False,0.14965535528216733
Luca Pellegrini,Eintracht Frankfurt,Lazio,Bundesliga,Serie A,2023-2024,1.1618580922703927,-0.3396675477625006,True,1.5015256400328933
Luca Pfeiffer,Stuttgart,Darmstadt 98,Bundesliga,Bundesliga,2023-2024,0.6214842609196474,0.2125695652139168,False,0.4089146957057306
Luca Waldschmidt,Wolfsburg,Köln,Bundesliga,Bundesliga,2023-2024,0.4775437104359259,1.3393005356416676,False,-0.8617568252057417
Lucas Boyé,Elche,Granada,La Liga,La Liga,2023-2024,-0.8220903439541196,-0.2114775195081542,False,-0.6106128244459654
Lucas Hernández,Bayern Munich,Paris Saint-Germain,Bundesliga,Ligue 1,2023-2024,0.7237330288092103,0.8610327410145793,True,-0.13729971220536896
Lucas Tousart,Hertha BSC,Union Berlin,Bundesliga,Bundesliga,2023-2024,0.6456161350144232,0.8868589911785296,False,-0.24124285616410646
Ludovic Ajorque,Mainz 05,Brest,Bundesliga,Ligue 1,2024-2025,0.5110845489350417,0.1176116469999311,True,0.39347290193511064
Ludovic Blas,Nantes,Rennes,Ligue 1,Ligue 1,2023-2024,0.0059345850324348,0.4482357512626418,False,-0.442301166230207
Luis Sinisterra,Leeds United,Bournemouth,Premier League,Premier League,2023-2024,0.485787774478549,0.6894253972545457,False,-0.20363762277599667
Luka Jović,Fiorentina,Milan,Serie A,Serie A,2024-2025,0.0629840241308503,-0.06722298258377,False,0.13020700671462032
Luka Romero,Lazio,Alavés,Serie A,La Liga,2024-2025,-0.2862205845729217,2.199314108136884,True,-2.485534692709806
Luke Thomas,Leicester City,Sheffield United,Premier League,Premier League,2023-2024,-0.657632992145265,0.6369677637370028,False,-1.2946007558822679
Luke Thomas,Sheffield United,Leicester City,Premier League,Premier League,2024-2025,0.3586212568899682,-0.7169315576944832,False,1.0755528145844515
M'Bala Nzola,Spezia,Fiorentina,Serie A,Serie A,2023-2024,-0.0314821618803673,-0.2846115486343201,False,0.2531293867539528
M'Bala Nzola,Fiorentina,Lens,Serie A,Ligue 1,2024-2025,-0.2846115486343201,0.223544558455627,True,-0.5081561070899471
Mahmoud Dahoud,Dortmund,Eintracht Frankfurt,Bundesliga,Bundesliga,2024-2025,0.253310670385682,0.6526714516997671,False,-0.39936078131408514
Malang Sarr,Monaco,Lens,Ligue 1,Ligue 1,2024-2025,1.6421032001328442,1.1398170927632023,False,0.5022861073696419
Malo Gusto,Lyon,Chelsea,Ligue 1,Premier League,2023-2024,-0.5675199083795608,-0.2877021198615601,True,-0.2798177885180007
Mama Samba Baldé,Troyes,Lyon,Ligue 1,Ligue 1,2023-2024,-0.9562055230834954,-1.1731625648974244,False,0.21695704181392905
Manor Solomon,Fulham,Tottenham Hotspur,Premier League,Premier League,2023-2024,-0.1462359020606065,-0.0805763862254043,False,-0.06565951583520219
Manu Koné,Gladbach,Roma,Bundesliga,Serie A,2024-2025,0.5219201430067208,0.5512552270582773,True,-0.029335084051556493
Manu Sánchez,Osasuna,Celta Vigo,La Liga,La Liga,2023-2024,1.597603955281178,0.5770094706883455,False,1.0205944845928325
Manu Sánchez,Celta Vigo,Alavés,La Liga,La Liga,2024-2025,0.3882344731940357,0.8910814462435166,False,-0.5028469730494809
Manuel Ugarte,Paris Saint-Germain,Manchester Utd,Ligue 1,Premier League,2024-2025,0.3968983832685282,0.3985180471627423,True,-0.001619663894214085
Marash Kumbulla,Roma,Sassuolo,Serie A,Serie A,2023-2024,0.9165768928719428,1.9045964672196585,False,-0.9880195743477157
Marash Kumbulla,Sassuolo,Espanyol,Serie A,La Liga,2024-2025,1.9045964672196585,1.7197823602556213,True,0.18481410696403722
Marc Roca,Leeds United,Real Betis,Premier League,La Liga,2023-2024,-0.10293989874949,0.4768670171338112,True,-0.5798069158833012
Marc-Oliver Kempf,Hertha BSC,Como,Bundesliga,Serie A,2024-2025,-0.0586944062806722,-0.0010046485396308,True,-0.057689757741041396
Marco Asensio,Real Madrid,Paris Saint-Germain,La Liga,Ligue 1,2023-2024,0.4639464521347012,0.3904236764837563,True,0.0735227756509449
Marco Benassi,Fiorentina,Cremonese,Serie A,Serie A,2022-2023,0.355545837829986,1.3150570098503174,False,-0.9595111720203313
Marco Brescianini,Frosinone,Atalanta,Serie A,Serie A,2024-2025,-0.3637087656224818,0.3545624440627044,False,-0.7182712096851862
Marco Carnesecchi,Cremonese,Atalanta,Serie A,Serie A,2023-2024,-0.4767337678797503,-1.754095519811024,False,1.2773617519312737
Marco Richter,Hertha BSC,Mainz 05,Bundesliga,Bundesliga,2023-2024,-0.8843380355103481,-0.0984521538298182,False,-0.7858858816805299
Marco Sportiello,Atalanta,Milan,Serie A,Serie A,2023-2024,-0.2156222470486781,-0.7354486301408958,False,0.5198263830922176
Marcos Alonso,Barcelona,Celta Vigo,La Liga,La Liga,2024-2025,-0.1364087675754213,0.661511908536939,False,-0.7979206761123603
Marcos André,Valencia,Valladolid,La Liga,La Liga,2024-2025,0.2630591153583985,1.0296722139029484,False,-0.7666130985445498
Marcus Pedersen,Sassuolo,Torino,Serie A,Serie A,2024-2025,-0.5972992239796611,0.2541198909562894,False,-0.8514191149359505
Marcus Thuram,Gladbach,Inter,Bundesliga,Serie A,2023-2024,-0.0570330219061538,-0.0583150105074352,True,0.0012819886012813975
Mariano,Real Madrid,Sevilla,La Liga,La Liga,2023-2024,0.7909225964691391,0.3900615319673619,False,0.4008610645017772
Marin Pongračić,Lecce,Fiorentina,Serie A,Serie A,2024-2025,0.8651918378059591,0.1698328081710105,False,0.6953590296349486
Marius Bülter,Schalke 04,Hoffenheim,Bundesliga,Bundesliga,2023-2024,-0.2655523403858097,0.0030181523974004,False,-0.2685704927832101
Marius Wolf,Dortmund,Augsburg,Bundesliga,Bundesliga,2024-2025,-0.1675605904438253,0.3775710576897939,False,-0.5451316481336191
Mark Flekken,Freiburg,Brentford,Bundesliga,Premier League,2023-2024,-1.0461583948589972,-0.4090313281376865,True,-0.6371270667213107
Marko Arnautović,Bologna,Inter,Serie A,Serie A,2023-2024,0.5542362922363715,-0.4037780572213343,False,0.9580143494577058
Marko Dmitrović,Sevilla,Leganés,La Liga,La Liga,2024-2025,-0.4479429085856203,-0.4780246756636064,False,0.0300817670779861
Marquinhos,Paris Saint-Germain,Nantes,Ligue 1,Ligue 1,2023-2024,0.5555458978169305,3.9981686432752728,False,-3.4426227454583422
Marquinhos,Nantes,Paris Saint-Germain,Ligue 1,Ligue 1,2024-2025,3.9981686432752728,0.4486709754452995,False,3.5494976678299732
Martin Erlic,Sassuolo,Bologna,Serie A,Serie A,2024-2025,-1.1178377064466911,-0.0311147556258966,False,-1.0867229508207945
Martin Hongla,Valladolid,Granada,La Liga,La Liga,2023-2024,0.6404378795721435,0.449773257439146,False,0.1906646221329975
Martin Satriano,Empoli,Brest,Serie A,Ligue 1,2023-2024,-0.073914446366901,0.2874669329607773,True,-0.36138137932767833
Martin Terrier,Rennes,Leverkusen,Ligue 1,Bundesliga,2024-2025,0.2741915412434839,-0.0191505981965605,True,0.2933421394400444
Mason Greenwood,Getafe,Marseille,La Liga,Ligue 1,2024-2025,0.7586453752260311,0.4976984522883416,True,0.26094692293768956
Mason Mount,Chelsea,Manchester Utd,Premier League,Premier League,2023-2024,-0.287808543084763,1.2606848822461585,False,-1.5484934253309215
Mateo Kovačić,Chelsea,Manchester City,Premier League,Premier League,2023-2024,-0.5757842002520945,-0.0496554434824929,False,-0.5261287567696016
Mateo Retegui,Genoa,Atalanta,Serie A,Serie A,2024-2025,0.3822467674679899,-0.5128489686080879,False,0.8950957360760778
Mateu Morey,Dortmund,Mallorca,Bundesliga,La Liga,2024-2025,-0.4773091844628219,-0.1117764824623108,True,-0.3655327020005111
Mateusz Wieteska,Clermont Foot,Cagliari,Ligue 1,Serie A,2024-2025,-0.3311650810698712,-0.412216880824138,True,0.0810517997542668
Matheus Nunes,Wolves,Manchester City,Premier League,Premier League,2024-2025,0.9348931696305538,0.0029120610807087,False,0.9319811085498451
Mathias Honsak,Darmstadt 98,Heidenheim,Bundesliga,Bundesliga,2024-2025,-0.50124405693977,-0.4762228894798106,False,-0.025021167459959415
Matija Nastasić,Mallorca,Leganés,La Liga,La Liga,2024-2025,-0.5784794190720834,-0.1287995051560742,False,-0.44967991391600926
Mats Hummels,Dortmund,Roma,Bundesliga,Serie A,2024-2025,0.4007224130046616,-0.0714866800845346,True,0.47220909308919623
Matteo Cancellieri,Lazio,Empoli,Serie A,Serie A,2023-2024,0.5111530288639905,1.2319411773114002,False,-0.7207881484474097
Matteo Cancellieri,Empoli,Parma,Serie A,Serie A,2024-2025,1.2319411773114002,0.6565527437128225,False,0.5753884335985777
Matthijs de Ligt,Bayern Munich,Manchester Utd,Bundesliga,Premier League,2024-2025,0.8844576059410691,0.4510506847925519,True,0.43340692114851725
Mattia De Sciglio,Juventus,Empoli,Serie A,Serie A,2024-2025,-0.3404569666397723,0.0572878697532814,False,-0.3977448363930537
Mattia Viti,Nice,Sassuolo,Ligue 1,Serie A,2023-2024,0.8473540827004165,0.5701563501478599,True,0.27719773255255653
Mattia Viti,Sassuolo,Empoli,Serie A,Serie A,2024-2025,0.5701563501478599,0.2960524253855308,False,0.27410392476232914
Mattéo Guendouzi,Marseille,Lazio,Ligue 1,Serie A,2024-2025,0.7788917934560935,-0.1258480814628537,True,0.9047398749189473
Matz Sels,Strasbourg,Nottingham Forest,Ligue 1,Premier League,2024-2025,-0.0863458685982454,-0.800199107998953,True,0.7138532394007076
Matìas Soulé,Juventus,Roma,Serie A,Serie A,2024-2025,-2.634328247185442,0.6036268721259628,False,-3.2379551193114047
Max Kilman,Wolves,West Ham United,Premier League,Premier League,2024-2025,-0.6454949009340556,0.2731820532379316,False,-0.9186769541719872
Maxence Lacroix,Wolfsburg,Crystal Palace,Bundesliga,Premier League,2024-2025,1.1278380534030088,-0.1713959966581768,True,1.2992340500611856
Maximilian Beier,Hoffenheim,Dortmund,Bundesliga,Bundesliga,2024-2025,-0.338814932190127,0.2908813538029982,False,-0.6296962859931252
Maximilian Mittelstädt,Hertha BSC,Stuttgart,Bundesliga,Bundesliga,2023-2024,0.1766307913147127,-0.1414215420761451,False,0.3180523333908578
Maximilian Wöber,Leeds United,Gladbach,Premier League,Bundesliga,2023-2024,0.1363248405452424,-0.0001514810482099,True,0.1364763215934523
Maximiliano Caufriez,Clermont Foot,Valencia,Ligue 1,La Liga,2024-2025,0.3564231501134305,-1.125275398004371,True,1.4816985481178016
Mehdi Bourabia,Spezia,Frosinone,Serie A,Serie A,2023-2024,-0.168867809895655,0.4486139286616435,False,-0.6174817385572985
Michael Olise,Crystal Palace,Bayern Munich,Premier League,Bundesliga,2024-2025,0.8459992341312503,0.1009686678899584,True,0.7450305662412919
Michel Ndary Adopo,Torino,Atalanta,Serie A,Serie A,2023-2024,-1.7421392212537707,-0.335429682410167,False,-1.4067095388436037
Michel Ndary Adopo,Atalanta,Cagliari,Serie A,Serie A,2024-2025,-0.335429682410167,-0.2796531858771605,False,-0.05577649653300654
Michele Cerofolini,Fiorentina,Frosinone,Serie A,Serie A,2023-2024,-0.90608214670916,0.9265708839305642,False,-1.8326530306397242
Michele Di Gregorio,Monza,Juventus,Serie A,Serie A,2024-2025,0.4268868305486091,-0.0332607490220873,False,0.4601475795706964
Micky van de Ven,Wolfsburg,Tottenham Hotspur,Bundesliga,Premier League,2023-2024,-0.6652018252022707,-0.1383234776170834,True,-0.5268783475851873
Mikael Ellertsson,Spezia,Venezia,Serie A,Serie A,2024-2025,0.6814937683966438,0.2644803244737748,False,0.417013443922869
Mikel Merino,Real Sociedad,Arsenal,La Liga,Premier League,2024-2025,0.2801791353616885,-0.2461471197275546,True,0.5263262550892431
Mikkel Kaufmann,Union Berlin,Heidenheim,Bundesliga,Bundesliga,2024-2025,0.0813775854919427,1.0055357178620703,False,-0.9241581323701276
Milan Škriniar,Inter,Paris Saint-Germain,Serie A,Ligue 1,2023-2024,0.3584025342951111,0.6169742882340259,True,-0.2585717539389148
Mitchel Bakker,Leverkusen,Atalanta,Bundesliga,Serie A,2023-2024,0.1115078350700216,1.1626634096708113,True,-1.0511555746007897
Mohamed Ali Cho,Real Sociedad,Nice,La Liga,Ligue 1,2024-2025,-0.3895719941389171,-0.1780101660953033,True,-0.2115618280436138
Mohamed Camara,Roma,Monaco,Serie A,Ligue 1,2023-2024,-0.5480700673654866,0.038584848182376,True,-0.5866549155478625
Mohamed Lamine Bayo,Lille,Le Havre,Ligue 1,Ligue 1,2023-2024,-0.6803169081983125,0.2511010832726086,False,-0.9314179914709211
Mohamed Lamine Bayo,Le Havre,Lille,Ligue 1,Ligue 1,2024-2025,0.2511010832726086,-0.1426339416980031,False,0.39373502497061175
Mohammed Salisu,Southampton,Monaco,Premier League,Ligue 1,2023-2024,0.1408121420046715,0.5025989710606833,True,-0.3617868290560118
Moise Kean,Juventus,Fiorentina,Serie A,Serie A,2024-2025,-0.003214031937551,-0.7262649578111677,False,0.7230509258736167
Moisés Caicedo,Brighton,Chelsea,Premier League,Premier League,2023-2024,1.066095256026074,0.5066694619097714,False,0.5594257941163026
Morgan Guilavogui,Lens,St Pauli,Ligue 1,Bundesliga,2024-2025,-0.1889620154943081,0.5950819700962668,True,-0.784043985590575
Moritz Jenz,Wolfsburg,Mainz 05,Bundesliga,Bundesliga,2024-2025,0.0674538662599246,0.1658260349702747,False,-0.09837216871035011
Morten Thorsby,Union Berlin,Genoa,Bundesliga,Serie A,2023-2024,0.2303635680980349,-0.2038950548110421,True,0.434258622909077
Moussa Diaby,Leverkusen,Aston Villa,Bundesliga,Premier League,2023-2024,-0.3223314700003854,0.3295159242908383,True,-0.6518473942912237
Moussa Diarra,Toulouse,Alavés,Ligue 1,La Liga,2024-2025,-0.8409665203237324,-0.0248019704124509,True,-0.8161645499112815
Moussa Niakhate,Nottingham Forest,Lyon,Premier League,Ligue 1,2024-2025,0.0202504548328175,0.6541840677446373,True,-0.6339336129118198
Munir El Haddadi,Las Palmas,Leganés,La Liga,La Liga,2024-2025,0.6099768070252995,0.9027191226584196,False,-0.29274231563312003
Myron Boadu,Monaco,Bochum,Ligue 1,Bundesliga,2024-2025,0.0869120343462732,1.049852661650398,True,-0.9629406273041248
Nabil Bentaleb,Angers,Lille,Ligue 1,Ligue 1,2023-2024,0.2956878852926046,-0.4269070701781228,False,0.7225949554707274
Naby Keïta,Liverpool,Werder Bremen,Premier League,Bundesliga,2023-2024,0.5823860724633967,1.162800285598843,True,-0.5804142131354464
Nadiem Amiri,Leverkusen,Mainz 05,Bundesliga,Bundesliga,2024-2025,0.1640953932314097,0.1197036030430886,False,0.04439179018832111
Nadir Zortea,Sassuolo,Atalanta,Serie A,Serie A,2022-2023,-0.3491025204259586,-0.8836125439347597,False,0.5345100235088012
Nadir Zortea,Atalanta,Cagliari,Serie A,Serie A,2024-2025,-0.8836125439347597,-0.1751414181973434,False,-0.7084711257374163
Nampalys Mendy,Leicester City,Lens,Premier League,Ligue 1,2024-2025,0.1455147344655323,0.5071481373004758,True,-0.3616334028349435
Natan,Napoli,Real Betis,Serie A,La Liga,2024-2025,0.0359882834810338,0.7124770122978301,True,-0.6764887288167963
Nathan Collins,Wolves,Brentford,Premier League,Premier League,2023-2024,0.5125091925601701,0.3327198784994536,False,0.17978931406071652
Nayef Aguerd,West Ham United,Real Sociedad,Premier League,La Liga,2024-2025,-0.1703988725479686,0.4358687198193678,True,-0.6062675923673364
Nemanja Matić,Roma,Lyon,Serie A,Ligue 1,2024-2025,0.2639326464180112,0.4307334909990317,True,-0.1668008445810205
Nick Woltemade,Werder Bremen,Stuttgart,Bundesliga,Bundesliga,2024-2025,-0.97308448079308,-0.860313178657572,False,-0.11277130213550801
Niclas Füllkrug,Werder Bremen,West Ham United,Bundesliga,Premier League,2024-2025,0.2376596588095427,-0.0425975601804324,True,0.28025721898997513
Nicolas Jackson,Villarreal,Chelsea,La Liga,Premier League,2023-2024,-1.0455147432670877,-0.831235187829801,True,-0.21427955543728672
Nicolás Domínguez,Bologna,Nottingham Forest,Serie A,Premier League,2024-2025,-0.2122472824141663,-0.4759385181184541,True,0.2636912357042878
Nicolás González,Valencia,Fiorentina,La Liga,Serie A,2023-2024,1.7355427940776398,0.2998237892563544,True,1.4357190048212853
Nicolás González,Fiorentina,Juventus,Serie A,Serie A,2024-2025,0.2998237892563544,-0.0790391555013698,False,0.3788629447577242
Nicolò Cambiaghi,Empoli,Bologna,Serie A,Serie A,2024-2025,0.4628091779168315,0.0139139426729055,False,0.448895235243926
Nicolò Zaniolo,Roma,Aston Villa,Serie A,Premier League,2023-2024,0.8278605387137716,-0.1718131390116184,True,0.9996736777253901
Niklas Schmidt,Werder Bremen,Toulouse,Bundesliga,Ligue 1,2023-2024,-1.519954294090267,0.3277268347895692,True,-1.8476811288798363
Nikola Milenković,Fiorentina,Nottingham Forest,Serie A,Premier League,2024-2025,0.918820109626381,0.5537180122510215,True,0.3651020973753596
Noussair Mazraoui,Bayern Munich,Manchester Utd,Bundesliga,Premier League,2024-2025,0.0092673286189768,-0.1649551686565527,True,0.1742224972755295
Nuno Tavares,Marseille,Nottingham Forest,Ligue 1,Premier League,2023-2024,0.0501591868041888,0.1797622069167452,True,-0.1296030201125564
Nuno Tavares,Nottingham Forest,Lazio,Premier League,Serie A,2024-2025,0.1797622069167452,0.631783577028429,True,-0.45202137011168386
Obite N'Dicka,Eintracht Frankfurt,Roma,Bundesliga,Serie A,2023-2024,0.4746420709727896,0.761033133588672,True,-0.2863910626158824
Oier Zarraga,Athletic Club,Udinese,La Liga,Serie A,2023-2024,-1.5296508541890574,-0.2704606336715027,True,-1.2591902205175547
Ola Aina,Torino,Nottingham Forest,Serie A,Premier League,2023-2024,0.4444706953302457,0.0174510728452066,True,0.4270196224850391
Ola Solbakken,Roma,Empoli,Serie A,Serie A,2024-2025,-0.7204263267831124,0.116166747354244,False,-0.8365930741373564
Oliver Christensen,Hertha BSC,Fiorentina,Bundesliga,Serie A,2023-2024,-0.5512784608285486,-0.1303691019524979,True,-0.4209093588760507
Oliver McBurnie,Sheffield United,Las Palmas,Premier League,La Liga,2024-2025,0.0570508091528747,0.1758372816403834,True,-0.1187864724875087
Oliver Skipp,Tottenham Hotspur,Leicester City,Premier League,Premier League,2024-2025,-0.1256473407580749,0.354654585789703,False,-0.4803019265477779
Omar Marmoush,Wolfsburg,Eintracht Frankfurt,Bundesliga,Bundesliga,2023-2024,-2.0425651135465426,-0.2489357231240365,False,-1.793629390422506
Omar Mascarell,Elche,Mallorca,La Liga,La Liga,2023-2024,0.4066847666565838,-0.0826170575587372,False,0.48930182421532104
Oriol Romeu,Barcelona,Girona,La Liga,La Liga,2024-2025,-1.109025808067187,0.9963576090217092,False,-2.1053834170888965
Ousmane Dembélé,Barcelona,Paris Saint-Germain,La Liga,Ligue 1,2023-2024,0.9857743141878784,1.5089723533455288,True,-0.5231980391576504
Pablo Fornals,West Ham United,Real Betis,Premier League,La Liga,2024-2025,0.1222054594750989,0.2353186151209136,True,-0.1131131556458147
Pablo Torre,Barcelona,Girona,La Liga,La Liga,2023-2024,-1.5687499355209926,-0.5802116526431131,False,-0.9885382828778795
Pablo Torre,Girona,Barcelona,La Liga,La Liga,2024-2025,-0.5802116526431131,-3.06009448881766,False,2.479882836174547
Pape Gueye,Marseille,Villarreal,Ligue 1,La Liga,2024-2025,-0.0988015359806233,-0.2307229133510908,True,0.1319213773704675
Pascal Groß,Brighton,Dortmund,Premier League,Bundesliga,2024-2025,-0.384495222454273,-0.2972987177423274,True,-0.08719650471194557
Pasquale Mazzocchi,Salernitana,Napoli,Serie A,Serie A,2024-2025,-1.1537704486868368,-0.5015282200877333,False,-0.6522422285991034
Patrick Osterhage,Bochum,Freiburg,Bundesliga,Bundesliga,2024-2025,0.1706968420288763,0.4989842649754372,False,-0.3282874229465609
Pau Torres,Villarreal,Aston Villa,La Liga,Premier League,2023-2024,0.751017994357845,0.1985251300636452,True,0.5524928642941997
Pedro Neto,Wolves,Chelsea,Premier League,Premier League,2024-2025,0.216633415985612,-0.1146282653565933,False,0.3312616813422053
Pepe Reina,Villarreal,Como,La Liga,Serie A,2024-2025,0.201000542850247,-0.2154409854729539,True,0.4164415283232009
Pere Milla,Elche,Espanyol,La Liga,La Liga,2024-2025,-0.7322750055989502,-0.8684361527648292,False,0.13616114716587902
Pierre Kalulu,Milan,Juventus,Serie A,Serie A,2024-2025,0.2565224957838214,-0.3280503604151974,False,0.5845728561990189
Piotr Zieliński,Napoli,Inter,Serie A,Serie A,2024-2025,0.5547990176424111,0.321708571362965,False,0.23309044627944614
Pol Lirola,Frosinone,Marseille,Serie A,Ligue 1,2024-2025,0.3440510048452587,-0.5379477295246105,True,0.8819987343698692
Pontus Almqvist,Lecce,Parma,Serie A,Serie A,2024-2025,0.4866084410675295,0.4243539145484707,False,0.06225452651905877
Portu,Getafe,Girona,La Liga,La Liga,2024-2025,0.5227803227600649,0.1876288986474126,False,0.3351514241126523
Quentin Merlin,Nantes,Marseille,Ligue 1,Ligue 1,2024-2025,-1.544021464162194,-0.0016417897489429,False,-1.5423796744132512
Rafa Marín,Alavés,Napoli,La Liga,Serie A,2024-2025,-0.6041576249656035,0.4687487656117479,True,-1.0729063905773515
Rafa Mir,Sevilla,Valencia,La Liga,La Liga,2024-2025,-0.4933162593123832,0.0628040654310222,False,-0.5561203247434054
Rafael Borré,Eintracht Frankfurt,Werder Bremen,Bundesliga,Bundesliga,2023-2024,0.6030651870249191,0.7807250387346443,False,-0.1776598517097252
Raheem Sterling,Chelsea,Arsenal,Premier League,Premier League,2024-2025,0.184264484876973,0.0366006461595844,False,0.14766383871738858
Ramy Bensebaini,Gladbach,Dortmund,Bundesliga,Bundesliga,2023-2024,-0.2781161792965765,0.2521810103725954,False,-0.5302971896691719
Raoul Bellanova,Inter,Torino,Serie A,Serie A,2023-2024,-0.061879156820801,0.3792555301020908,False,-0.4411346869228918
Raphaël Guerreiro,Dortmund,Bayern Munich,Bundesliga,Bundesliga,2023-2024,-0.638392800949326,-0.4349940196723558,False,-0.20339878127697025
Rasmus Højlund,Atalanta,Manchester Utd,Serie A,Premier League,2023-2024,-0.476059586108386,-0.1932297349969083,True,-0.28282985111147774
Rasmus Kristensen,Leeds United,Roma,Premier League,Serie A,2023-2024,0.0713994186066191,-0.2795967672930732,True,0.3509961858996923
Rasmus Kristensen,Roma,Eintracht Frankfurt,Serie A,Bundesliga,2024-2025,-0.2135939737051959,0.608814759505016,True,-0.8224087332102119
Raúl Jiménez,Wolves,Fulham,Premier League,Premier League,2023-2024,0.7355458920926736,0.4262792227455989,False,0.30926666934707475
Reinier,Girona,Frosinone,La Liga,Serie A,2023-2024,0.6303676359794252,0.4516303834061066,True,0.17873725257331863
Remo Freuler,Nottingham Forest,Bologna,Premier League,Serie A,2024-2025,-0.5066318604690885,-0.3111366925301517,True,-0.1954951679389368
Renato Sanches,Paris Saint-Germain,Roma,Ligue 1,Serie A,2023-2024,0.2764755776127021,0.6805932138582662,True,-0.4041176362455641
Renato Tapia,Celta Vigo,Leganés,La Liga,La Liga,2024-2025,-1.2128390201554833,0.6679289381945228,False,-1.880767958350006
Ricardo Rodríguez,Torino,Real Betis,Serie A,La Liga,2024-2025,0.0847726191912876,0.2656003142695002,True,-0.1808276950782126
Riccardo Calafiori,Bologna,Arsenal,Serie A,Premier League,2024-2025,0.2232624423639144,0.5969233613575895,True,-0.3736609189936751
Riccardo Marchizza,Sassuolo,Frosinone,Serie A,Serie A,2023-2024,0.5709743198142867,0.5526878382669373,False,0.018286481547349354
Riccardo Saponara,Fiorentina,Hellas Verona,Serie A,Serie A,2023-2024,-0.881565493909763,0.6719954402415667,False,-1.5535609341513297
Ridgeciano Haps,Genoa,Venezia,Serie A,Serie A,2024-2025,0.7161766416386417,1.0370579802971278,False,-0.3208813386584861
Robert Sánchez,Brighton,Chelsea,Premier League,Premier League,2023-2024,0.3602465200340106,0.1163039766967894,False,0.2439425433372212
Roberto Gagliardini,Inter,Monza,Serie A,Serie A,2023-2024,-0.3230235331068147,0.4218440533540679,False,-0.7448675864608826
Roberto Navarro,Real Sociedad,Mallorca,La Liga,La Liga,2024-2025,-0.3591779462714424,0.581458373395833,False,-0.9406363196672753
Robin Gosens,Inter,Union Berlin,Serie A,Bundesliga,2023-2024,0.1200016830618011,0.6123765429264587,True,-0.4923748598646576
Robin Gosens,Union Berlin,Fiorentina,Bundesliga,Serie A,2024-2025,0.5475920363611433,0.0194714576947721,True,0.5281205786663712
Robin Koch,Leeds United,Eintracht Frankfurt,Premier League,Bundesliga,2023-2024,-0.2036230037260935,0.4048132637970401,True,-0.6084362675231336
Robin Le Normand,Real Sociedad,Atlético Madrid,La Liga,La Liga,2024-2025,0.5143701255127269,0.4856347856146854,False,0.028735339898041445
Rodri,Manchester City,Real Betis,Premier League,La Liga,2024-2025,0.0254707709338966,2.215629539580755,True,-2.1901587686468584
Rodrigo Riquelme,Girona,Atlético Madrid,La Liga,La Liga,2023-2024,-0.5830974271145646,-1.2407016343790485,False,0.6576042072644839
Rogério,Sassuolo,Wolfsburg,Serie A,Bundesliga,2023-2024,0.5858315065705284,0.3928593822056534,True,0.192972124364875
Romain Perraud,Southampton,Nice,Premier League,Ligue 1,2023-2024,0.2002925587704886,1.051257824487008,True,-0.8509652657165195
Romain Perraud,Nice,Real Betis,Ligue 1,La Liga,2024-2025,1.051257824487008,0.1874464720079274,True,0.8638113524790807
Romelu Lukaku,Inter,Roma,Serie A,Serie A,2023-2024,0.2282129216466977,0.0703826948710997,False,0.157830226775598
Romelu Lukaku,Roma,Napoli,Serie A,Serie A,2024-2025,0.0703826948710997,0.0033359486824231,False,0.0670467461886766
Rominigue Kouamé,Troyes,Cádiz,Ligue 1,La Liga,2023-2024,0.3485574095959105,0.2443525532907333,True,0.10420485630517717
Roméo Lavia,Southampton,Chelsea,Premier League,Premier League,2024-2025,0.8655864623328178,-0.1932255683362971,False,1.058812030669115
Ronaël Pierre-Gabriel,Strasbourg,Nantes,Ligue 1,Ligue 1,2023-2024,-0.1407965474460049,0.4873952609462879,False,-0.6281918083922928
Ross Barkley,Nice,Luton Town,Ligue 1,Premier League,2023-2024,0.2052515430784591,0.0321400530354925,True,0.1731114900429666
Ruben Aguilar,Monaco,Lens,Ligue 1,Ligue 1,2024-2025,-0.5550364537790724,0.8014479134336501,False,-1.3564843672127225
Ruben Loftus-Cheek,Chelsea,Milan,Premier League,Serie A,2023-2024,-0.2619587129856935,0.0094926748109944,True,-0.2714513877966879
Rui Patrício,Roma,Atalanta,Serie A,Serie A,2024-2025,-0.0348793586070215,0.3616655065210015,False,-0.396544865128023
Ryan Fraser,Newcastle United,Southampton,Premier League,Premier League,2024-2025,-0.4468824258749055,0.1874892711045213,False,-0.6343716969794269
Ryan Gravenberch,Bayern Munich,Liverpool,Bundesliga,Premier League,2024-2025,1.0389925248375995,0.7085208540480323,True,0.3304716707895672
Ryan Sessegnon,Tottenham Hotspur,Fulham,Premier League,Premier League,2024-2025,0.2353607390870014,0.2218832749297572,False,0.013477464157244184
Rémy Descamps,Nantes,Lyon,Ligue 1,Ligue 1,2024-2025,-1.7650830784268283,-0.927011080621032,False,-0.8380719978057963
Răzvan Marin,Empoli,Cagliari,Serie A,Serie A,2024-2025,0.1095118912358952,0.0101524803273918,False,0.0993594109085034
Samu Castillejo,Valencia,Sassuolo,La Liga,Serie A,2023-2024,0.1775497467928968,-0.1378777963337611,True,0.3154275431266579
Samu Costa,Almería,Mallorca,La Liga,La Liga,2023-2024,-0.4640111963121196,0.5441892466397409,False,-1.0082004429518605
Samuel Chukwueze,Villarreal,Milan,La Liga,Serie A,2023-2024,-0.7912235413327959,0.4788629236971573,True,-1.2700864650299533
Samuel Gigot,Marseille,Lazio,Ligue 1,Serie A,2024-2025,-0.1513083553686947,0.3410256055702874,True,-0.4923339609389821
Samuel Iling-Junior,Juventus,Bologna,Serie A,Serie A,2024-2025,-0.4523759704614747,0.243575504337544,False,-0.6959514747990188
Samuel Lino,Valencia,Atlético Madrid,La Liga,La Liga,2023-2024,-0.4166495818190885,-0.5697009302246538,False,0.15305134840556534
Samuel Umtiti,Lecce,Lille,Serie A,Ligue 1,2023-2024,2.475112355722949,1.0531905434275188,True,1.4219218122954302
Sander Berge,Burnley,Fulham,Premier League,Premier League,2024-2025,0.1421239298881378,0.2372515234958232,False,-0.09512759360768541
Sandro Tonali,Milan,Newcastle United,Serie A,Premier League,2024-2025,0.6764660757402847,0.4206534681072469,True,0.2558126076330378
Santi Comesaña,Rayo Vallecano,Villarreal,La Liga,La Liga,2023-2024,0.1503959427615591,-0.4457323849866341,False,0.5961283277481932
Santiago Bueno,Girona,Wolves,La Liga,Premier League,2024-2025,-1.3710876788421338,0.1601140700275216,True,-1.5312017488696554
Sardar Azmoun,Leverkusen,Roma,Bundesliga,Serie A,2023-2024,0.0512525555647283,-0.4959371940680324,True,0.5471897496327607
Saïd Benrahma,West Ham United,Lyon,Premier League,Ligue 1,2024-2025,-0.2788937598983576,0.4599327001501354,True,-0.738826460048493
Saúl Coco,Las Palmas,Torino,La Liga,Serie A,2024-2025,-0.975185904337728,0.1634515430557837,True,-1.1386374473935117
Saúl Ñíguez,Atlético Madrid,Sevilla,La Liga,La Liga,2024-2025,1.1241910177729757,0.4657694887134465,False,0.6584215290595292
Scott McKenna,Nottingham Forest,Las Palmas,Premier League,La Liga,2024-2025,-0.5651664691339509,1.082522505275687,True,-1.647688974409638
Sead Kolašinac,Marseille,Atalanta,Ligue 1,Serie A,2023-2024,-0.1619744615421012,0.2882263426835845,True,-0.4502008042256857
Sebastiano Luperto,Empoli,Cagliari,Serie A,Serie A,2024-2025,0.6457482601296363,0.2964315101920416,False,0.34931674993759465
Sekou Mara,Southampton,Strasbourg,Premier League,Ligue 1,2024-2025,0.6884284549109392,0.9829249045321742,True,-0.294496449621235
Selim Amallah,Valencia,Valladolid,La Liga,La Liga,2024-2025,-1.3490890849352477,-0.6539787579306395,False,-0.6951103270046082
Sepp van den Berg,Mainz 05,Brentford,Bundesliga,Premier League,2024-2025,-0.3124983196618913,-0.1821143064384234,True,-0.13038401322346788
Sergi Cardona,Las Palmas,Villarreal,La Liga,La Liga,2024-2025,-0.9828283415767628,-0.2548857350478943,False,-0.7279426065288686
Sergi Darder,Espanyol,Mallorca,La Liga,La Liga,2023-2024,0.5232988983209115,0.7210836073915701,False,-0.1977847090706586
Sergi Roberto,Barcelona,Como,La Liga,Serie A,2024-2025,-0.8179665324303436,0.3654906731769909,True,-1.1834572056073345
Sergio Akieme,Almería,Reims,La Liga,Ligue 1,2024-2025,-1.2400702888159945,0.0568293539010937,True,-1.2968996427170882
Sergio Gómez,Manchester City,Real Sociedad,Premier League,La Liga,2024-2025,0.1241227544733867,0.3859561803277973,True,-0.2618334258544106
Sergio Ramos,Paris Saint-Germain,Sevilla,Ligue 1,La Liga,2023-2024,0.2273156240712825,-0.2706111252414835,True,0.49792674931276604
Sergio Reguilón,Atlético Madrid,Tottenham Hotspur,La Liga,Premier League,2024-2025,0.4181321022252664,-0.5099687708297012,True,0.9281008730549676
Serhou Guirassy,Stuttgart,Dortmund,Bundesliga,Bundesliga,2024-2025,0.0328055126350079,0.0730147100667792,False,-0.0402091974317713
Sheraldo Becker,Union Berlin,Real Sociedad,Bundesliga,La Liga,2024-2025,-0.7532985285058693,-0.7461963671954077,True,-0.007102161310461597
Siebe Van Der Heyden,Mallorca,St Pauli,La Liga,Bundesliga,2024-2025,0.4500047195562544,1.102088613815667,True,-0.6520838942594125
Simone Bastoni,Spezia,Empoli,Serie A,Serie A,2023-2024,-1.3094870899995978,-0.2919168544080612,False,-1.0175702355915366
Simone Romagnoli,Lecce,Frosinone,Serie A,Serie A,2023-2024,0.0400192017845419,-0.4009553347327301,False,0.440974536517272
Simone Verdi,Hellas Verona,Como,Serie A,Serie A,2024-2025,1.0925624918988088,-0.0757477759483933,False,1.1683102678472022
Sinaly Diomande,Lyon,Auxerre,Ligue 1,Ligue 1,2024-2025,-0.2942244855967146,0.8399483727730868,False,-1.1341728583698014
Stefan Bajcetic,Liverpool,Las Palmas,Premier League,La Liga,2024-2025,1.0633851254719635,2.809135256551354,True,-1.7457501310793904
Stefano Turati,Frosinone,Monza,Serie A,Serie A,2024-2025,1.106629947525981,0.5874345317953242,False,0.5191954157306569
Stephy Mavididi,Montpellier,Leicester City,Ligue 1,Premier League,2024-2025,0.1861923582899969,-1.77587148098217,True,1.962063839272167
Steve Mounié,Brest,Augsburg,Ligue 1,Bundesliga,2024-2025,-0.1273672025298395,0.6963168363211665,True,-0.8236840388510059
Stole Dimitrievski,Rayo Vallecano,Valencia,La Liga,La Liga,2024-2025,-0.3119657343629676,0.2138052400573329,False,-0.5257709744203005
Suat Serdar,Hertha BSC,Hellas Verona,Bundesliga,Serie A,2023-2024,1.0378904867472,0.9995024035395428,True,0.0383880832076573
Sven Michel,Union Berlin,Augsburg,Bundesliga,Bundesliga,2023-2024,-0.4800325888990251,-0.2411217684556845,False,-0.2389108204433406
Sávio,Girona,Manchester City,La Liga,Premier League,2024-2025,0.8661192450834001,-0.4966001754039624,True,1.3627194204873625
Takuma Asano,Bochum,Mallorca,Bundesliga,La Liga,2024-2025,-0.752254171229664,-0.1815288943843906,True,-0.5707252768452734
Tanguy Coulibaly,Stuttgart,Montpellier,Bundesliga,Ligue 1,2024-2025,-0.6349270992918825,-0.1828664665336816,True,-0.4520606327582009
Tanguy Ndombele,Napoli,Nice,Serie A,Ligue 1,2024-2025,0.499947282312009,1.1693888598251636,True,-0.6694415775131546
Tete Morente,Elche,Lecce,La Liga,Serie A,2024-2025,-0.2729300234184695,-0.0592252862855211,True,-0.2137047371329484
Teun Koopmeiners,Atalanta,Juventus,Serie A,Serie A,2024-2025,0.0533344380634641,0.2693093666811634,False,-0.2159749286176993
Thijs Dallinga,Toulouse,Bologna,Ligue 1,Serie A,2024-2025,-1.355081581650241,0.6476486446286707,True,-2.0027302262789117
Thilo Kehrer,West Ham United,Monaco,Premier League,Ligue 1,2024-2025,0.5528929808868526,0.364309448697842,True,0.18858353218901058
Thomas Meunier,Dortmund,Lille,Bundesliga,Ligue 1,2024-2025,0.5674231006552493,0.8758702911346674,True,-0.30844719047941815
Tiago Tomás,Stuttgart,Wolfsburg,Bundesliga,Bundesliga,2023-2024,-0.6126428950146732,0.162273911258973,False,-0.7749168062736462
Tim Iroegbunam,Aston Villa,Everton,Premier League,Premier League,2024-2025,-1.4671526409490188,-0.217043005863621,False,-1.2501096350853977
Tim Kleindienst,Heidenheim,Gladbach,Bundesliga,Bundesliga,2024-2025,0.5111611179667701,-0.3092964663550699,False,0.82045758432184
Tim Skarke,Darmstadt 98,Union Berlin,Bundesliga,Bundesliga,2024-2025,-0.4706631351217076,-0.3107127329190504,False,-0.15995040220265722
Timo Werner,RB Leipzig,Tottenham Hotspur,Bundesliga,Premier League,2024-2025,0.777039630158157,0.3287245898041018,True,0.4483150403540552
Timothee Pembele,Paris Saint-Germain,Le Havre,Ligue 1,Ligue 1,2024-2025,-1.6980033884478,0.7863316460498737,False,-2.484335034497674
Timothy Castagne,Leicester City,Fulham,Premier League,Premier League,2023-2024,0.0850064494266167,0.085802070751118,False,-0.0007956213245012972
Timothy Weah,Lille,Juventus,Ligue 1,Serie A,2023-2024,0.0757131955316854,0.1094305157282402,True,-0.033717320196554795
Tom Davies,Everton,Sheffield United,Premier League,Premier League,2023-2024,-0.3479292111206842,0.7903918077847951,False,-1.1383210189054793
Tom Krauß,Schalke 04,Mainz 05,Bundesliga,Bundesliga,2023-2024,0.2793466910723836,1.1108627115277443,False,-0.8315160204553607
Tommaso Augello,Sampdoria,Cagliari,Serie A,Serie A,2023-2024,-0.738774541654184,-0.2597268183328811,False,-0.4790477233213029
Tommaso Baldanzi,Empoli,Roma,Serie A,Serie A,2024-2025,0.6059516203307371,0.2259475895086158,False,0.3800040308221213
Tommaso Pobega,Milan,Bologna,Serie A,Serie A,2024-2025,-0.3167052002855737,0.3740274538763231,False,-0.6907326541618968
Toni Lato,Valencia,Mallorca,La Liga,La Liga,2023-2024,0.4994283666846346,0.9571223003188116,False,-0.45769393363417704
Tosin Adarabioyo,Fulham,Chelsea,Premier League,Premier League,2024-2025,-0.0980747232801242,-0.3726433779460851,False,0.2745686546659609
Tyler Adams,Leeds United,Bournemouth,Premier League,Premier League,2023-2024,0.4228865589487665,0.9272353966566717,False,-0.5043488377079052
Unai Núñez,Celta Vigo,Athletic Club,La Liga,La Liga,2024-2025,0.392080685264105,0.2393187877260238,False,0.1527618975380812
Valentin Gendrey,Lecce,Hoffenheim,Serie A,Bundesliga,2024-2025,-1.8043988704313083,0.6174747257594095,True,-2.421873596190718
Valentín Castellanos,Girona,Lazio,La Liga,Serie A,2023-2024,0.1478310629909689,-0.4026836638637601,True,0.550514726854729
Valery Fernández,Girona,Mallorca,La Liga,La Liga,2024-2025,-0.4123671146067043,-0.171212273532765,False,-0.24115484107393928
Vicente Guaita,Crystal Palace,Celta Vigo,Premier League,La Liga,2023-2024,0.1216837646518147,0.1746505735575176,True,-0.05296680890570289
Viktor Kovalenko,Spezia,Empoli,Serie A,Serie A,2023-2024,1.6596696727110185,-0.3180275302707898,False,1.9776972029818083
Vinicius Souza,Espanyol,Sheffield United,La Liga,Premier League,2023-2024,-0.4598375448813971,0.6077274973466711,True,-1.0675650422280683
Vitinha,Paris Saint-Germain,Marseille,Ligue 1,Ligue 1,2022-2023,0.2177512225059725,1.0492215737917832,False,-0.8314703512858106
Vitinha,Marseille,Paris Saint-Germain,Ligue 1,Ligue 1,2023-2024,1.0492215737917832,-0.181774027917374,False,1.2309956017091572
Waldemar Anton,Stuttgart,Dortmund,Bundesliga,Bundesliga,2024-2025,-0.6885445671870816,-0.1964120835023113,False,-0.49213248368477025
Wataru Endo,Stuttgart,Liverpool,Bundesliga,Premier League,2023-2024,-0.7908790956101459,-0.8743306067009513,True,0.0834515110908054
Wilfried Singo,Torino,Monaco,Serie A,Ligue 1,2023-2024,-1.093504265903169,0.144861848252642,True,-1.238366114155811
William Osula,Sheffield United,Newcastle United,Premier League,Premier League,2024-2025,0.356432789303966,-0.6436890529354145,False,1.0001218422393805
Willian Pacho,Eintracht Frankfurt,Paris Saint-Germain,Bundesliga,Ligue 1,2024-2025,0.1303466953071623,-0.1138182442147197,True,0.244164939521882
Wilson Odobert,Troyes,Burnley,Ligue 1,Premier League,2023-2024,-0.8615385212807567,0.0354893826673912,True,-0.8970279039481479
Wilson Odobert,Burnley,Tottenham Hotspur,Premier League,Premier League,2024-2025,0.0354893826673912,-0.278539567474386,False,0.31402895014177723
Wojciech Szczęsny,Juventus,Barcelona,Serie A,La Liga,2024-2025,0.7594000604039177,-0.4184145127271286,True,1.1778145731310463
Wout Weghorst,Manchester Utd,Hoffenheim,Premier League,Bundesliga,2023-2024,-1.7972663886553324,-0.2153362416093696,True,-1.5819301470459628
Yacine Adli,Milan,Fiorentina,Serie A,Serie A,2024-2025,-0.7404415822701527,-0.5497216098658022,False,-0.19071997240435046
Yan Couto,Girona,Dortmund,La Liga,Bundesliga,2024-2025,-0.1417822527172489,-0.5327054666418523,True,0.3909232139246034
Yannik Keitel,Freiburg,Stuttgart,Bundesliga,Bundesliga,2024-2025,-0.9377657275027538,0.1248517083679079,False,-1.0626174358706617
Yasser Larouci,Troyes,Sheffield United,Ligue 1,Premier League,2023-2024,-2.3993728268049725,0.0579690793228806,True,-2.457341906127853
Yerry Mina,Everton,Cagliari,Premier League,Serie A,2024-2025,0.7249306911073496,0.3831494092768501,True,0.34178128183049955
Yoann Salmier,Troyes,Le Havre,Ligue 1,Ligue 1,2023-2024,-0.0287594335110554,0.1521997359266649,False,-0.18095916943772028
Youri Tielemans,Leicester City,Aston Villa,Premier League,Premier League,2023-2024,-0.3220369859659282,0.4683509351809434,False,-0.7903879211468716
Youssouf Fofana,Monaco,Milan,Ligue 1,Serie A,2024-2025,-1.076269202515018,0.3015674653661797,True,-1.3778366678811977
Youssoufa Moukoko,Dortmund,Nice,Bundesliga,Ligue 1,2024-2025,1.1934853274280537,1.3108121032143227,True,-0.11732677578626904
Yunis Abdelhamid,Reims,Saint-Étienne,Ligue 1,Ligue 1,2024-2025,0.1844834939272068,0.6285203861451141,False,-0.44403689221790726
Yunus Musah,Valencia,Milan,La Liga,Serie A,2023-2024,1.053737006354524,0.547352372668195,True,0.5063846336863289
Álex Moreno,Aston Villa,Nottingham Forest,Premier League,Premier League,2024-2025,-0.8774128635942109,-0.4100460149820755,False,-0.4673668486121354
Álvaro Aguado,Valladolid,Espanyol,La Liga,La Liga,2024-2025,-1.5708652162489631,0.0566096955587056,False,-1.6274749118076688
Álvaro Fernández,Espanyol,Sevilla,La Liga,La Liga,2024-2025,0.4745187282277587,-0.5177635353435974,False,0.9922822635713562
Álvaro Morata,Atlético Madrid,Milan,La Liga,Serie A,2024-2025,0.4865834369275195,0.4339986805092248,True,0.05258475641829469
Çağlar Söyüncü,Leicester City,Atlético Madrid,Premier League,La Liga,2023-2024,0.1342834255316205,0.6141789964872277,True,-0.4798955709556072
Édgar González,Real Betis,Almería,La Liga,La Liga,2023-2024,-0.0378131086286028,0.3439417422737278,False,-0.38175485090233063
Óscar Rodríguez Arnaiz,Celta Vigo,Getafe,La Liga,La Liga,2023-2024,0.1923749811177284,0.2656480700478738,False,-0.07327308893014536
Óscar Rodríguez Arnaiz,Getafe,Leganés,La Liga,La Liga,2024-2025,0.2656480700478738,0.8185406786453644,False,-0.5528926085974906
Đorđe Petrović,Chelsea,Strasbourg,Premier League,Ligue 1,2024-2025,-0.8539844351130785,0.7981823805961099,True,-1.6521668157091884
İlkay Gündoğan,Manchester City,Barcelona,Premier League,La Liga,2023-2024,-0.3912517038466365,0.0427700804412864,True,-0.4340217842879229
İlkay Gündoğan,Barcelona,Manchester City,La Liga,Premier League,2024-2025,0.0427700804412864,0.0237953234660572,True,0.0189747569752292
